Store,Cluster Manager,Division,Section,Department,Assort,Promo Type,Brand,MNF,Design No,Colour,RSP,Option,Size,Ref,Sales Qty,Stk Qty,Sales Value
AD,Pintu Singh,LADIES ETHNIC,KURTI,KURTI SHORT,PRINT 38_46,FRESH,WAYSIDE,GEETA,ODP CUT,BLACK,200,LADIES ETHNICKURTIKURTI SHORTPRINT 38_46FRESHWAYSIDEGEETAODP CUTBLACK200,S/86 cm,ADLADIES ETHNICKURTIKURTI SHORT,4,1,200.00
AD,Pintu Singh,LADIES ETHNIC,KURTI,KURTI SHORT,PRINT 38_46,FRESH,WAYSIDE,GEETA,ODP CUT,BROWN,200,LADIES ETHNICKURTIKURTI SHORTPRINT 38_46FRESHWAYSIDEGEETAODP CUTBROWN200,2XL/1.07 m,ADLADIES ETHNICKURTIKURTI SHORT,4,3,600.00
AD,Pintu Singh,LADIES ETHNIC,KURTI,KURTI SHORT,PRINT 38_46,FRESH,WAYSIDE,GEETA,ODP CUT,BROWN,200,LADIES ETHNICKURTIKURTI SHORTPRINT 38_46FRESHWAYSIDEGEETAODP CUTBROWN200,3XL/1.12 m,ADLADIES ETHNICKURTIKURTI SHORT,4,2,400.00
AD,Pintu Singh,LADIES ETHNIC,KURTI,KURTI SHORT,PRINT 38_46,FRESH,WAYSIDE,GEETA,ODP CUT,BROWN,200,LADIES ETHNICKURTIKURTI SHORTPRINT 38_46FRESHWAYSIDEGEETAODP CUTBROWN200,M/91 cm,ADLADIES ETHNICKURTIKURTI SHORT,4,4,800.00
AD,Pintu Singh,LADIES ETHNIC,KURTI,KURTI SHORT,PRINT 38_46,FRESH,WAYSIDE,GEETA,ODP CUT,BROWN,200,LADIES ETHNICKURTIKURTI SHORTPRINT 38_46FRESHWAYSIDEGEETAODP CUTBROWN200,S/86 cm,ADLADIES ETHNICKURTIKURTI SHORT,4,2,400.00
AD,Pintu Singh,LADIES ETHNIC,KURTI,KURTI SHORT,PRINT 38_46,FRESH,WAYSIDE,GEETA,ODP CUT,BROWN,200,LADIES ETHNICKURTIKURTI SHORTPRINT 38_46FRESHWAYSIDEGEETAODP CUTBROWN200,XL/1.02 m,ADLADIES ETHNICKURTIKURTI SHORT,4,3,600.00
AD,Pintu Singh,LADIES ETHNIC,KURTI,KURTI SHORT,PRINT 38_46,FRESH,WAYSIDE,GEETA,ODP CUT,CORAL,200,LADIES ETHNICKURTIKURTI SHORTPRINT 38_46FRESHWAYSIDEGEETAODP CUTCORAL200,2XL/1.07 m,ADLADIES ETHNICKURTIKURTI SHORT,4,1,200.00
AD,Pintu Singh,LADIES ETHNIC,KURTI,KURTI SHORT,PRINT 38_46,FRESH,WAYSIDE,GEETA,ODP CUT,CORAL,200,LADIES ETHNICKURTIKURTI SHORTPRINT 38_46FRESHWAYSIDEGEETAODP CUTCORAL200,3XL/1.12 m,ADLADIES ETHNICKURTIKURTI SHORT,4,4,800.00
AD,Pintu Singh,LADIES ETHNIC,KURTI,KURTI SHORT,PRINT 38_46,FRESH,WAYSIDE,GEETA,ODP CUT,CORAL,200,LADIES ETHNICKURTIKURTI SHORTPRINT 38_46FRESHWAYSIDEGEETAODP CUTCORAL200,M/91 cm,ADLADIES ETHNICKURTIKURTI SHORT,4,1,200.00
AD,Pintu Singh,LADIES ETHNIC,KURTI,KURTI SHORT,PRINT 38_46,FRESH,WAYSIDE,GEETA,ODP CUT,CORAL,200,LADIES ETHNICKURTIKURTI SHORTPRINT 38_46FRESHWAYSIDEGEETAODP CUTCORAL200,XL/1.02 m,ADLADIES ETHNICKURTIKURTI SHORT,4,1,200.00
AD,Pintu Singh,LADIES ETHNIC,KURTI,KURTI SHORT,PRINT 38_46,FRESH,WAYSIDE,GEETA,ODP CUT,CREAM,200,LADIES ETHNICKURTIKURTI SHORTPRINT 38_46FRESHWAYSIDEGEETAODP CUTCREAM200,2XL/1.07 m,ADLADIES ETHNICKURTIKURTI SHORT,4,5,1000.00
AD,Pintu Singh,LADIES ETHNIC,KURTI,KURTI SHORT,PRINT 38_46,FRESH,WAYSIDE,GEETA,ODP CUT,CREAM,200,LADIES ETHNICKURTIKURTI SHORTPRINT 38_46FRESHWAYSIDEGEETAODP CUTCREAM200,3XL/1.12 m,ADLADIES ETHNICKURTIKURTI SHORT,4,1,200.00
AD,Pintu Singh,LADIES ETHNIC,KURTI,KURTI SHORT,PRINT 38_46,FRESH,WAYSIDE,GEETA,ODP CUT,CREAM,200,LADIES ETHNICKURTIKURTI SHORTPRINT 38_46FRESHWAYSIDEGEETAODP CUTCREAM200,L/97 cm,ADLADIES ETHNICKURTIKURTI SHORT,4,2,400.00
AD,Pintu Singh,LADIES ETHNIC,KURTI,KURTI SHORT,PRINT 38_46,FRESH,WAYSIDE,GEETA,ODP CUT,CREAM,200,LADIES ETHNICKURTIKURTI SHORTPRINT 38_46FRESHWAYSIDEGEETAODP CUTCREAM200,M/91 cm,ADLADIES ETHNICKURTIKURTI SHORT,4,2,400.00
AD,Pintu Singh,LADIES ETHNIC,KURTI,KURTI SHORT,PRINT 38_46,FRESH,WAYSIDE,GEETA,ODP CUT,CREAM,200,LADIES ETHNICKURTIKURTI SHORTPRINT 38_46FRESHWAYSIDEGEETAODP CUTCREAM200,XL/1.02 m,ADLADIES ETHNICKURTIKURTI SHORT,4,1,200.00
AD,Pintu Singh,LADIES ETHNIC,KURTI,KURTI SHORT,PRINT 38_46,FRESH,WAYSIDE,GEETA,ODP CUT,GREEN,200,LADIES ETHNICKURTIKURTI SHORTPRINT 38_46FRESHWAYSIDEGEETAODP CUTGREEN200,2XL/1.07 m,ADLADIES ETHNICKURTIKURTI SHORT,4,4,800.00
AD,Pintu Singh,LADIES ETHNIC,KURTI,KURTI SHORT,PRINT 38_46,FRESH,WAYSIDE,GEETA,ODP CUT,GREEN,200,LADIES ETHNICKURTIKURTI SHORTPRINT 38_46FRESHWAYSIDEGEETAODP CUTGREEN200,L/97 cm,ADLADIES ETHNICKURTIKURTI SHORT,4,1,200.00
AD,Pintu Singh,LADIES ETHNIC,KURTI,KURTI SHORT,PRINT 38_46,FRESH,WAYSIDE,GEETA,ODP CUT,GREEN,200,LADIES ETHNICKURTIKURTI SHORTPRINT 38_46FRESHWAYSIDEGEETAODP CUTGREEN200,M/91 cm,ADLADIES ETHNICKURTIKURTI SHORT,4,3,600.00
AD,Pintu Singh,LADIES ETHNIC,KURTI,KURTI SHORT,PRINT 38_46,FRESH,WAYSIDE,GEETA,ODP CUT,GREEN,200,LADIES ETHNICKURTIKURTI SHORTPRINT 38_46FRESHWAYSIDEGEETAODP CUTGREEN200,S/86 cm,ADLADIES ETHNICKURTIKURTI SHORT,4,4,800.00
AD,Pintu Singh,LADIES ETHNIC,KURTI,KURTI SHORT,PRINT 38_46,FRESH,WAYSIDE,GEETA,ODP CUT,GREEN,200,LADIES ETHNICKURTIKURTI SHORTPRINT 38_46FRESHWAYSIDEGEETAODP CUTGREEN200,XL/1.02 m,ADLADIES ETHNICKURTIKURTI SHORT,4,4,800.00
AD,Pintu Singh,LADIES ETHNIC,KURTI,KURTI SHORT,PRINT 38_46,FRESH,WAYSIDE,GEETA,ODP CUT,LAVENDER,200,LADIES ETHNICKURTIKURTI SHORTPRINT 38_46FRESHWAYSIDEGEETAODP CUTLAVENDER200,2XL/1.07 m,ADLADIES ETHNICKURTIKURTI SHORT,4,4,800.00
AD,Pintu Singh,LADIES ETHNIC,KURTI,KURTI SHORT,PRINT 38_46,FRESH,WAYSIDE,GEETA,ODP CUT,LAVENDER,200,LADIES ETHNICKURTIKURTI SHORTPRINT 38_46FRESHWAYSIDEGEETAODP CUTLAVENDER200,3XL/1.12 m,ADLADIES ETHNICKURTIKURTI SHORT,4,3,600.00
AD,Pintu Singh,LADIES ETHNIC,KURTI,KURTI SHORT,PRINT 38_46,FRESH,WAYSIDE,GEETA,ODP CUT,LAVENDER,200,LADIES ETHNICKURTIKURTI SHORTPRINT 38_46FRESHWAYSIDEGEETAODP CUTLAVENDER200,S/86 cm,ADLADIES ETHNICKURTIKURTI SHORT,4,1,200.00
AD,Pintu Singh,LADIES ETHNIC,KURTI,KURTI SHORT,PRINT 38_46,FRESH,WAYSIDE,GEETA,ODP CUT,PINK,200,LADIES ETHNICKURTIKURTI SHORTPRINT 38_46FRESHWAYSIDEGEETAODP CUTPINK200,2XL/1.07 m,ADLADIES ETHNICKURTIKURTI SHORT,4,5,1000.00
AD,Pintu Singh,LADIES ETHNIC,KURTI,KURTI SHORT,PRINT 38_46,FRESH,WAYSIDE,GEETA,ODP CUT,PINK,200,LADIES ETHNICKURTIKURTI SHORTPRINT 38_46FRESHWAYSIDEGEETAODP CUTPINK200,3XL/1.12 m,ADLADIES ETHNICKURTIKURTI SHORT,4,4,800.00
AD,Pintu Singh,LADIES ETHNIC,KURTI,KURTI SHORT,PRINT 38_46,FRESH,WAYSIDE,GEETA,ODP CUT,PINK,200,LADIES ETHNICKURTIKURTI SHORTPRINT 38_46FRESHWAYSIDEGEETAODP CUTPINK200,L/97 cm,ADLADIES ETHNICKURTIKURTI SHORT,4,6,1200.00
AD,Pintu Singh,LADIES ETHNIC,KURTI,KURTI SHORT,PRINT 38_46,FRESH,WAYSIDE,GEETA,ODP CUT,PINK,200,LADIES ETHNICKURTIKURTI SHORTPRINT 38_46FRESHWAYSIDEGEETAODP CUTPINK200,M/91 cm,ADLADIES ETHNICKURTIKURTI SHORT,4,10,2000.00
AD,Pintu Singh,LADIES ETHNIC,KURTI,KURTI SHORT,PRINT 38_46,FRESH,WAYSIDE,GEETA,ODP CUT,PINK,200,LADIES ETHNICKURTIKURTI SHORTPRINT 38_46FRESHWAYSIDEGEETAODP CUTPINK200,S/86 cm,ADLADIES ETHNICKURTIKURTI SHORT,4,2,400.00
AD,Pintu Singh,LADIES ETHNIC,KURTI,KURTI SHORT,PRINT 38_46,FRESH,WAYSIDE,GEETA,ODP CUT,PINK,200,LADIES ETHNICKURTIKURTI SHORTPRINT 38_46FRESHWAYSIDEGEETAODP CUTPINK200,XL/1.02 m,ADLADIES ETHNICKURTIKURTI SHORT,4,5,1000.00
AD,Pintu Singh,LADIES ETHNIC,KURTI,KURTI SHORT,PRINT 38_46,FRESH,WAYSIDE,GEETA,ODP CUT,PISTA,200,LADIES ETHNICKURTIKURTI SHORTPRINT 38_46FRESHWAYSIDEGEETAODP CUTPISTA200,2XL/1.07 m,ADLADIES ETHNICKURTIKURTI SHORT,4,1,200.00
AD,Pintu Singh,LADIES ETHNIC,KURTI,KURTI SHORT,PRINT 38_46,FRESH,WAYSIDE,GEETA,ODP CUT,PISTA,200,LADIES ETHNICKURTIKURTI SHORTPRINT 38_46FRESHWAYSIDEGEETAODP CUTPISTA200,3XL/1.12 m,ADLADIES ETHNICKURTIKURTI SHORT,4,2,400.00
AD,Pintu Singh,LADIES ETHNIC,KURTI,KURTI SHORT,PRINT 38_46,FRESH,WAYSIDE,GEETA,ODP CUT,PISTA,200,LADIES ETHNICKURTIKURTI SHORTPRINT 38_46FRESHWAYSIDEGEETAODP CUTPISTA200,M/91 cm,ADLADIES ETHNICKURTIKURTI SHORT,4,1,200.00
AD,Pintu Singh,LADIES ETHNIC,KURTI,KURTI SHORT,PRINT 38_46,FRESH,WAYSIDE,GEETA,ODP CUT,PISTA,200,LADIES ETHNICKURTIKURTI SHORTPRINT 38_46FRESHWAYSIDEGEETAODP CUTPISTA200,S/86 cm,ADLADIES ETHNICKURTIKURTI SHORT,4,1,200.00
AD,Pintu Singh,LADIES ETHNIC,KURTI,KURTI SHORT,PRINT 38_46,FRESH,WAYSIDE,GEETA,ODP CUT,PISTA,200,LADIES ETHNICKURTIKURTI SHORTPRINT 38_46FRESHWAYSIDEGEETAODP CUTPISTA200,XL/1.02 m,ADLADIES ETHNICKURTIKURTI SHORT,4,2,400.00
AL,Visal Kumar,LADIES ETHNIC,KURTI,KURTI SHORT,PRINT 38_46,FRESH,WAYSIDE,GEETA,ODP CUT,BROWN,200,LADIES ETHNICKURTIKURTI SHORTPRINT 38_46FRESHWAYSIDEGEETAODP CUTBROWN200,2XL/1.07 m,ALLADIES ETHNICKURTIKURTI SHORT,8,1,200.00
AL,Visal Kumar,LADIES ETHNIC,KURTI,KURTI SHORT,PRINT 38_46,FRESH,WAYSIDE,GEETA,ODP CUT,BROWN,200,LADIES ETHNICKURTIKURTI SHORTPRINT 38_46FRESHWAYSIDEGEETAODP CUTBROWN200,3XL/1.12 m,ALLADIES ETHNICKURTIKURTI SHORT,8,1,200.00
AL,Visal Kumar,LADIES ETHNIC,KURTI,KURTI SHORT,PRINT 38_46,FRESH,WAYSIDE,GEETA,ODP CUT,LAVENDER,200,LADIES ETHNICKURTIKURTI SHORTPRINT 38_46FRESHWAYSIDEGEETAODP CUTLAVENDER200,2XL/1.07 m,ALLADIES ETHNICKURTIKURTI SHORT,8,2,400.00
AL,Visal Kumar,LADIES ETHNIC,KURTI,KURTI SHORT,PRINT 38_46,FRESH,WAYSIDE,GEETA,ODP CUT,LAVENDER,200,LADIES ETHNICKURTIKURTI SHORTPRINT 38_46FRESHWAYSIDEGEETAODP CUTLAVENDER200,L/97 cm,ALLADIES ETHNICKURTIKURTI SHORT,8,1,200.00
AL,Visal Kumar,LADIES ETHNIC,KURTI,KURTI SHORT,PRINT 38_46,FRESH,WAYSIDE,GEETA,ODP CUT,LAVENDER,200,LADIES ETHNICKURTIKURTI SHORTPRINT 38_46FRESHWAYSIDEGEETAODP CUTLAVENDER200,S/86 cm,ALLADIES ETHNICKURTIKURTI SHORT,8,1,200.00
AL,Visal Kumar,LADIES ETHNIC,KURTI,KURTI SHORT,PRINT 38_46,FRESH,WAYSIDE,GEETA,ODP CUT,MUSTARD,200,LADIES ETHNICKURTIKURTI SHORTPRINT 38_46FRESHWAYSIDEGEETAODP CUTMUSTARD200,2XL/1.07 m,ALLADIES ETHNICKURTIKURTI SHORT,8,2,400.00
AL,Visal Kumar,LADIES ETHNIC,KURTI,KURTI SHORT,PRINT 38_46,FRESH,WAYSIDE,GEETA,ODP CUT,MUSTARD,200,LADIES ETHNICKURTIKURTI SHORTPRINT 38_46FRESHWAYSIDEGEETAODP CUTMUSTARD200,3XL/1.12 m,ALLADIES ETHNICKURTIKURTI SHORT,8,1,200.00
AL,Visal Kumar,LADIES ETHNIC,KURTI,KURTI SHORT,PRINT 38_46,FRESH,WAYSIDE,GEETA,ODP CUT,MUSTARD,250,LADIES ETHNICKURTIKURTI SHORTPRINT 38_46FRESHWAYSIDEGEETAODP CUTMUSTARD250,4XL/1.17 m,ALLADIES ETHNICKURTIKURTI SHORT,8,2,500.00
AL,Visal Kumar,LADIES ETHNIC,KURTI,KURTI SHORT,PRINT 38_46,FRESH,WAYSIDE,GEETA,ODP CUT,NAVY,200,LADIES ETHNICKURTIKURTI SHORTPRINT 38_46FRESHWAYSIDEGEETAODP CUTNAVY200,2XL/1.07 m,ALLADIES ETHNICKURTIKURTI SHORT,8,1,200.00
AL,Visal Kumar,LADIES ETHNIC,KURTI,KURTI SHORT,PRINT 38_46,FRESH,WAYSIDE,GEETA,ODP CUT,NAVY,200,LADIES ETHNICKURTIKURTI SHORTPRINT 38_46FRESHWAYSIDEGEETAODP CUTNAVY200,L/97 cm,ALLADIES ETHNICKURTIKURTI SHORT,8,3,600.00
AL,Visal Kumar,LADIES ETHNIC,KURTI,KURTI SHORT,PRINT 38_46,FRESH,WAYSIDE,GEETA,ODP CUT,NAVY,200,LADIES ETHNICKURTIKURTI SHORTPRINT 38_46FRESHWAYSIDEGEETAODP CUTNAVY200,M/91 cm,ALLADIES ETHNICKURTIKURTI SHORT,8,3,600.00
AL,Visal Kumar,LADIES ETHNIC,KURTI,KURTI SHORT,PRINT 38_46,FRESH,WAYSIDE,GEETA,ODP CUT,NAVY,200,LADIES ETHNICKURTIKURTI SHORTPRINT 38_46FRESHWAYSIDEGEETAODP CUTNAVY200,S/86 cm,ALLADIES ETHNICKURTIKURTI SHORT,8,2,400.00
AL,Visal Kumar,LADIES ETHNIC,KURTI,KURTI SHORT,PRINT 38_46,FRESH,WAYSIDE,GEETA,ODP CUT,NAVY,200,LADIES ETHNICKURTIKURTI SHORTPRINT 38_46FRESHWAYSIDEGEETAODP CUTNAVY200,XL/1.02 m,ALLADIES ETHNICKURTIKURTI SHORT,8,1,200.00
AL,Visal Kumar,LADIES ETHNIC,KURTI,KURTI SHORT,PRINT 38_46,FRESH,WAYSIDE,GEETA,ODP CUT,NAVY,250,LADIES ETHNICKURTIKURTI SHORTPRINT 38_46FRESHWAYSIDEGEETAODP CUTNAVY250,4XL/1.17 m,ALLADIES ETHNICKURTIKURTI SHORT,8,2,500.00
AL,Visal Kumar,LADIES ETHNIC,KURTI,KURTI SHORT,PRINT 38_46,FRESH,WAYSIDE,GEETA,ODP CUT,NAVY,250,LADIES ETHNICKURTIKURTI SHORTPRINT 38_46FRESHWAYSIDEGEETAODP CUTNAVY250,5XL/1.21 m,ALLADIES ETHNICKURTIKURTI SHORT,8,1,250.00
AL,Visal Kumar,LADIES ETHNIC,KURTI,KURTI SHORT,PRINT 38_46,FRESH,WAYSIDE,GEETA,ODP CUT,PINK,200,LADIES ETHNICKURTIKURTI SHORTPRINT 38_46FRESHWAYSIDEGEETAODP CUTPINK200,2XL/1.07 m,ALLADIES ETHNICKURTIKURTI SHORT,8,3,600.00
AL,Visal Kumar,LADIES ETHNIC,KURTI,KURTI SHORT,PRINT 38_46,FRESH,WAYSIDE,GEETA,ODP CUT,PINK,200,LADIES ETHNICKURTIKURTI SHORTPRINT 38_46FRESHWAYSIDEGEETAODP CUTPINK200,3XL/1.12 m,ALLADIES ETHNICKURTIKURTI SHORT,8,1,200.00
AL,Visal Kumar,LADIES ETHNIC,KURTI,KURTI SHORT,PRINT 38_46,FRESH,WAYSIDE,GEETA,ODP CUT,PINK,200,LADIES ETHNICKURTIKURTI SHORTPRINT 38_46FRESHWAYSIDEGEETAODP CUTPINK200,L/97 cm,ALLADIES ETHNICKURTIKURTI SHORT,8,2,400.00
AL,Visal Kumar,LADIES ETHNIC,KURTI,KURTI SHORT,PRINT 38_46,FRESH,WAYSIDE,GEETA,ODP CUT,PINK,200,LADIES ETHNICKURTIKURTI SHORTPRINT 38_46FRESHWAYSIDEGEETAODP CUTPINK200,M/91 cm,ALLADIES ETHNICKURTIKURTI SHORT,8,3,600.00
AL,Visal Kumar,LADIES ETHNIC,KURTI,KURTI SHORT,PRINT 38_46,FRESH,WAYSIDE,GEETA,ODP CUT,PINK,200,LADIES ETHNICKURTIKURTI SHORTPRINT 38_46FRESHWAYSIDEGEETAODP CUTPINK200,S/86 cm,ALLADIES ETHNICKURTIKURTI SHORT,8,1,200.00
AL,Visal Kumar,LADIES ETHNIC,KURTI,KURTI SHORT,PRINT 38_46,FRESH,WAYSIDE,GEETA,ODP CUT,PINK,200,LADIES ETHNICKURTIKURTI SHORTPRINT 38_46FRESHWAYSIDEGEETAODP CUTPINK200,XL/1.02 m,ALLADIES ETHNICKURTIKURTI SHORT,8,4,800.00
AL,Visal Kumar,LADIES ETHNIC,KURTI,KURTI SHORT,PRINT 38_46,FRESH,WAYSIDE,GEETA,ODP CUT,RED,200,LADIES ETHNICKURTIKURTI SHORTPRINT 38_46FRESHWAYSIDEGEETAODP CUTRED200,M/91 cm,ALLADIES ETHNICKURTIKURTI SHORT,8,1,200.00
AL,Visal Kumar,LADIES ETHNIC,KURTI,KURTI SHORT,PRINT 38_46,FRESH,WAYSIDE,GEETA,ODP CUT,WHITE,250,LADIES ETHNICKURTIKURTI SHORTPRINT 38_46FRESHWAYSIDEGEETAODP CUTWHITE250,5XL/1.21 m,ALLADIES ETHNICKURTIKURTI SHORT,8,1,250.00
AP,Manish Singh,LADIES ETHNIC,KURTI,KURTI SHORT,PRINT 38_46,FRESH,WAYSIDE,GEETA,ODP CUT,BROWN,200,LADIES ETHNICKURTIKURTI SHORTPRINT 38_46FRESHWAYSIDEGEETAODP CUTBROWN200,2XL/1.07 m,APLADIES ETHNICKURTIKURTI SHORT,4,2,400.00
AP,Manish Singh,LADIES ETHNIC,KURTI,KURTI SHORT,PRINT 38_46,FRESH,WAYSIDE,GEETA,ODP CUT,BROWN,200,LADIES ETHNICKURTIKURTI SHORTPRINT 38_46FRESHWAYSIDEGEETAODP CUTBROWN200,L/97 cm,APLADIES ETHNICKURTIKURTI SHORT,4,2,400.00
AP,Manish Singh,LADIES ETHNIC,KURTI,KURTI SHORT,PRINT 38_46,FRESH,WAYSIDE,GEETA,ODP CUT,BROWN,200,LADIES ETHNICKURTIKURTI SHORTPRINT 38_46FRESHWAYSIDEGEETAODP CUTBROWN200,M/91 cm,APLADIES ETHNICKURTIKURTI SHORT,4,2,400.00
AP,Manish Singh,LADIES ETHNIC,KURTI,KURTI SHORT,PRINT 38_46,FRESH,WAYSIDE,GEETA,ODP CUT,BROWN,200,LADIES ETHNICKURTIKURTI SHORTPRINT 38_46FRESHWAYSIDEGEETAODP CUTBROWN200,XL/1.02 m,APLADIES ETHNICKURTIKURTI SHORT,4,2,400.00
AP,Manish Singh,LADIES ETHNIC,KURTI,KURTI SHORT,PRINT 38_46,FRESH,WAYSIDE,GEETA,ODP CUT,GREEN,200,LADIES ETHNICKURTIKURTI SHORTPRINT 38_46FRESHWAYSIDEGEETAODP CUTGREEN200,2XL/1.07 m,APLADIES ETHNICKURTIKURTI SHORT,4,6,1200.00
AP,Manish Singh,LADIES ETHNIC,KURTI,KURTI SHORT,PRINT 38_46,FRESH,WAYSIDE,GEETA,ODP CUT,GREEN,200,LADIES ETHNICKURTIKURTI SHORTPRINT 38_46FRESHWAYSIDEGEETAODP CUTGREEN200,3XL/1.12 m,APLADIES ETHNICKURTIKURTI SHORT,4,4,800.00
AP,Manish Singh,LADIES ETHNIC,KURTI,KURTI SHORT,PRINT 38_46,FRESH,WAYSIDE,GEETA,ODP CUT,GREEN,200,LADIES ETHNICKURTIKURTI SHORTPRINT 38_46FRESHWAYSIDEGEETAODP CUTGREEN200,L/97 cm,APLADIES ETHNICKURTIKURTI SHORT,4,5,1000.00
AP,Manish Singh,LADIES ETHNIC,KURTI,KURTI SHORT,PRINT 38_46,FRESH,WAYSIDE,GEETA,ODP CUT,GREEN,200,LADIES ETHNICKURTIKURTI SHORTPRINT 38_46FRESHWAYSIDEGEETAODP CUTGREEN200,M/91 cm,APLADIES ETHNICKURTIKURTI SHORT,4,4,800.00
AP,Manish Singh,LADIES ETHNIC,KURTI,KURTI SHORT,PRINT 38_46,FRESH,WAYSIDE,GEETA,ODP CUT,GREEN,200,LADIES ETHNICKURTIKURTI SHORTPRINT 38_46FRESHWAYSIDEGEETAODP CUTGREEN200,S/86 cm,APLADIES ETHNICKURTIKURTI SHORT,4,2,400.00
AP,Manish Singh,LADIES ETHNIC,KURTI,KURTI SHORT,PRINT 38_46,FRESH,WAYSIDE,GEETA,ODP CUT,GREEN,200,LADIES ETHNICKURTIKURTI SHORTPRINT 38_46FRESHWAYSIDEGEETAODP CUTGREEN200,XL/1.02 m,APLADIES ETHNICKURTIKURTI SHORT,4,9,1800.00
AP,Manish Singh,LADIES ETHNIC,KURTI,KURTI SHORT,PRINT 38_46,FRESH,WAYSIDE,GEETA,ODP CUT,GREY,200,LADIES ETHNICKURTIKURTI SHORTPRINT 38_46FRESHWAYSIDEGEETAODP CUTGREY200,2XL/1.07 m,APLADIES ETHNICKURTIKURTI SHORT,4,4,800.00
AP,Manish Singh,LADIES ETHNIC,KURTI,KURTI SHORT,PRINT 38_46,FRESH,WAYSIDE,GEETA,ODP CUT,GREY,200,LADIES ETHNICKURTIKURTI SHORTPRINT 38_46FRESHWAYSIDEGEETAODP CUTGREY200,3XL/1.12 m,APLADIES ETHNICKURTIKURTI SHORT,4,2,400.00
AP,Manish Singh,LADIES ETHNIC,KURTI,KURTI SHORT,PRINT 38_46,FRESH,WAYSIDE,GEETA,ODP CUT,GREY,200,LADIES ETHNICKURTIKURTI SHORTPRINT 38_46FRESHWAYSIDEGEETAODP CUTGREY200,L/97 cm,APLADIES ETHNICKURTIKURTI SHORT,4,3,600.00
AP,Manish Singh,LADIES ETHNIC,KURTI,KURTI SHORT,PRINT 38_46,FRESH,WAYSIDE,GEETA,ODP CUT,GREY,200,LADIES ETHNICKURTIKURTI SHORTPRINT 38_46FRESHWAYSIDEGEETAODP CUTGREY200,M/91 cm,APLADIES ETHNICKURTIKURTI SHORT,4,2,400.00
AP,Manish Singh,LADIES ETHNIC,KURTI,KURTI SHORT,PRINT 38_46,FRESH,WAYSIDE,GEETA,ODP CUT,GREY,200,LADIES ETHNICKURTIKURTI SHORTPRINT 38_46FRESHWAYSIDEGEETAODP CUTGREY200,S/86 cm,APLADIES ETHNICKURTIKURTI SHORT,4,2,400.00
AP,Manish Singh,LADIES ETHNIC,KURTI,KURTI SHORT,PRINT 38_46,FRESH,WAYSIDE,GEETA,ODP CUT,GREY,200,LADIES ETHNICKURTIKURTI SHORTPRINT 38_46FRESHWAYSIDEGEETAODP CUTGREY200,XL/1.02 m,APLADIES ETHNICKURTIKURTI SHORT,4,3,600.00
AP,Manish Singh,LADIES ETHNIC,KURTI,KURTI SHORT,PRINT 38_46,FRESH,WAYSIDE,GEETA,ODP CUT,LAVENDER,200,LADIES ETHNICKURTIKURTI SHORTPRINT 38_46FRESHWAYSIDEGEETAODP CUTLAVENDER200,2XL/1.07 m,APLADIES ETHNICKURTIKURTI SHORT,4,3,600.00
AP,Manish Singh,LADIES ETHNIC,KURTI,KURTI SHORT,PRINT 38_46,FRESH,WAYSIDE,GEETA,ODP CUT,LAVENDER,200,LADIES ETHNICKURTIKURTI SHORTPRINT 38_46FRESHWAYSIDEGEETAODP CUTLAVENDER200,3XL/1.12 m,APLADIES ETHNICKURTIKURTI SHORT,4,1,200.00
AP,Manish Singh,LADIES ETHNIC,KURTI,KURTI SHORT,PRINT 38_46,FRESH,WAYSIDE,GEETA,ODP CUT,LAVENDER,200,LADIES ETHNICKURTIKURTI SHORTPRINT 38_46FRESHWAYSIDEGEETAODP CUTLAVENDER200,XL/1.02 m,APLADIES ETHNICKURTIKURTI SHORT,4,2,400.00
AP,Manish Singh,LADIES ETHNIC,KURTI,KURTI SHORT,PRINT 38_46,FRESH,WAYSIDE,GEETA,ODP CUT,MUSTARD,200,LADIES ETHNICKURTIKURTI SHORTPRINT 38_46FRESHWAYSIDEGEETAODP CUTMUSTARD200,2XL/1.07 m,APLADIES ETHNICKURTIKURTI SHORT,4,2,400.00
AP,Manish Singh,LADIES ETHNIC,KURTI,KURTI SHORT,PRINT 38_46,FRESH,WAYSIDE,GEETA,ODP CUT,MUSTARD,200,LADIES ETHNICKURTIKURTI SHORTPRINT 38_46FRESHWAYSIDEGEETAODP CUTMUSTARD200,3XL/1.12 m,APLADIES ETHNICKURTIKURTI SHORT,4,2,400.00
AP,Manish Singh,LADIES ETHNIC,KURTI,KURTI SHORT,PRINT 38_46,FRESH,WAYSIDE,GEETA,ODP CUT,MUSTARD,200,LADIES ETHNICKURTIKURTI SHORTPRINT 38_46FRESHWAYSIDEGEETAODP CUTMUSTARD200,L/97 cm,APLADIES ETHNICKURTIKURTI SHORT,4,4,800.00
AP,Manish Singh,LADIES ETHNIC,KURTI,KURTI SHORT,PRINT 38_46,FRESH,WAYSIDE,GEETA,ODP CUT,MUSTARD,200,LADIES ETHNICKURTIKURTI SHORTPRINT 38_46FRESHWAYSIDEGEETAODP CUTMUSTARD200,S/86 cm,APLADIES ETHNICKURTIKURTI SHORT,4,2,400.00
AP,Manish Singh,LADIES ETHNIC,KURTI,KURTI SHORT,PRINT 38_46,FRESH,WAYSIDE,GEETA,ODP CUT,MUSTARD,200,LADIES ETHNICKURTIKURTI SHORTPRINT 38_46FRESHWAYSIDEGEETAODP CUTMUSTARD200,XL/1.02 m,APLADIES ETHNICKURTIKURTI SHORT,4,4,800.00
AP,Manish Singh,LADIES ETHNIC,KURTI,KURTI SHORT,PRINT 38_46,FRESH,WAYSIDE,GEETA,ODP CUT,NAVY,200,LADIES ETHNICKURTIKURTI SHORTPRINT 38_46FRESHWAYSIDEGEETAODP CUTNAVY200,3XL/1.12 m,APLADIES ETHNICKURTIKURTI SHORT,4,1,200.00
AP,Manish Singh,LADIES ETHNIC,KURTI,KURTI SHORT,PRINT 38_46,FRESH,WAYSIDE,GEETA,ODP CUT,NAVY,200,LADIES ETHNICKURTIKURTI SHORTPRINT 38_46FRESHWAYSIDEGEETAODP CUTNAVY200,XL/1.02 m,APLADIES ETHNICKURTIKURTI SHORT,4,3,600.00
AP,Manish Singh,LADIES ETHNIC,KURTI,KURTI SHORT,PRINT 38_46,FRESH,WAYSIDE,GEETA,ODP CUT,PINK,200,LADIES ETHNICKURTIKURTI SHORTPRINT 38_46FRESHWAYSIDEGEETAODP CUTPINK200,2XL/1.07 m,APLADIES ETHNICKURTIKURTI SHORT,4,9,1800.00
AP,Manish Singh,LADIES ETHNIC,KURTI,KURTI SHORT,PRINT 38_46,FRESH,WAYSIDE,GEETA,ODP CUT,PINK,200,LADIES ETHNICKURTIKURTI SHORTPRINT 38_46FRESHWAYSIDEGEETAODP CUTPINK200,3XL/1.12 m,APLADIES ETHNICKURTIKURTI SHORT,4,6,1200.00
AP,Manish Singh,LADIES ETHNIC,KURTI,KURTI SHORT,PRINT 38_46,FRESH,WAYSIDE,GEETA,ODP CUT,PINK,200,LADIES ETHNICKURTIKURTI SHORTPRINT 38_46FRESHWAYSIDEGEETAODP CUTPINK200,L/97 cm,APLADIES ETHNICKURTIKURTI SHORT,4,7,1400.00
AP,Manish Singh,LADIES ETHNIC,KURTI,KURTI SHORT,PRINT 38_46,FRESH,WAYSIDE,GEETA,ODP CUT,PINK,200,LADIES ETHNICKURTIKURTI SHORTPRINT 38_46FRESHWAYSIDEGEETAODP CUTPINK200,M/91 cm,APLADIES ETHNICKURTIKURTI SHORT,4,3,600.00
AP,Manish Singh,LADIES ETHNIC,KURTI,KURTI SHORT,PRINT 38_46,FRESH,WAYSIDE,GEETA,ODP CUT,PINK,200,LADIES ETHNICKURTIKURTI SHORTPRINT 38_46FRESHWAYSIDEGEETAODP CUTPINK200,XL/1.02 m,APLADIES ETHNICKURTIKURTI SHORT,4,10,2000.00
AP,Manish Singh,LADIES ETHNIC,KURTI,KURTI SHORT,PRINT 38_46,FRESH,WAYSIDE,GEETA,ODP CUT,PISTA,200,LADIES ETHNICKURTIKURTI SHORTPRINT 38_46FRESHWAYSIDEGEETAODP CUTPISTA200,2XL/1.07 m,APLADIES ETHNICKURTIKURTI SHORT,4,1,200.00
AP,Manish Singh,LADIES ETHNIC,KURTI,KURTI SHORT,PRINT 38_46,FRESH,WAYSIDE,GEETA,ODP CUT,PISTA,200,LADIES ETHNICKURTIKURTI SHORTPRINT 38_46FRESHWAYSIDEGEETAODP CUTPISTA200,L/97 cm,APLADIES ETHNICKURTIKURTI SHORT,4,2,400.00
AP,Manish Singh,LADIES ETHNIC,KURTI,KURTI SHORT,PRINT 38_46,FRESH,WAYSIDE,GEETA,ODP CUT,PISTA,200,LADIES ETHNICKURTIKURTI SHORTPRINT 38_46FRESHWAYSIDEGEETAODP CUTPISTA200,XL/1.02 m,APLADIES ETHNICKURTIKURTI SHORT,4,3,600.00
AS,Manas Purohit,LADIES ETHNIC,KURTI,KURTI SHORT,PRINT 38_46,FRESH,WAYSIDE,GEETA,ODP CUT,BLACK,200,LADIES ETHNICKURTIKURTI SHORTPRINT 38_46FRESHWAYSIDEGEETAODP CUTBLACK200,L/97 cm,ASLADIES ETHNICKURTIKURTI SHORT,11,4,800.00
AS,Manas Purohit,LADIES ETHNIC,KURTI,KURTI SHORT,PRINT 38_46,FRESH,WAYSIDE,GEETA,ODP CUT,BROWN,200,LADIES ETHNICKURTIKURTI SHORTPRINT 38_46FRESHWAYSIDEGEETAODP CUTBROWN200,2XL/1.07 m,ASLADIES ETHNICKURTIKURTI SHORT,11,1,200.00
AS,Manas Purohit,LADIES ETHNIC,KURTI,KURTI SHORT,PRINT 38_46,FRESH,WAYSIDE,GEETA,ODP CUT,BROWN,200,LADIES ETHNICKURTIKURTI SHORTPRINT 38_46FRESHWAYSIDEGEETAODP CUTBROWN200,M/91 cm,ASLADIES ETHNICKURTIKURTI SHORT,11,1,200.00
AS,Manas Purohit,LADIES ETHNIC,KURTI,KURTI SHORT,PRINT 38_46,FRESH,WAYSIDE,GEETA,ODP CUT,BROWN,200,LADIES ETHNICKURTIKURTI SHORTPRINT 38_46FRESHWAYSIDEGEETAODP CUTBROWN200,XL/1.02 m,ASLADIES ETHNICKURTIKURTI SHORT,11,1,200.00
AS,Manas Purohit,LADIES ETHNIC,KURTI,KURTI SHORT,PRINT 38_46,FRESH,WAYSIDE,GEETA,ODP CUT,CREAM,200,LADIES ETHNICKURTIKURTI SHORTPRINT 38_46FRESHWAYSIDEGEETAODP CUTCREAM200,2XL/1.07 m,ASLADIES ETHNICKURTIKURTI SHORT,11,6,1200.00
AS,Manas Purohit,LADIES ETHNIC,KURTI,KURTI SHORT,PRINT 38_46,FRESH,WAYSIDE,GEETA,ODP CUT,CREAM,200,LADIES ETHNICKURTIKURTI SHORTPRINT 38_46FRESHWAYSIDEGEETAODP CUTCREAM200,3XL/1.12 m,ASLADIES ETHNICKURTIKURTI SHORT,11,2,400.00
AS,Manas Purohit,LADIES ETHNIC,KURTI,KURTI SHORT,PRINT 38_46,FRESH,WAYSIDE,GEETA,ODP CUT,CREAM,200,LADIES ETHNICKURTIKURTI SHORTPRINT 38_46FRESHWAYSIDEGEETAODP CUTCREAM200,L/97 cm,ASLADIES ETHNICKURTIKURTI SHORT,11,1,200.00
AS,Manas Purohit,LADIES ETHNIC,KURTI,KURTI SHORT,PRINT 38_46,FRESH,WAYSIDE,GEETA,ODP CUT,CREAM,200,LADIES ETHNICKURTIKURTI SHORTPRINT 38_46FRESHWAYSIDEGEETAODP CUTCREAM200,XL/1.02 m,ASLADIES ETHNICKURTIKURTI SHORT,11,3,600.00
AS,Manas Purohit,LADIES ETHNIC,KURTI,KURTI SHORT,PRINT 38_46,FRESH,WAYSIDE,GEETA,ODP CUT,GREEN,200,LADIES ETHNICKURTIKURTI SHORTPRINT 38_46FRESHWAYSIDEGEETAODP CUTGREEN200,2XL/1.07 m,ASLADIES ETHNICKURTIKURTI SHORT,11,4,800.00
AS,Manas Purohit,LADIES ETHNIC,KURTI,KURTI SHORT,PRINT 38_46,FRESH,WAYSIDE,GEETA,ODP CUT,GREEN,200,LADIES ETHNICKURTIKURTI SHORTPRINT 38_46FRESHWAYSIDEGEETAODP CUTGREEN200,L/97 cm,ASLADIES ETHNICKURTIKURTI SHORT,11,3,600.00
AS,Manas Purohit,LADIES ETHNIC,KURTI,KURTI SHORT,PRINT 38_46,FRESH,WAYSIDE,GEETA,ODP CUT,GREEN,200,LADIES ETHNICKURTIKURTI SHORTPRINT 38_46FRESHWAYSIDEGEETAODP CUTGREEN200,M/91 cm,ASLADIES ETHNICKURTIKURTI SHORT,11,6,1200.00
AS,Manas Purohit,LADIES ETHNIC,KURTI,KURTI SHORT,PRINT 38_46,FRESH,WAYSIDE,GEETA,ODP CUT,GREEN,200,LADIES ETHNICKURTIKURTI SHORTPRINT 38_46FRESHWAYSIDEGEETAODP CUTGREEN200,S/86 cm,ASLADIES ETHNICKURTIKURTI SHORT,11,1,200.00
AS,Manas Purohit,LADIES ETHNIC,KURTI,KURTI SHORT,PRINT 38_46,FRESH,WAYSIDE,GEETA,ODP CUT,GREEN,200,LADIES ETHNICKURTIKURTI SHORTPRINT 38_46FRESHWAYSIDEGEETAODP CUTGREEN200,XL/1.02 m,ASLADIES ETHNICKURTIKURTI SHORT,11,2,400.00
AS,Manas Purohit,LADIES ETHNIC,KURTI,KURTI SHORT,PRINT 38_46,FRESH,WAYSIDE,GEETA,ODP CUT,GREY,200,LADIES ETHNICKURTIKURTI SHORTPRINT 38_46FRESHWAYSIDEGEETAODP CUTGREY200,2XL/1.07 m,ASLADIES ETHNICKURTIKURTI SHORT,11,4,800.00
AS,Manas Purohit,LADIES ETHNIC,KURTI,KURTI SHORT,PRINT 38_46,FRESH,WAYSIDE,GEETA,ODP CUT,GREY,200,LADIES ETHNICKURTIKURTI SHORTPRINT 38_46FRESHWAYSIDEGEETAODP CUTGREY200,3XL/1.12 m,ASLADIES ETHNICKURTIKURTI SHORT,11,2,400.00
AS,Manas Purohit,LADIES ETHNIC,KURTI,KURTI SHORT,PRINT 38_46,FRESH,WAYSIDE,GEETA,ODP CUT,GREY,200,LADIES ETHNICKURTIKURTI SHORTPRINT 38_46FRESHWAYSIDEGEETAODP CUTGREY200,L/97 cm,ASLADIES ETHNICKURTIKURTI SHORT,11,4,800.00
AS,Manas Purohit,LADIES ETHNIC,KURTI,KURTI SHORT,PRINT 38_46,FRESH,WAYSIDE,GEETA,ODP CUT,GREY,200,LADIES ETHNICKURTIKURTI SHORTPRINT 38_46FRESHWAYSIDEGEETAODP CUTGREY200,M/91 cm,ASLADIES ETHNICKURTIKURTI SHORT,11,2,400.00
AS,Manas Purohit,LADIES ETHNIC,KURTI,KURTI SHORT,PRINT 38_46,FRESH,WAYSIDE,GEETA,ODP CUT,GREY,200,LADIES ETHNICKURTIKURTI SHORTPRINT 38_46FRESHWAYSIDEGEETAODP CUTGREY200,XL/1.02 m,ASLADIES ETHNICKURTIKURTI SHORT,11,4,800.00
AS,Manas Purohit,LADIES ETHNIC,KURTI,KURTI SHORT,PRINT 38_46,FRESH,WAYSIDE,GEETA,ODP CUT,LAVENDER,200,LADIES ETHNICKURTIKURTI SHORTPRINT 38_46FRESHWAYSIDEGEETAODP CUTLAVENDER200,2XL/1.07 m,ASLADIES ETHNICKURTIKURTI SHORT,11,7,1400.00
AS,Manas Purohit,LADIES ETHNIC,KURTI,KURTI SHORT,PRINT 38_46,FRESH,WAYSIDE,GEETA,ODP CUT,LAVENDER,200,LADIES ETHNICKURTIKURTI SHORTPRINT 38_46FRESHWAYSIDEGEETAODP CUTLAVENDER200,3XL/1.12 m,ASLADIES ETHNICKURTIKURTI SHORT,11,2,400.00
AS,Manas Purohit,LADIES ETHNIC,KURTI,KURTI SHORT,PRINT 38_46,FRESH,WAYSIDE,GEETA,ODP CUT,LAVENDER,200,LADIES ETHNICKURTIKURTI SHORTPRINT 38_46FRESHWAYSIDEGEETAODP CUTLAVENDER200,XL/1.02 m,ASLADIES ETHNICKURTIKURTI SHORT,11,1,200.00
AS,Manas Purohit,LADIES ETHNIC,KURTI,KURTI SHORT,PRINT 38_46,FRESH,WAYSIDE,GEETA,ODP CUT,MUSTARD,200,LADIES ETHNICKURTIKURTI SHORTPRINT 38_46FRESHWAYSIDEGEETAODP CUTMUSTARD200,2XL/1.07 m,ASLADIES ETHNICKURTIKURTI SHORT,11,2,400.00
AS,Manas Purohit,LADIES ETHNIC,KURTI,KURTI SHORT,PRINT 38_46,FRESH,WAYSIDE,GEETA,ODP CUT,MUSTARD,200,LADIES ETHNICKURTIKURTI SHORTPRINT 38_46FRESHWAYSIDEGEETAODP CUTMUSTARD200,3XL/1.12 m,ASLADIES ETHNICKURTIKURTI SHORT,11,2,400.00
AS,Manas Purohit,LADIES ETHNIC,KURTI,KURTI SHORT,PRINT 38_46,FRESH,WAYSIDE,GEETA,ODP CUT,MUSTARD,200,LADIES ETHNICKURTIKURTI SHORTPRINT 38_46FRESHWAYSIDEGEETAODP CUTMUSTARD200,L/97 cm,ASLADIES ETHNICKURTIKURTI SHORT,11,3,600.00
AS,Manas Purohit,LADIES ETHNIC,KURTI,KURTI SHORT,PRINT 38_46,FRESH,WAYSIDE,GEETA,ODP CUT,MUSTARD,200,LADIES ETHNICKURTIKURTI SHORTPRINT 38_46FRESHWAYSIDEGEETAODP CUTMUSTARD200,M/91 cm,ASLADIES ETHNICKURTIKURTI SHORT,11,4,800.00
AS,Manas Purohit,LADIES ETHNIC,KURTI,KURTI SHORT,PRINT 38_46,FRESH,WAYSIDE,GEETA,ODP CUT,MUSTARD,200,LADIES ETHNICKURTIKURTI SHORTPRINT 38_46FRESHWAYSIDEGEETAODP CUTMUSTARD200,XL/1.02 m,ASLADIES ETHNICKURTIKURTI SHORT,11,4,800.00
AS,Manas Purohit,LADIES ETHNIC,KURTI,KURTI SHORT,PRINT 38_46,FRESH,WAYSIDE,GEETA,ODP CUT,MUSTARD,250,LADIES ETHNICKURTIKURTI SHORTPRINT 38_46FRESHWAYSIDEGEETAODP CUTMUSTARD250,4XL/1.17 m,ASLADIES ETHNICKURTIKURTI SHORT,11,2,500.00
AS,Manas Purohit,LADIES ETHNIC,KURTI,KURTI SHORT,PRINT 38_46,FRESH,WAYSIDE,GEETA,ODP CUT,NAVY,200,LADIES ETHNICKURTIKURTI SHORTPRINT 38_46FRESHWAYSIDEGEETAODP CUTNAVY200,2XL/1.07 m,ASLADIES ETHNICKURTIKURTI SHORT,11,3,600.00
AS,Manas Purohit,LADIES ETHNIC,KURTI,KURTI SHORT,PRINT 38_46,FRESH,WAYSIDE,GEETA,ODP CUT,NAVY,200,LADIES ETHNICKURTIKURTI SHORTPRINT 38_46FRESHWAYSIDEGEETAODP CUTNAVY200,3XL/1.12 m,ASLADIES ETHNICKURTIKURTI SHORT,11,2,400.00
AS,Manas Purohit,LADIES ETHNIC,KURTI,KURTI SHORT,PRINT 38_46,FRESH,WAYSIDE,GEETA,ODP CUT,NAVY,200,LADIES ETHNICKURTIKURTI SHORTPRINT 38_46FRESHWAYSIDEGEETAODP CUTNAVY200,L/97 cm,ASLADIES ETHNICKURTIKURTI SHORT,11,3,600.00
AS,Manas Purohit,LADIES ETHNIC,KURTI,KURTI SHORT,PRINT 38_46,FRESH,WAYSIDE,GEETA,ODP CUT,NAVY,200,LADIES ETHNICKURTIKURTI SHORTPRINT 38_46FRESHWAYSIDEGEETAODP CUTNAVY200,M/91 cm,ASLADIES ETHNICKURTIKURTI SHORT,11,3,600.00
AS,Manas Purohit,LADIES ETHNIC,KURTI,KURTI SHORT,PRINT 38_46,FRESH,WAYSIDE,GEETA,ODP CUT,NAVY,200,LADIES ETHNICKURTIKURTI SHORTPRINT 38_46FRESHWAYSIDEGEETAODP CUTNAVY200,S/86 cm,ASLADIES ETHNICKURTIKURTI SHORT,11,1,200.00
AS,Manas Purohit,LADIES ETHNIC,KURTI,KURTI SHORT,PRINT 38_46,FRESH,WAYSIDE,GEETA,ODP CUT,NAVY,200,LADIES ETHNICKURTIKURTI SHORTPRINT 38_46FRESHWAYSIDEGEETAODP CUTNAVY200,XL/1.02 m,ASLADIES ETHNICKURTIKURTI SHORT,11,2,400.00
AS,Manas Purohit,LADIES ETHNIC,KURTI,KURTI SHORT,PRINT 38_46,FRESH,WAYSIDE,GEETA,ODP CUT,NAVY,250,LADIES ETHNICKURTIKURTI SHORTPRINT 38_46FRESHWAYSIDEGEETAODP CUTNAVY250,4XL/1.17 m,ASLADIES ETHNICKURTIKURTI SHORT,11,2,500.00
AS,Manas Purohit,LADIES ETHNIC,KURTI,KURTI SHORT,PRINT 38_46,FRESH,WAYSIDE,GEETA,ODP CUT,NAVY,250,LADIES ETHNICKURTIKURTI SHORTPRINT 38_46FRESHWAYSIDEGEETAODP CUTNAVY250,5XL/1.21 m,ASLADIES ETHNICKURTIKURTI SHORT,11,3,750.00
AS,Manas Purohit,LADIES ETHNIC,KURTI,KURTI SHORT,PRINT 38_46,FRESH,WAYSIDE,GEETA,ODP CUT,OLIVE,200,LADIES ETHNICKURTIKURTI SHORTPRINT 38_46FRESHWAYSIDEGEETAODP CUTOLIVE200,3XL/1.12 m,ASLADIES ETHNICKURTIKURTI SHORT,11,2,400.00
AS,Manas Purohit,LADIES ETHNIC,KURTI,KURTI SHORT,PRINT 38_46,FRESH,WAYSIDE,GEETA,ODP CUT,OLIVE,250,LADIES ETHNICKURTIKURTI SHORTPRINT 38_46FRESHWAYSIDEGEETAODP CUTOLIVE250,4XL/1.17 m,ASLADIES ETHNICKURTIKURTI SHORT,11,1,250.00
AS,Manas Purohit,LADIES ETHNIC,KURTI,KURTI SHORT,PRINT 38_46,FRESH,WAYSIDE,GEETA,ODP CUT,OLIVE,250,LADIES ETHNICKURTIKURTI SHORTPRINT 38_46FRESHWAYSIDEGEETAODP CUTOLIVE250,5XL/1.21 m,ASLADIES ETHNICKURTIKURTI SHORT,11,1,250.00
AS,Manas Purohit,LADIES ETHNIC,KURTI,KURTI SHORT,PRINT 38_46,FRESH,WAYSIDE,GEETA,ODP CUT,PINK,200,LADIES ETHNICKURTIKURTI SHORTPRINT 38_46FRESHWAYSIDEGEETAODP CUTPINK200,2XL/1.07 m,ASLADIES ETHNICKURTIKURTI SHORT,11,11,2200.00
AS,Manas Purohit,LADIES ETHNIC,KURTI,KURTI SHORT,PRINT 38_46,FRESH,WAYSIDE,GEETA,ODP CUT,PINK,200,LADIES ETHNICKURTIKURTI SHORTPRINT 38_46FRESHWAYSIDEGEETAODP CUTPINK200,3XL/1.12 m,ASLADIES ETHNICKURTIKURTI SHORT,11,3,600.00
AS,Manas Purohit,LADIES ETHNIC,KURTI,KURTI SHORT,PRINT 38_46,FRESH,WAYSIDE,GEETA,ODP CUT,PINK,200,LADIES ETHNICKURTIKURTI SHORTPRINT 38_46FRESHWAYSIDEGEETAODP CUTPINK200,L/97 cm,ASLADIES ETHNICKURTIKURTI SHORT,11,5,1000.00
AS,Manas Purohit,LADIES ETHNIC,KURTI,KURTI SHORT,PRINT 38_46,FRESH,WAYSIDE,GEETA,ODP CUT,PINK,200,LADIES ETHNICKURTIKURTI SHORTPRINT 38_46FRESHWAYSIDEGEETAODP CUTPINK200,M/91 cm,ASLADIES ETHNICKURTIKURTI SHORT,11,2,400.00
AS,Manas Purohit,LADIES ETHNIC,KURTI,KURTI SHORT,PRINT 38_46,FRESH,WAYSIDE,GEETA,ODP CUT,PINK,200,LADIES ETHNICKURTIKURTI SHORTPRINT 38_46FRESHWAYSIDEGEETAODP CUTPINK200,S/86 cm,ASLADIES ETHNICKURTIKURTI SHORT,11,2,400.00
AS,Manas Purohit,LADIES ETHNIC,KURTI,KURTI SHORT,PRINT 38_46,FRESH,WAYSIDE,GEETA,ODP CUT,PINK,200,LADIES ETHNICKURTIKURTI SHORTPRINT 38_46FRESHWAYSIDEGEETAODP CUTPINK200,XL/1.02 m,ASLADIES ETHNICKURTIKURTI SHORT,11,6,1200.00
AS,Manas Purohit,LADIES ETHNIC,KURTI,KURTI SHORT,PRINT 38_46,FRESH,WAYSIDE,GEETA,ODP CUT,PISTA,200,LADIES ETHNICKURTIKURTI SHORTPRINT 38_46FRESHWAYSIDEGEETAODP CUTPISTA200,2XL/1.07 m,ASLADIES ETHNICKURTIKURTI SHORT,11,1,200.00
AS,Manas Purohit,LADIES ETHNIC,KURTI,KURTI SHORT,PRINT 38_46,FRESH,WAYSIDE,GEETA,ODP CUT,PISTA,200,LADIES ETHNICKURTIKURTI SHORTPRINT 38_46FRESHWAYSIDEGEETAODP CUTPISTA200,XL/1.02 m,ASLADIES ETHNICKURTIKURTI SHORT,11,1,200.00
AS,Manas Purohit,LADIES ETHNIC,KURTI,KURTI SHORT,PRINT 38_46,FRESH,WAYSIDE,GEETA,ODP CUT,RED,200,LADIES ETHNICKURTIKURTI SHORTPRINT 38_46FRESHWAYSIDEGEETAODP CUTRED200,2XL/1.07 m,ASLADIES ETHNICKURTIKURTI SHORT,11,2,400.00
AS,Manas Purohit,LADIES ETHNIC,KURTI,KURTI SHORT,PRINT 38_46,FRESH,WAYSIDE,GEETA,ODP CUT,RED,200,LADIES ETHNICKURTIKURTI SHORTPRINT 38_46FRESHWAYSIDEGEETAODP CUTRED200,L/97 cm,ASLADIES ETHNICKURTIKURTI SHORT,11,2,400.00
AS,Manas Purohit,LADIES ETHNIC,KURTI,KURTI SHORT,PRINT 38_46,FRESH,WAYSIDE,GEETA,ODP CUT,RED,200,LADIES ETHNICKURTIKURTI SHORTPRINT 38_46FRESHWAYSIDEGEETAODP CUTRED200,XL/1.02 m,ASLADIES ETHNICKURTIKURTI SHORT,11,2,400.00
BB,Manas Purohit,LADIES ETHNIC,KURTI,KURTI SHORT,PRINT 38_46,FRESH,WAYSIDE,GEETA,ODP CUT,GREEN,200,LADIES ETHNICKURTIKURTI SHORTPRINT 38_46FRESHWAYSIDEGEETAODP CUTGREEN200,2XL/1.07 m,BBLADIES ETHNICKURTIKURTI SHORT,17,5,1000.00
BB,Manas Purohit,LADIES ETHNIC,KURTI,KURTI SHORT,PRINT 38_46,FRESH,WAYSIDE,GEETA,ODP CUT,GREEN,200,LADIES ETHNICKURTIKURTI SHORTPRINT 38_46FRESHWAYSIDEGEETAODP CUTGREEN200,3XL/1.12 m,BBLADIES ETHNICKURTIKURTI SHORT,17,5,1000.00
BB,Manas Purohit,LADIES ETHNIC,KURTI,KURTI SHORT,PRINT 38_46,FRESH,WAYSIDE,GEETA,ODP CUT,GREEN,200,LADIES ETHNICKURTIKURTI SHORTPRINT 38_46FRESHWAYSIDEGEETAODP CUTGREEN200,L/97 cm,BBLADIES ETHNICKURTIKURTI SHORT,17,4,800.00
BB,Manas Purohit,LADIES ETHNIC,KURTI,KURTI SHORT,PRINT 38_46,FRESH,WAYSIDE,GEETA,ODP CUT,GREEN,200,LADIES ETHNICKURTIKURTI SHORTPRINT 38_46FRESHWAYSIDEGEETAODP CUTGREEN200,M/91 cm,BBLADIES ETHNICKURTIKURTI SHORT,17,4,800.00
BB,Manas Purohit,LADIES ETHNIC,KURTI,KURTI SHORT,PRINT 38_46,FRESH,WAYSIDE,GEETA,ODP CUT,GREEN,200,LADIES ETHNICKURTIKURTI SHORTPRINT 38_46FRESHWAYSIDEGEETAODP CUTGREEN200,S/86 cm,BBLADIES ETHNICKURTIKURTI SHORT,17,5,1000.00
BB,Manas Purohit,LADIES ETHNIC,KURTI,KURTI SHORT,PRINT 38_46,FRESH,WAYSIDE,GEETA,ODP CUT,GREEN,200,LADIES ETHNICKURTIKURTI SHORTPRINT 38_46FRESHWAYSIDEGEETAODP CUTGREEN200,XL/1.02 m,BBLADIES ETHNICKURTIKURTI SHORT,17,3,600.00
BB,Manas Purohit,LADIES ETHNIC,KURTI,KURTI SHORT,PRINT 38_46,FRESH,WAYSIDE,GEETA,ODP CUT,GREY,200,LADIES ETHNICKURTIKURTI SHORTPRINT 38_46FRESHWAYSIDEGEETAODP CUTGREY200,2XL/1.07 m,BBLADIES ETHNICKURTIKURTI SHORT,17,3,600.00
BB,Manas Purohit,LADIES ETHNIC,KURTI,KURTI SHORT,PRINT 38_46,FRESH,WAYSIDE,GEETA,ODP CUT,GREY,200,LADIES ETHNICKURTIKURTI SHORTPRINT 38_46FRESHWAYSIDEGEETAODP CUTGREY200,3XL/1.12 m,BBLADIES ETHNICKURTIKURTI SHORT,17,2,400.00
BB,Manas Purohit,LADIES ETHNIC,KURTI,KURTI SHORT,PRINT 38_46,FRESH,WAYSIDE,GEETA,ODP CUT,GREY,200,LADIES ETHNICKURTIKURTI SHORTPRINT 38_46FRESHWAYSIDEGEETAODP CUTGREY200,L/97 cm,BBLADIES ETHNICKURTIKURTI SHORT,17,2,400.00
BB,Manas Purohit,LADIES ETHNIC,KURTI,KURTI SHORT,PRINT 38_46,FRESH,WAYSIDE,GEETA,ODP CUT,GREY,200,LADIES ETHNICKURTIKURTI SHORTPRINT 38_46FRESHWAYSIDEGEETAODP CUTGREY200,M/91 cm,BBLADIES ETHNICKURTIKURTI SHORT,17,2,400.00
BB,Manas Purohit,LADIES ETHNIC,KURTI,KURTI SHORT,PRINT 38_46,FRESH,WAYSIDE,GEETA,ODP CUT,GREY,200,LADIES ETHNICKURTIKURTI SHORTPRINT 38_46FRESHWAYSIDEGEETAODP CUTGREY200,S/86 cm,BBLADIES ETHNICKURTIKURTI SHORT,17,2,400.00
BB,Manas Purohit,LADIES ETHNIC,KURTI,KURTI SHORT,PRINT 38_46,FRESH,WAYSIDE,GEETA,ODP CUT,GREY,200,LADIES ETHNICKURTIKURTI SHORTPRINT 38_46FRESHWAYSIDEGEETAODP CUTGREY200,XL/1.02 m,BBLADIES ETHNICKURTIKURTI SHORT,17,4,800.00
BB,Manas Purohit,LADIES ETHNIC,KURTI,KURTI SHORT,PRINT 38_46,FRESH,WAYSIDE,GEETA,ODP CUT,LAVENDER,200,LADIES ETHNICKURTIKURTI SHORTPRINT 38_46FRESHWAYSIDEGEETAODP CUTLAVENDER200,XL/1.02 m,BBLADIES ETHNICKURTIKURTI SHORT,17,1,200.00
BB,Manas Purohit,LADIES ETHNIC,KURTI,KURTI SHORT,PRINT 38_46,FRESH,WAYSIDE,GEETA,ODP CUT,MUSTARD,200,LADIES ETHNICKURTIKURTI SHORTPRINT 38_46FRESHWAYSIDEGEETAODP CUTMUSTARD200,2XL/1.07 m,BBLADIES ETHNICKURTIKURTI SHORT,17,2,400.00
BB,Manas Purohit,LADIES ETHNIC,KURTI,KURTI SHORT,PRINT 38_46,FRESH,WAYSIDE,GEETA,ODP CUT,MUSTARD,200,LADIES ETHNICKURTIKURTI SHORTPRINT 38_46FRESHWAYSIDEGEETAODP CUTMUSTARD200,3XL/1.12 m,BBLADIES ETHNICKURTIKURTI SHORT,17,3,600.00
BB,Manas Purohit,LADIES ETHNIC,KURTI,KURTI SHORT,PRINT 38_46,FRESH,WAYSIDE,GEETA,ODP CUT,MUSTARD,200,LADIES ETHNICKURTIKURTI SHORTPRINT 38_46FRESHWAYSIDEGEETAODP CUTMUSTARD200,L/97 cm,BBLADIES ETHNICKURTIKURTI SHORT,17,3,600.00
BB,Manas Purohit,LADIES ETHNIC,KURTI,KURTI SHORT,PRINT 38_46,FRESH,WAYSIDE,GEETA,ODP CUT,MUSTARD,200,LADIES ETHNICKURTIKURTI SHORTPRINT 38_46FRESHWAYSIDEGEETAODP CUTMUSTARD200,M/91 cm,BBLADIES ETHNICKURTIKURTI SHORT,17,2,400.00
BB,Manas Purohit,LADIES ETHNIC,KURTI,KURTI SHORT,PRINT 38_46,FRESH,WAYSIDE,GEETA,ODP CUT,MUSTARD,200,LADIES ETHNICKURTIKURTI SHORTPRINT 38_46FRESHWAYSIDEGEETAODP CUTMUSTARD200,S/86 cm,BBLADIES ETHNICKURTIKURTI SHORT,17,2,400.00
BB,Manas Purohit,LADIES ETHNIC,KURTI,KURTI SHORT,PRINT 38_46,FRESH,WAYSIDE,GEETA,ODP CUT,MUSTARD,200,LADIES ETHNICKURTIKURTI SHORTPRINT 38_46FRESHWAYSIDEGEETAODP CUTMUSTARD200,XL/1.02 m,BBLADIES ETHNICKURTIKURTI SHORT,17,3,600.00
BB,Manas Purohit,LADIES ETHNIC,KURTI,KURTI SHORT,PRINT 38_46,FRESH,WAYSIDE,GEETA,ODP CUT,MUSTARD,250,LADIES ETHNICKURTIKURTI SHORTPRINT 38_46FRESHWAYSIDEGEETAODP CUTMUSTARD250,5XL/1.21 m,BBLADIES ETHNICKURTIKURTI SHORT,17,1,250.00
BB,Manas Purohit,LADIES ETHNIC,KURTI,KURTI SHORT,PRINT 38_46,FRESH,WAYSIDE,GEETA,ODP CUT,NAVY,200,LADIES ETHNICKURTIKURTI SHORTPRINT 38_46FRESHWAYSIDEGEETAODP CUTNAVY200,2XL/1.07 m,BBLADIES ETHNICKURTIKURTI SHORT,17,6,1200.00
BB,Manas Purohit,LADIES ETHNIC,KURTI,KURTI SHORT,PRINT 38_46,FRESH,WAYSIDE,GEETA,ODP CUT,NAVY,200,LADIES ETHNICKURTIKURTI SHORTPRINT 38_46FRESHWAYSIDEGEETAODP CUTNAVY200,3XL/1.12 m,BBLADIES ETHNICKURTIKURTI SHORT,17,4,800.00
BB,Manas Purohit,LADIES ETHNIC,KURTI,KURTI SHORT,PRINT 38_46,FRESH,WAYSIDE,GEETA,ODP CUT,NAVY,200,LADIES ETHNICKURTIKURTI SHORTPRINT 38_46FRESHWAYSIDEGEETAODP CUTNAVY200,L/97 cm,BBLADIES ETHNICKURTIKURTI SHORT,17,4,800.00
BB,Manas Purohit,LADIES ETHNIC,KURTI,KURTI SHORT,PRINT 38_46,FRESH,WAYSIDE,GEETA,ODP CUT,NAVY,200,LADIES ETHNICKURTIKURTI SHORTPRINT 38_46FRESHWAYSIDEGEETAODP CUTNAVY200,M/91 cm,BBLADIES ETHNICKURTIKURTI SHORT,17,4,800.00
BB,Manas Purohit,LADIES ETHNIC,KURTI,KURTI SHORT,PRINT 38_46,FRESH,WAYSIDE,GEETA,ODP CUT,NAVY,200,LADIES ETHNICKURTIKURTI SHORTPRINT 38_46FRESHWAYSIDEGEETAODP CUTNAVY200,S/86 cm,BBLADIES ETHNICKURTIKURTI SHORT,17,2,400.00
BB,Manas Purohit,LADIES ETHNIC,KURTI,KURTI SHORT,PRINT 38_46,FRESH,WAYSIDE,GEETA,ODP CUT,NAVY,200,LADIES ETHNICKURTIKURTI SHORTPRINT 38_46FRESHWAYSIDEGEETAODP CUTNAVY200,XL/1.02 m,BBLADIES ETHNICKURTIKURTI SHORT,17,6,1200.00
BB,Manas Purohit,LADIES ETHNIC,KURTI,KURTI SHORT,PRINT 38_46,FRESH,WAYSIDE,GEETA,ODP CUT,NAVY,250,LADIES ETHNICKURTIKURTI SHORTPRINT 38_46FRESHWAYSIDEGEETAODP CUTNAVY250,4XL/1.17 m,BBLADIES ETHNICKURTIKURTI SHORT,17,4,1000.00
BB,Manas Purohit,LADIES ETHNIC,KURTI,KURTI SHORT,PRINT 38_46,FRESH,WAYSIDE,GEETA,ODP CUT,NAVY,250,LADIES ETHNICKURTIKURTI SHORTPRINT 38_46FRESHWAYSIDEGEETAODP CUTNAVY250,5XL/1.21 m,BBLADIES ETHNICKURTIKURTI SHORT,17,2,500.00
BB,Manas Purohit,LADIES ETHNIC,KURTI,KURTI SHORT,PRINT 38_46,FRESH,WAYSIDE,GEETA,ODP CUT,PINK,200,LADIES ETHNICKURTIKURTI SHORTPRINT 38_46FRESHWAYSIDEGEETAODP CUTPINK200,2XL/1.07 m,BBLADIES ETHNICKURTIKURTI SHORT,17,4,800.00
BB,Manas Purohit,LADIES ETHNIC,KURTI,KURTI SHORT,PRINT 38_46,FRESH,WAYSIDE,GEETA,ODP CUT,PINK,200,LADIES ETHNICKURTIKURTI SHORTPRINT 38_46FRESHWAYSIDEGEETAODP CUTPINK200,3XL/1.12 m,BBLADIES ETHNICKURTIKURTI SHORT,17,5,1000.00
BB,Manas Purohit,LADIES ETHNIC,KURTI,KURTI SHORT,PRINT 38_46,FRESH,WAYSIDE,GEETA,ODP CUT,PINK,200,LADIES ETHNICKURTIKURTI SHORTPRINT 38_46FRESHWAYSIDEGEETAODP CUTPINK200,L/97 cm,BBLADIES ETHNICKURTIKURTI SHORT,17,5,1000.00
BB,Manas Purohit,LADIES ETHNIC,KURTI,KURTI SHORT,PRINT 38_46,FRESH,WAYSIDE,GEETA,ODP CUT,PINK,200,LADIES ETHNICKURTIKURTI SHORTPRINT 38_46FRESHWAYSIDEGEETAODP CUTPINK200,M/91 cm,BBLADIES ETHNICKURTIKURTI SHORT,17,4,800.00
BB,Manas Purohit,LADIES ETHNIC,KURTI,KURTI SHORT,PRINT 38_46,FRESH,WAYSIDE,GEETA,ODP CUT,PINK,200,LADIES ETHNICKURTIKURTI SHORTPRINT 38_46FRESHWAYSIDEGEETAODP CUTPINK200,S/86 cm,BBLADIES ETHNICKURTIKURTI SHORT,17,2,400.00
BB,Manas Purohit,LADIES ETHNIC,KURTI,KURTI SHORT,PRINT 38_46,FRESH,WAYSIDE,GEETA,ODP CUT,PINK,200,LADIES ETHNICKURTIKURTI SHORTPRINT 38_46FRESHWAYSIDEGEETAODP CUTPINK200,XL/1.02 m,BBLADIES ETHNICKURTIKURTI SHORT,17,8,1600.00
BB,Manas Purohit,LADIES ETHNIC,KURTI,KURTI SHORT,PRINT 38_46,FRESH,WAYSIDE,GEETA,ODP CUT,PISTA,200,LADIES ETHNICKURTIKURTI SHORTPRINT 38_46FRESHWAYSIDEGEETAODP CUTPISTA200,M/91 cm,BBLADIES ETHNICKURTIKURTI SHORT,17,1,200.00
BB,Manas Purohit,LADIES ETHNIC,KURTI,KURTI SHORT,PRINT 38_46,FRESH,WAYSIDE,GEETA,ODP CUT,RAMA,200,LADIES ETHNICKURTIKURTI SHORTPRINT 38_46FRESHWAYSIDEGEETAODP CUTRAMA200,M/91 cm,BBLADIES ETHNICKURTIKURTI SHORT,17,1,200.00
BB,Manas Purohit,LADIES ETHNIC,KURTI,KURTI SHORT,PRINT 38_46,FRESH,WAYSIDE,GEETA,ODP CUT,RED,200,LADIES ETHNICKURTIKURTI SHORTPRINT 38_46FRESHWAYSIDEGEETAODP CUTRED200,XL/1.02 m,BBLADIES ETHNICKURTIKURTI SHORT,17,2,400.00
BD,Pravin Pandey,LADIES ETHNIC,KURTI,KURTI SHORT,PRINT 38_46,FRESH,WAYSIDE,GEETA,ODP CUT,BROWN,200,LADIES ETHNICKURTIKURTI SHORTPRINT 38_46FRESHWAYSIDEGEETAODP CUTBROWN200,2XL/1.07 m,BDLADIES ETHNICKURTIKURTI SHORT,4,2,400.00
BD,Pravin Pandey,LADIES ETHNIC,KURTI,KURTI SHORT,PRINT 38_46,FRESH,WAYSIDE,GEETA,ODP CUT,BROWN,200,LADIES ETHNICKURTIKURTI SHORTPRINT 38_46FRESHWAYSIDEGEETAODP CUTBROWN200,3XL/1.12 m,BDLADIES ETHNICKURTIKURTI SHORT,4,2,400.00
BD,Pravin Pandey,LADIES ETHNIC,KURTI,KURTI SHORT,PRINT 38_46,FRESH,WAYSIDE,GEETA,ODP CUT,CORAL,200,LADIES ETHNICKURTIKURTI SHORTPRINT 38_46FRESHWAYSIDEGEETAODP CUTCORAL200,2XL/1.07 m,BDLADIES ETHNICKURTIKURTI SHORT,4,2,400.00
BD,Pravin Pandey,LADIES ETHNIC,KURTI,KURTI SHORT,PRINT 38_46,FRESH,WAYSIDE,GEETA,ODP CUT,CORAL,200,LADIES ETHNICKURTIKURTI SHORTPRINT 38_46FRESHWAYSIDEGEETAODP CUTCORAL200,3XL/1.12 m,BDLADIES ETHNICKURTIKURTI SHORT,4,3,600.00
BD,Pravin Pandey,LADIES ETHNIC,KURTI,KURTI SHORT,PRINT 38_46,FRESH,WAYSIDE,GEETA,ODP CUT,CREAM,200,LADIES ETHNICKURTIKURTI SHORTPRINT 38_46FRESHWAYSIDEGEETAODP CUTCREAM200,3XL/1.12 m,BDLADIES ETHNICKURTIKURTI SHORT,4,2,400.00
BD,Pravin Pandey,LADIES ETHNIC,KURTI,KURTI SHORT,PRINT 38_46,FRESH,WAYSIDE,GEETA,ODP CUT,CREAM,200,LADIES ETHNICKURTIKURTI SHORTPRINT 38_46FRESHWAYSIDEGEETAODP CUTCREAM200,M/91 cm,BDLADIES ETHNICKURTIKURTI SHORT,4,1,200.00
BD,Pravin Pandey,LADIES ETHNIC,KURTI,KURTI SHORT,PRINT 38_46,FRESH,WAYSIDE,GEETA,ODP CUT,CREAM,200,LADIES ETHNICKURTIKURTI SHORTPRINT 38_46FRESHWAYSIDEGEETAODP CUTCREAM200,XL/1.02 m,BDLADIES ETHNICKURTIKURTI SHORT,4,1,200.00
BD,Pravin Pandey,LADIES ETHNIC,KURTI,KURTI SHORT,PRINT 38_46,FRESH,WAYSIDE,GEETA,ODP CUT,GREEN,200,LADIES ETHNICKURTIKURTI SHORTPRINT 38_46FRESHWAYSIDEGEETAODP CUTGREEN200,2XL/1.07 m,BDLADIES ETHNICKURTIKURTI SHORT,4,1,200.00
BD,Pravin Pandey,LADIES ETHNIC,KURTI,KURTI SHORT,PRINT 38_46,FRESH,WAYSIDE,GEETA,ODP CUT,GREEN,200,LADIES ETHNICKURTIKURTI SHORTPRINT 38_46FRESHWAYSIDEGEETAODP CUTGREEN200,L/97 cm,BDLADIES ETHNICKURTIKURTI SHORT,4,2,400.00
BD,Pravin Pandey,LADIES ETHNIC,KURTI,KURTI SHORT,PRINT 38_46,FRESH,WAYSIDE,GEETA,ODP CUT,GREEN,200,LADIES ETHNICKURTIKURTI SHORTPRINT 38_46FRESHWAYSIDEGEETAODP CUTGREEN200,XL/1.02 m,BDLADIES ETHNICKURTIKURTI SHORT,4,4,800.00
BD,Pravin Pandey,LADIES ETHNIC,KURTI,KURTI SHORT,PRINT 38_46,FRESH,WAYSIDE,GEETA,ODP CUT,LAVENDER,200,LADIES ETHNICKURTIKURTI SHORTPRINT 38_46FRESHWAYSIDEGEETAODP CUTLAVENDER200,2XL/1.07 m,BDLADIES ETHNICKURTIKURTI SHORT,4,2,400.00
BD,Pravin Pandey,LADIES ETHNIC,KURTI,KURTI SHORT,PRINT 38_46,FRESH,WAYSIDE,GEETA,ODP CUT,MUSTARD,200,LADIES ETHNICKURTIKURTI SHORTPRINT 38_46FRESHWAYSIDEGEETAODP CUTMUSTARD200,2XL/1.07 m,BDLADIES ETHNICKURTIKURTI SHORT,4,3,600.00
BD,Pravin Pandey,LADIES ETHNIC,KURTI,KURTI SHORT,PRINT 38_46,FRESH,WAYSIDE,GEETA,ODP CUT,MUSTARD,200,LADIES ETHNICKURTIKURTI SHORTPRINT 38_46FRESHWAYSIDEGEETAODP CUTMUSTARD200,3XL/1.12 m,BDLADIES ETHNICKURTIKURTI SHORT,4,2,400.00
BD,Pravin Pandey,LADIES ETHNIC,KURTI,KURTI SHORT,PRINT 38_46,FRESH,WAYSIDE,GEETA,ODP CUT,MUSTARD,200,LADIES ETHNICKURTIKURTI SHORTPRINT 38_46FRESHWAYSIDEGEETAODP CUTMUSTARD200,L/97 cm,BDLADIES ETHNICKURTIKURTI SHORT,4,2,400.00
BD,Pravin Pandey,LADIES ETHNIC,KURTI,KURTI SHORT,PRINT 38_46,FRESH,WAYSIDE,GEETA,ODP CUT,MUSTARD,200,LADIES ETHNICKURTIKURTI SHORTPRINT 38_46FRESHWAYSIDEGEETAODP CUTMUSTARD200,M/91 cm,BDLADIES ETHNICKURTIKURTI SHORT,4,2,400.00
BD,Pravin Pandey,LADIES ETHNIC,KURTI,KURTI SHORT,PRINT 38_46,FRESH,WAYSIDE,GEETA,ODP CUT,MUSTARD,200,LADIES ETHNICKURTIKURTI SHORTPRINT 38_46FRESHWAYSIDEGEETAODP CUTMUSTARD200,S/86 cm,BDLADIES ETHNICKURTIKURTI SHORT,4,2,400.00
BD,Pravin Pandey,LADIES ETHNIC,KURTI,KURTI SHORT,PRINT 38_46,FRESH,WAYSIDE,GEETA,ODP CUT,MUSTARD,200,LADIES ETHNICKURTIKURTI SHORTPRINT 38_46FRESHWAYSIDEGEETAODP CUTMUSTARD200,XL/1.02 m,BDLADIES ETHNICKURTIKURTI SHORT,4,2,400.00
BD,Pravin Pandey,LADIES ETHNIC,KURTI,KURTI SHORT,PRINT 38_46,FRESH,WAYSIDE,GEETA,ODP CUT,NAVY,200,LADIES ETHNICKURTIKURTI SHORTPRINT 38_46FRESHWAYSIDEGEETAODP CUTNAVY200,2XL/1.07 m,BDLADIES ETHNICKURTIKURTI SHORT,4,8,1600.00
BD,Pravin Pandey,LADIES ETHNIC,KURTI,KURTI SHORT,PRINT 38_46,FRESH,WAYSIDE,GEETA,ODP CUT,NAVY,200,LADIES ETHNICKURTIKURTI SHORTPRINT 38_46FRESHWAYSIDEGEETAODP CUTNAVY200,3XL/1.12 m,BDLADIES ETHNICKURTIKURTI SHORT,4,2,400.00
BD,Pravin Pandey,LADIES ETHNIC,KURTI,KURTI SHORT,PRINT 38_46,FRESH,WAYSIDE,GEETA,ODP CUT,NAVY,200,LADIES ETHNICKURTIKURTI SHORTPRINT 38_46FRESHWAYSIDEGEETAODP CUTNAVY200,L/97 cm,BDLADIES ETHNICKURTIKURTI SHORT,4,4,800.00
BD,Pravin Pandey,LADIES ETHNIC,KURTI,KURTI SHORT,PRINT 38_46,FRESH,WAYSIDE,GEETA,ODP CUT,NAVY,200,LADIES ETHNICKURTIKURTI SHORTPRINT 38_46FRESHWAYSIDEGEETAODP CUTNAVY200,XL/1.02 m,BDLADIES ETHNICKURTIKURTI SHORT,4,6,1200.00
BD,Pravin Pandey,LADIES ETHNIC,KURTI,KURTI SHORT,PRINT 38_46,FRESH,WAYSIDE,GEETA,ODP CUT,OLIVE,200,LADIES ETHNICKURTIKURTI SHORTPRINT 38_46FRESHWAYSIDEGEETAODP CUTOLIVE200,XL/1.02 m,BDLADIES ETHNICKURTIKURTI SHORT,4,2,400.00
BD,Pravin Pandey,LADIES ETHNIC,KURTI,KURTI SHORT,PRINT 38_46,FRESH,WAYSIDE,GEETA,ODP CUT,RANI,200,LADIES ETHNICKURTIKURTI SHORTPRINT 38_46FRESHWAYSIDEGEETAODP CUTRANI200,2XL/1.07 m,BDLADIES ETHNICKURTIKURTI SHORT,4,3,600.00
BD,Pravin Pandey,LADIES ETHNIC,KURTI,KURTI SHORT,PRINT 38_46,FRESH,WAYSIDE,GEETA,ODP CUT,RED,200,LADIES ETHNICKURTIKURTI SHORTPRINT 38_46FRESHWAYSIDEGEETAODP CUTRED200,2XL/1.07 m,BDLADIES ETHNICKURTIKURTI SHORT,4,2,400.00
BD,Pravin Pandey,LADIES ETHNIC,KURTI,KURTI SHORT,PRINT 38_46,FRESH,WAYSIDE,GEETA,ODP CUT,RED,200,LADIES ETHNICKURTIKURTI SHORTPRINT 38_46FRESHWAYSIDEGEETAODP CUTRED200,L/97 cm,BDLADIES ETHNICKURTIKURTI SHORT,4,2,400.00
BD,Pravin Pandey,LADIES ETHNIC,KURTI,KURTI SHORT,PRINT 38_46,FRESH,WAYSIDE,GEETA,ODP CUT,RED,200,LADIES ETHNICKURTIKURTI SHORTPRINT 38_46FRESHWAYSIDEGEETAODP CUTRED200,S/86 cm,BDLADIES ETHNICKURTIKURTI SHORT,4,1,200.00
BD,Pravin Pandey,LADIES ETHNIC,KURTI,KURTI SHORT,PRINT 38_46,FRESH,WAYSIDE,GEETA,ODP CUT,RED,200,LADIES ETHNICKURTIKURTI SHORTPRINT 38_46FRESHWAYSIDEGEETAODP CUTRED200,XL/1.02 m,BDLADIES ETHNICKURTIKURTI SHORT,4,3,600.00
BD,Pravin Pandey,LADIES ETHNIC,KURTI,KURTI SHORT,PRINT 38_46,FRESH,WAYSIDE,GEETA,ODP CUT,WHITE,200,LADIES ETHNICKURTIKURTI SHORTPRINT 38_46FRESHWAYSIDEGEETAODP CUTWHITE200,2XL/1.07 m,BDLADIES ETHNICKURTIKURTI SHORT,4,1,200.00
BD,Pravin Pandey,LADIES ETHNIC,KURTI,KURTI SHORT,PRINT 38_46,FRESH,WAYSIDE,GEETA,ODP CUT,WHITE,200,LADIES ETHNICKURTIKURTI SHORTPRINT 38_46FRESHWAYSIDEGEETAODP CUTWHITE200,XL/1.02 m,BDLADIES ETHNICKURTIKURTI SHORT,4,2,400.00
BK,Binay Singh,LADIES ETHNIC,KURTI,KURTI SHORT,PRINT 38_46,FRESH,WAYSIDE,GEETA,ODP CUT,GREEN,200,LADIES ETHNICKURTIKURTI SHORTPRINT 38_46FRESHWAYSIDEGEETAODP CUTGREEN200,2XL/1.07 m,BKLADIES ETHNICKURTIKURTI SHORT,13,5,1000.00
BK,Binay Singh,LADIES ETHNIC,KURTI,KURTI SHORT,PRINT 38_46,FRESH,WAYSIDE,GEETA,ODP CUT,GREEN,200,LADIES ETHNICKURTIKURTI SHORTPRINT 38_46FRESHWAYSIDEGEETAODP CUTGREEN200,3XL/1.12 m,BKLADIES ETHNICKURTIKURTI SHORT,13,4,800.00
BK,Binay Singh,LADIES ETHNIC,KURTI,KURTI SHORT,PRINT 38_46,FRESH,WAYSIDE,GEETA,ODP CUT,GREEN,200,LADIES ETHNICKURTIKURTI SHORTPRINT 38_46FRESHWAYSIDEGEETAODP CUTGREEN200,L/97 cm,BKLADIES ETHNICKURTIKURTI SHORT,13,3,600.00
BK,Binay Singh,LADIES ETHNIC,KURTI,KURTI SHORT,PRINT 38_46,FRESH,WAYSIDE,GEETA,ODP CUT,GREEN,200,LADIES ETHNICKURTIKURTI SHORTPRINT 38_46FRESHWAYSIDEGEETAODP CUTGREEN200,M/91 cm,BKLADIES ETHNICKURTIKURTI SHORT,13,2,400.00
BK,Binay Singh,LADIES ETHNIC,KURTI,KURTI SHORT,PRINT 38_46,FRESH,WAYSIDE,GEETA,ODP CUT,GREEN,200,LADIES ETHNICKURTIKURTI SHORTPRINT 38_46FRESHWAYSIDEGEETAODP CUTGREEN200,S/86 cm,BKLADIES ETHNICKURTIKURTI SHORT,13,1,200.00
BK,Binay Singh,LADIES ETHNIC,KURTI,KURTI SHORT,PRINT 38_46,FRESH,WAYSIDE,GEETA,ODP CUT,GREEN,200,LADIES ETHNICKURTIKURTI SHORTPRINT 38_46FRESHWAYSIDEGEETAODP CUTGREEN200,XL/1.02 m,BKLADIES ETHNICKURTIKURTI SHORT,13,5,1000.00
BK,Binay Singh,LADIES ETHNIC,KURTI,KURTI SHORT,PRINT 38_46,FRESH,WAYSIDE,GEETA,ODP CUT,GREY,200,LADIES ETHNICKURTIKURTI SHORTPRINT 38_46FRESHWAYSIDEGEETAODP CUTGREY200,2XL/1.07 m,BKLADIES ETHNICKURTIKURTI SHORT,13,2,400.00
BK,Binay Singh,LADIES ETHNIC,KURTI,KURTI SHORT,PRINT 38_46,FRESH,WAYSIDE,GEETA,ODP CUT,GREY,200,LADIES ETHNICKURTIKURTI SHORTPRINT 38_46FRESHWAYSIDEGEETAODP CUTGREY200,3XL/1.12 m,BKLADIES ETHNICKURTIKURTI SHORT,13,2,400.00
BK,Binay Singh,LADIES ETHNIC,KURTI,KURTI SHORT,PRINT 38_46,FRESH,WAYSIDE,GEETA,ODP CUT,GREY,200,LADIES ETHNICKURTIKURTI SHORTPRINT 38_46FRESHWAYSIDEGEETAODP CUTGREY200,L/97 cm,BKLADIES ETHNICKURTIKURTI SHORT,13,2,400.00
BK,Binay Singh,LADIES ETHNIC,KURTI,KURTI SHORT,PRINT 38_46,FRESH,WAYSIDE,GEETA,ODP CUT,GREY,200,LADIES ETHNICKURTIKURTI SHORTPRINT 38_46FRESHWAYSIDEGEETAODP CUTGREY200,M/91 cm,BKLADIES ETHNICKURTIKURTI SHORT,13,2,400.00
BK,Binay Singh,LADIES ETHNIC,KURTI,KURTI SHORT,PRINT 38_46,FRESH,WAYSIDE,GEETA,ODP CUT,GREY,200,LADIES ETHNICKURTIKURTI SHORTPRINT 38_46FRESHWAYSIDEGEETAODP CUTGREY200,S/86 cm,BKLADIES ETHNICKURTIKURTI SHORT,13,2,400.00
BK,Binay Singh,LADIES ETHNIC,KURTI,KURTI SHORT,PRINT 38_46,FRESH,WAYSIDE,GEETA,ODP CUT,GREY,200,LADIES ETHNICKURTIKURTI SHORTPRINT 38_46FRESHWAYSIDEGEETAODP CUTGREY200,XL/1.02 m,BKLADIES ETHNICKURTIKURTI SHORT,13,2,400.00
BK,Binay Singh,LADIES ETHNIC,KURTI,KURTI SHORT,PRINT 38_46,FRESH,WAYSIDE,GEETA,ODP CUT,MUSTARD,200,LADIES ETHNICKURTIKURTI SHORTPRINT 38_46FRESHWAYSIDEGEETAODP CUTMUSTARD200,2XL/1.07 m,BKLADIES ETHNICKURTIKURTI SHORT,13,2,400.00
BK,Binay Singh,LADIES ETHNIC,KURTI,KURTI SHORT,PRINT 38_46,FRESH,WAYSIDE,GEETA,ODP CUT,MUSTARD,200,LADIES ETHNICKURTIKURTI SHORTPRINT 38_46FRESHWAYSIDEGEETAODP CUTMUSTARD200,3XL/1.12 m,BKLADIES ETHNICKURTIKURTI SHORT,13,2,400.00
BK,Binay Singh,LADIES ETHNIC,KURTI,KURTI SHORT,PRINT 38_46,FRESH,WAYSIDE,GEETA,ODP CUT,MUSTARD,200,LADIES ETHNICKURTIKURTI SHORTPRINT 38_46FRESHWAYSIDEGEETAODP CUTMUSTARD200,M/91 cm,BKLADIES ETHNICKURTIKURTI SHORT,13,2,400.00
BK,Binay Singh,LADIES ETHNIC,KURTI,KURTI SHORT,PRINT 38_46,FRESH,WAYSIDE,GEETA,ODP CUT,MUSTARD,200,LADIES ETHNICKURTIKURTI SHORTPRINT 38_46FRESHWAYSIDEGEETAODP CUTMUSTARD200,S/86 cm,BKLADIES ETHNICKURTIKURTI SHORT,13,2,400.00
BK,Binay Singh,LADIES ETHNIC,KURTI,KURTI SHORT,PRINT 38_46,FRESH,WAYSIDE,GEETA,ODP CUT,MUSTARD,200,LADIES ETHNICKURTIKURTI SHORTPRINT 38_46FRESHWAYSIDEGEETAODP CUTMUSTARD200,XL/1.02 m,BKLADIES ETHNICKURTIKURTI SHORT,13,2,400.00
BK,Binay Singh,LADIES ETHNIC,KURTI,KURTI SHORT,PRINT 38_46,FRESH,WAYSIDE,GEETA,ODP CUT,NAVY,200,LADIES ETHNICKURTIKURTI SHORTPRINT 38_46FRESHWAYSIDEGEETAODP CUTNAVY200,2XL/1.07 m,BKLADIES ETHNICKURTIKURTI SHORT,13,3,600.00
BK,Binay Singh,LADIES ETHNIC,KURTI,KURTI SHORT,PRINT 38_46,FRESH,WAYSIDE,GEETA,ODP CUT,NAVY,200,LADIES ETHNICKURTIKURTI SHORTPRINT 38_46FRESHWAYSIDEGEETAODP CUTNAVY200,3XL/1.12 m,BKLADIES ETHNICKURTIKURTI SHORT,13,2,400.00
BK,Binay Singh,LADIES ETHNIC,KURTI,KURTI SHORT,PRINT 38_46,FRESH,WAYSIDE,GEETA,ODP CUT,NAVY,200,LADIES ETHNICKURTIKURTI SHORTPRINT 38_46FRESHWAYSIDEGEETAODP CUTNAVY200,L/97 cm,BKLADIES ETHNICKURTIKURTI SHORT,13,3,600.00
BK,Binay Singh,LADIES ETHNIC,KURTI,KURTI SHORT,PRINT 38_46,FRESH,WAYSIDE,GEETA,ODP CUT,NAVY,200,LADIES ETHNICKURTIKURTI SHORTPRINT 38_46FRESHWAYSIDEGEETAODP CUTNAVY200,S/86 cm,BKLADIES ETHNICKURTIKURTI SHORT,13,1,200.00
BK,Binay Singh,LADIES ETHNIC,KURTI,KURTI SHORT,PRINT 38_46,FRESH,WAYSIDE,GEETA,ODP CUT,NAVY,200,LADIES ETHNICKURTIKURTI SHORTPRINT 38_46FRESHWAYSIDEGEETAODP CUTNAVY200,XL/1.02 m,BKLADIES ETHNICKURTIKURTI SHORT,13,3,600.00
BK,Binay Singh,LADIES ETHNIC,KURTI,KURTI SHORT,PRINT 38_46,FRESH,WAYSIDE,GEETA,ODP CUT,PINK,200,LADIES ETHNICKURTIKURTI SHORTPRINT 38_46FRESHWAYSIDEGEETAODP CUTPINK200,2XL/1.07 m,BKLADIES ETHNICKURTIKURTI SHORT,13,7,1400.00
BK,Binay Singh,LADIES ETHNIC,KURTI,KURTI SHORT,PRINT 38_46,FRESH,WAYSIDE,GEETA,ODP CUT,PINK,200,LADIES ETHNICKURTIKURTI SHORTPRINT 38_46FRESHWAYSIDEGEETAODP CUTPINK200,3XL/1.12 m,BKLADIES ETHNICKURTIKURTI SHORT,13,6,1200.00
BK,Binay Singh,LADIES ETHNIC,KURTI,KURTI SHORT,PRINT 38_46,FRESH,WAYSIDE,GEETA,ODP CUT,PINK,200,LADIES ETHNICKURTIKURTI SHORTPRINT 38_46FRESHWAYSIDEGEETAODP CUTPINK200,L/97 cm,BKLADIES ETHNICKURTIKURTI SHORT,13,10,2000.00
BK,Binay Singh,LADIES ETHNIC,KURTI,KURTI SHORT,PRINT 38_46,FRESH,WAYSIDE,GEETA,ODP CUT,PINK,200,LADIES ETHNICKURTIKURTI SHORTPRINT 38_46FRESHWAYSIDEGEETAODP CUTPINK200,M/91 cm,BKLADIES ETHNICKURTIKURTI SHORT,13,6,1200.00
BK,Binay Singh,LADIES ETHNIC,KURTI,KURTI SHORT,PRINT 38_46,FRESH,WAYSIDE,GEETA,ODP CUT,PINK,200,LADIES ETHNICKURTIKURTI SHORTPRINT 38_46FRESHWAYSIDEGEETAODP CUTPINK200,S/86 cm,BKLADIES ETHNICKURTIKURTI SHORT,13,6,1200.00
BK,Binay Singh,LADIES ETHNIC,KURTI,KURTI SHORT,PRINT 38_46,FRESH,WAYSIDE,GEETA,ODP CUT,PINK,200,LADIES ETHNICKURTIKURTI SHORTPRINT 38_46FRESHWAYSIDEGEETAODP CUTPINK200,XL/1.02 m,BKLADIES ETHNICKURTIKURTI SHORT,13,11,2200.00
BK,Binay Singh,LADIES ETHNIC,KURTI,KURTI SHORT,PRINT 38_46,FRESH,WAYSIDE,GEETA,ODP CUT,RED,200,LADIES ETHNICKURTIKURTI SHORTPRINT 38_46FRESHWAYSIDEGEETAODP CUTRED200,2XL/1.07 m,BKLADIES ETHNICKURTIKURTI SHORT,13,1,200.00
BR,Utpal Ray,LADIES ETHNIC,KURTI,KURTI SHORT,PRINT 38_46,FRESH,WAYSIDE,GEETA,ODP CUT,BROWN,200,LADIES ETHNICKURTIKURTI SHORTPRINT 38_46FRESHWAYSIDEGEETAODP CUTBROWN200,2XL/1.07 m,BRLADIES ETHNICKURTIKURTI SHORT,11,2,400.00
BR,Utpal Ray,LADIES ETHNIC,KURTI,KURTI SHORT,PRINT 38_46,FRESH,WAYSIDE,GEETA,ODP CUT,BROWN,200,LADIES ETHNICKURTIKURTI SHORTPRINT 38_46FRESHWAYSIDEGEETAODP CUTBROWN200,3XL/1.12 m,BRLADIES ETHNICKURTIKURTI SHORT,11,4,800.00
BR,Utpal Ray,LADIES ETHNIC,KURTI,KURTI SHORT,PRINT 38_46,FRESH,WAYSIDE,GEETA,ODP CUT,BROWN,200,LADIES ETHNICKURTIKURTI SHORTPRINT 38_46FRESHWAYSIDEGEETAODP CUTBROWN200,XL/1.02 m,BRLADIES ETHNICKURTIKURTI SHORT,11,1,200.00
BR,Utpal Ray,LADIES ETHNIC,KURTI,KURTI SHORT,PRINT 38_46,FRESH,WAYSIDE,GEETA,ODP CUT,GREEN,200,LADIES ETHNICKURTIKURTI SHORTPRINT 38_46FRESHWAYSIDEGEETAODP CUTGREEN200,2XL/1.07 m,BRLADIES ETHNICKURTIKURTI SHORT,11,5,1000.00
BR,Utpal Ray,LADIES ETHNIC,KURTI,KURTI SHORT,PRINT 38_46,FRESH,WAYSIDE,GEETA,ODP CUT,GREEN,200,LADIES ETHNICKURTIKURTI SHORTPRINT 38_46FRESHWAYSIDEGEETAODP CUTGREEN200,3XL/1.12 m,BRLADIES ETHNICKURTIKURTI SHORT,11,4,800.00
BR,Utpal Ray,LADIES ETHNIC,KURTI,KURTI SHORT,PRINT 38_46,FRESH,WAYSIDE,GEETA,ODP CUT,GREEN,200,LADIES ETHNICKURTIKURTI SHORTPRINT 38_46FRESHWAYSIDEGEETAODP CUTGREEN200,L/97 cm,BRLADIES ETHNICKURTIKURTI SHORT,11,5,1000.00
BR,Utpal Ray,LADIES ETHNIC,KURTI,KURTI SHORT,PRINT 38_46,FRESH,WAYSIDE,GEETA,ODP CUT,GREEN,200,LADIES ETHNICKURTIKURTI SHORTPRINT 38_46FRESHWAYSIDEGEETAODP CUTGREEN200,M/91 cm,BRLADIES ETHNICKURTIKURTI SHORT,11,1,200.00
BR,Utpal Ray,LADIES ETHNIC,KURTI,KURTI SHORT,PRINT 38_46,FRESH,WAYSIDE,GEETA,ODP CUT,GREEN,200,LADIES ETHNICKURTIKURTI SHORTPRINT 38_46FRESHWAYSIDEGEETAODP CUTGREEN200,XL/1.02 m,BRLADIES ETHNICKURTIKURTI SHORT,11,3,600.00
BR,Utpal Ray,LADIES ETHNIC,KURTI,KURTI SHORT,PRINT 38_46,FRESH,WAYSIDE,GEETA,ODP CUT,GREY,200,LADIES ETHNICKURTIKURTI SHORTPRINT 38_46FRESHWAYSIDEGEETAODP CUTGREY200,2XL/1.07 m,BRLADIES ETHNICKURTIKURTI SHORT,11,2,400.00
BR,Utpal Ray,LADIES ETHNIC,KURTI,KURTI SHORT,PRINT 38_46,FRESH,WAYSIDE,GEETA,ODP CUT,GREY,200,LADIES ETHNICKURTIKURTI SHORTPRINT 38_46FRESHWAYSIDEGEETAODP CUTGREY200,3XL/1.12 m,BRLADIES ETHNICKURTIKURTI SHORT,11,2,400.00
BR,Utpal Ray,LADIES ETHNIC,KURTI,KURTI SHORT,PRINT 38_46,FRESH,WAYSIDE,GEETA,ODP CUT,GREY,200,LADIES ETHNICKURTIKURTI SHORTPRINT 38_46FRESHWAYSIDEGEETAODP CUTGREY200,L/97 cm,BRLADIES ETHNICKURTIKURTI SHORT,11,4,800.00
BR,Utpal Ray,LADIES ETHNIC,KURTI,KURTI SHORT,PRINT 38_46,FRESH,WAYSIDE,GEETA,ODP CUT,GREY,200,LADIES ETHNICKURTIKURTI SHORTPRINT 38_46FRESHWAYSIDEGEETAODP CUTGREY200,M/91 cm,BRLADIES ETHNICKURTIKURTI SHORT,11,2,400.00
BR,Utpal Ray,LADIES ETHNIC,KURTI,KURTI SHORT,PRINT 38_46,FRESH,WAYSIDE,GEETA,ODP CUT,GREY,200,LADIES ETHNICKURTIKURTI SHORTPRINT 38_46FRESHWAYSIDEGEETAODP CUTGREY200,S/86 cm,BRLADIES ETHNICKURTIKURTI SHORT,11,1,200.00
BR,Utpal Ray,LADIES ETHNIC,KURTI,KURTI SHORT,PRINT 38_46,FRESH,WAYSIDE,GEETA,ODP CUT,GREY,200,LADIES ETHNICKURTIKURTI SHORTPRINT 38_46FRESHWAYSIDEGEETAODP CUTGREY200,XL/1.02 m,BRLADIES ETHNICKURTIKURTI SHORT,11,4,800.00
BR,Utpal Ray,LADIES ETHNIC,KURTI,KURTI SHORT,PRINT 38_46,FRESH,WAYSIDE,GEETA,ODP CUT,MUSTARD,200,LADIES ETHNICKURTIKURTI SHORTPRINT 38_46FRESHWAYSIDEGEETAODP CUTMUSTARD200,2XL/1.07 m,BRLADIES ETHNICKURTIKURTI SHORT,11,2,400.00
BR,Utpal Ray,LADIES ETHNIC,KURTI,KURTI SHORT,PRINT 38_46,FRESH,WAYSIDE,GEETA,ODP CUT,MUSTARD,200,LADIES ETHNICKURTIKURTI SHORTPRINT 38_46FRESHWAYSIDEGEETAODP CUTMUSTARD200,3XL/1.12 m,BRLADIES ETHNICKURTIKURTI SHORT,11,2,400.00
BR,Utpal Ray,LADIES ETHNIC,KURTI,KURTI SHORT,PRINT 38_46,FRESH,WAYSIDE,GEETA,ODP CUT,MUSTARD,200,LADIES ETHNICKURTIKURTI SHORTPRINT 38_46FRESHWAYSIDEGEETAODP CUTMUSTARD200,L/97 cm,BRLADIES ETHNICKURTIKURTI SHORT,11,3,600.00
BR,Utpal Ray,LADIES ETHNIC,KURTI,KURTI SHORT,PRINT 38_46,FRESH,WAYSIDE,GEETA,ODP CUT,MUSTARD,200,LADIES ETHNICKURTIKURTI SHORTPRINT 38_46FRESHWAYSIDEGEETAODP CUTMUSTARD200,M/91 cm,BRLADIES ETHNICKURTIKURTI SHORT,11,2,400.00
BR,Utpal Ray,LADIES ETHNIC,KURTI,KURTI SHORT,PRINT 38_46,FRESH,WAYSIDE,GEETA,ODP CUT,MUSTARD,200,LADIES ETHNICKURTIKURTI SHORTPRINT 38_46FRESHWAYSIDEGEETAODP CUTMUSTARD200,XL/1.02 m,BRLADIES ETHNICKURTIKURTI SHORT,11,1,200.00
BR,Utpal Ray,LADIES ETHNIC,KURTI,KURTI SHORT,PRINT 38_46,FRESH,WAYSIDE,GEETA,ODP CUT,MUSTARD,250,LADIES ETHNICKURTIKURTI SHORTPRINT 38_46FRESHWAYSIDEGEETAODP CUTMUSTARD250,5XL/1.21 m,BRLADIES ETHNICKURTIKURTI SHORT,11,2,500.00
BR,Utpal Ray,LADIES ETHNIC,KURTI,KURTI SHORT,PRINT 38_46,FRESH,WAYSIDE,GEETA,ODP CUT,NAVY,200,LADIES ETHNICKURTIKURTI SHORTPRINT 38_46FRESHWAYSIDEGEETAODP CUTNAVY200,2XL/1.07 m,BRLADIES ETHNICKURTIKURTI SHORT,11,1,200.00
BR,Utpal Ray,LADIES ETHNIC,KURTI,KURTI SHORT,PRINT 38_46,FRESH,WAYSIDE,GEETA,ODP CUT,NAVY,200,LADIES ETHNICKURTIKURTI SHORTPRINT 38_46FRESHWAYSIDEGEETAODP CUTNAVY200,3XL/1.12 m,BRLADIES ETHNICKURTIKURTI SHORT,11,1,200.00
BR,Utpal Ray,LADIES ETHNIC,KURTI,KURTI SHORT,PRINT 38_46,FRESH,WAYSIDE,GEETA,ODP CUT,OLIVE,250,LADIES ETHNICKURTIKURTI SHORTPRINT 38_46FRESHWAYSIDEGEETAODP CUTOLIVE250,5XL/1.21 m,BRLADIES ETHNICKURTIKURTI SHORT,11,2,500.00
BR,Utpal Ray,LADIES ETHNIC,KURTI,KURTI SHORT,PRINT 38_46,FRESH,WAYSIDE,GEETA,ODP CUT,PINK,200,LADIES ETHNICKURTIKURTI SHORTPRINT 38_46FRESHWAYSIDEGEETAODP CUTPINK200,2XL/1.07 m,BRLADIES ETHNICKURTIKURTI SHORT,11,7,1400.00
BR,Utpal Ray,LADIES ETHNIC,KURTI,KURTI SHORT,PRINT 38_46,FRESH,WAYSIDE,GEETA,ODP CUT,PINK,200,LADIES ETHNICKURTIKURTI SHORTPRINT 38_46FRESHWAYSIDEGEETAODP CUTPINK200,3XL/1.12 m,BRLADIES ETHNICKURTIKURTI SHORT,11,4,800.00
BR,Utpal Ray,LADIES ETHNIC,KURTI,KURTI SHORT,PRINT 38_46,FRESH,WAYSIDE,GEETA,ODP CUT,PINK,200,LADIES ETHNICKURTIKURTI SHORTPRINT 38_46FRESHWAYSIDEGEETAODP CUTPINK200,L/97 cm,BRLADIES ETHNICKURTIKURTI SHORT,11,9,1800.00
BR,Utpal Ray,LADIES ETHNIC,KURTI,KURTI SHORT,PRINT 38_46,FRESH,WAYSIDE,GEETA,ODP CUT,PINK,200,LADIES ETHNICKURTIKURTI SHORTPRINT 38_46FRESHWAYSIDEGEETAODP CUTPINK200,M/91 cm,BRLADIES ETHNICKURTIKURTI SHORT,11,5,1000.00
BR,Utpal Ray,LADIES ETHNIC,KURTI,KURTI SHORT,PRINT 38_46,FRESH,WAYSIDE,GEETA,ODP CUT,PINK,200,LADIES ETHNICKURTIKURTI SHORTPRINT 38_46FRESHWAYSIDEGEETAODP CUTPINK200,S/86 cm,BRLADIES ETHNICKURTIKURTI SHORT,11,2,400.00
BR,Utpal Ray,LADIES ETHNIC,KURTI,KURTI SHORT,PRINT 38_46,FRESH,WAYSIDE,GEETA,ODP CUT,PINK,200,LADIES ETHNICKURTIKURTI SHORTPRINT 38_46FRESHWAYSIDEGEETAODP CUTPINK200,XL/1.02 m,BRLADIES ETHNICKURTIKURTI SHORT,11,8,1600.00
BR,Utpal Ray,LADIES ETHNIC,KURTI,KURTI SHORT,PRINT 38_46,FRESH,WAYSIDE,GEETA,ODP CUT,PISTA,200,LADIES ETHNICKURTIKURTI SHORTPRINT 38_46FRESHWAYSIDEGEETAODP CUTPISTA200,3XL/1.12 m,BRLADIES ETHNICKURTIKURTI SHORT,11,5,1000.00
BR,Utpal Ray,LADIES ETHNIC,KURTI,KURTI SHORT,PRINT 38_46,FRESH,WAYSIDE,GEETA,ODP CUT,RED,200,LADIES ETHNICKURTIKURTI SHORTPRINT 38_46FRESHWAYSIDEGEETAODP CUTRED200,2XL/1.07 m,BRLADIES ETHNICKURTIKURTI SHORT,11,2,400.00
BR,Utpal Ray,LADIES ETHNIC,KURTI,KURTI SHORT,PRINT 38_46,FRESH,WAYSIDE,GEETA,ODP CUT,RED,200,LADIES ETHNICKURTIKURTI SHORTPRINT 38_46FRESHWAYSIDEGEETAODP CUTRED200,3XL/1.12 m,BRLADIES ETHNICKURTIKURTI SHORT,11,2,400.00
BR,Utpal Ray,LADIES ETHNIC,KURTI,KURTI SHORT,PRINT 38_46,FRESH,WAYSIDE,GEETA,ODP CUT,WHITE,250,LADIES ETHNICKURTIKURTI SHORTPRINT 38_46FRESHWAYSIDEGEETAODP CUTWHITE250,5XL/1.21 m,BRLADIES ETHNICKURTIKURTI SHORT,11,2,500.00
BT,Manish Singh,LADIES ETHNIC,KURTI,KURTI SHORT,PRINT 38_46,FRESH,WAYSIDE,GEETA,ODP CUT,BLACK,200,LADIES ETHNICKURTIKURTI SHORTPRINT 38_46FRESHWAYSIDEGEETAODP CUTBLACK200,2XL/1.07 m,BTLADIES ETHNICKURTIKURTI SHORT,12,1,200.00
BT,Manish Singh,LADIES ETHNIC,KURTI,KURTI SHORT,PRINT 38_46,FRESH,WAYSIDE,GEETA,ODP CUT,BROWN,200,LADIES ETHNICKURTIKURTI SHORTPRINT 38_46FRESHWAYSIDEGEETAODP CUTBROWN200,2XL/1.07 m,BTLADIES ETHNICKURTIKURTI SHORT,12,2,400.00
BT,Manish Singh,LADIES ETHNIC,KURTI,KURTI SHORT,PRINT 38_46,FRESH,WAYSIDE,GEETA,ODP CUT,BROWN,200,LADIES ETHNICKURTIKURTI SHORTPRINT 38_46FRESHWAYSIDEGEETAODP CUTBROWN200,3XL/1.12 m,BTLADIES ETHNICKURTIKURTI SHORT,12,2,400.00
BT,Manish Singh,LADIES ETHNIC,KURTI,KURTI SHORT,PRINT 38_46,FRESH,WAYSIDE,GEETA,ODP CUT,BROWN,200,LADIES ETHNICKURTIKURTI SHORTPRINT 38_46FRESHWAYSIDEGEETAODP CUTBROWN200,L/97 cm,BTLADIES ETHNICKURTIKURTI SHORT,12,3,600.00
BT,Manish Singh,LADIES ETHNIC,KURTI,KURTI SHORT,PRINT 38_46,FRESH,WAYSIDE,GEETA,ODP CUT,BROWN,200,LADIES ETHNICKURTIKURTI SHORTPRINT 38_46FRESHWAYSIDEGEETAODP CUTBROWN200,S/86 cm,BTLADIES ETHNICKURTIKURTI SHORT,12,1,200.00
BT,Manish Singh,LADIES ETHNIC,KURTI,KURTI SHORT,PRINT 38_46,FRESH,WAYSIDE,GEETA,ODP CUT,BROWN,200,LADIES ETHNICKURTIKURTI SHORTPRINT 38_46FRESHWAYSIDEGEETAODP CUTBROWN200,XL/1.02 m,BTLADIES ETHNICKURTIKURTI SHORT,12,2,400.00
BT,Manish Singh,LADIES ETHNIC,KURTI,KURTI SHORT,PRINT 38_46,FRESH,WAYSIDE,GEETA,ODP CUT,CORAL,200,LADIES ETHNICKURTIKURTI SHORTPRINT 38_46FRESHWAYSIDEGEETAODP CUTCORAL200,3XL/1.12 m,BTLADIES ETHNICKURTIKURTI SHORT,12,3,600.00
BT,Manish Singh,LADIES ETHNIC,KURTI,KURTI SHORT,PRINT 38_46,FRESH,WAYSIDE,GEETA,ODP CUT,CREAM,200,LADIES ETHNICKURTIKURTI SHORTPRINT 38_46FRESHWAYSIDEGEETAODP CUTCREAM200,3XL/1.12 m,BTLADIES ETHNICKURTIKURTI SHORT,12,1,200.00
BT,Manish Singh,LADIES ETHNIC,KURTI,KURTI SHORT,PRINT 38_46,FRESH,WAYSIDE,GEETA,ODP CUT,GREEN,200,LADIES ETHNICKURTIKURTI SHORTPRINT 38_46FRESHWAYSIDEGEETAODP CUTGREEN200,2XL/1.07 m,BTLADIES ETHNICKURTIKURTI SHORT,12,8,1600.00
BT,Manish Singh,LADIES ETHNIC,KURTI,KURTI SHORT,PRINT 38_46,FRESH,WAYSIDE,GEETA,ODP CUT,GREEN,200,LADIES ETHNICKURTIKURTI SHORTPRINT 38_46FRESHWAYSIDEGEETAODP CUTGREEN200,3XL/1.12 m,BTLADIES ETHNICKURTIKURTI SHORT,12,2,400.00
BT,Manish Singh,LADIES ETHNIC,KURTI,KURTI SHORT,PRINT 38_46,FRESH,WAYSIDE,GEETA,ODP CUT,GREEN,200,LADIES ETHNICKURTIKURTI SHORTPRINT 38_46FRESHWAYSIDEGEETAODP CUTGREEN200,L/97 cm,BTLADIES ETHNICKURTIKURTI SHORT,12,6,1200.00
BT,Manish Singh,LADIES ETHNIC,KURTI,KURTI SHORT,PRINT 38_46,FRESH,WAYSIDE,GEETA,ODP CUT,GREEN,200,LADIES ETHNICKURTIKURTI SHORTPRINT 38_46FRESHWAYSIDEGEETAODP CUTGREEN200,M/91 cm,BTLADIES ETHNICKURTIKURTI SHORT,12,4,800.00
BT,Manish Singh,LADIES ETHNIC,KURTI,KURTI SHORT,PRINT 38_46,FRESH,WAYSIDE,GEETA,ODP CUT,GREEN,200,LADIES ETHNICKURTIKURTI SHORTPRINT 38_46FRESHWAYSIDEGEETAODP CUTGREEN200,S/86 cm,BTLADIES ETHNICKURTIKURTI SHORT,12,1,200.00
BT,Manish Singh,LADIES ETHNIC,KURTI,KURTI SHORT,PRINT 38_46,FRESH,WAYSIDE,GEETA,ODP CUT,GREEN,200,LADIES ETHNICKURTIKURTI SHORTPRINT 38_46FRESHWAYSIDEGEETAODP CUTGREEN200,XL/1.02 m,BTLADIES ETHNICKURTIKURTI SHORT,12,7,1400.00
BT,Manish Singh,LADIES ETHNIC,KURTI,KURTI SHORT,PRINT 38_46,FRESH,WAYSIDE,GEETA,ODP CUT,GREY,200,LADIES ETHNICKURTIKURTI SHORTPRINT 38_46FRESHWAYSIDEGEETAODP CUTGREY200,2XL/1.07 m,BTLADIES ETHNICKURTIKURTI SHORT,12,6,1200.00
BT,Manish Singh,LADIES ETHNIC,KURTI,KURTI SHORT,PRINT 38_46,FRESH,WAYSIDE,GEETA,ODP CUT,GREY,200,LADIES ETHNICKURTIKURTI SHORTPRINT 38_46FRESHWAYSIDEGEETAODP CUTGREY200,3XL/1.12 m,BTLADIES ETHNICKURTIKURTI SHORT,12,2,400.00
BT,Manish Singh,LADIES ETHNIC,KURTI,KURTI SHORT,PRINT 38_46,FRESH,WAYSIDE,GEETA,ODP CUT,GREY,200,LADIES ETHNICKURTIKURTI SHORTPRINT 38_46FRESHWAYSIDEGEETAODP CUTGREY200,L/97 cm,BTLADIES ETHNICKURTIKURTI SHORT,12,4,800.00
BT,Manish Singh,LADIES ETHNIC,KURTI,KURTI SHORT,PRINT 38_46,FRESH,WAYSIDE,GEETA,ODP CUT,GREY,200,LADIES ETHNICKURTIKURTI SHORTPRINT 38_46FRESHWAYSIDEGEETAODP CUTGREY200,M/91 cm,BTLADIES ETHNICKURTIKURTI SHORT,12,4,800.00
BT,Manish Singh,LADIES ETHNIC,KURTI,KURTI SHORT,PRINT 38_46,FRESH,WAYSIDE,GEETA,ODP CUT,GREY,200,LADIES ETHNICKURTIKURTI SHORTPRINT 38_46FRESHWAYSIDEGEETAODP CUTGREY200,S/86 cm,BTLADIES ETHNICKURTIKURTI SHORT,12,1,200.00
BT,Manish Singh,LADIES ETHNIC,KURTI,KURTI SHORT,PRINT 38_46,FRESH,WAYSIDE,GEETA,ODP CUT,GREY,200,LADIES ETHNICKURTIKURTI SHORTPRINT 38_46FRESHWAYSIDEGEETAODP CUTGREY200,XL/1.02 m,BTLADIES ETHNICKURTIKURTI SHORT,12,2,400.00
BT,Manish Singh,LADIES ETHNIC,KURTI,KURTI SHORT,PRINT 38_46,FRESH,WAYSIDE,GEETA,ODP CUT,LAVENDER,200,LADIES ETHNICKURTIKURTI SHORTPRINT 38_46FRESHWAYSIDEGEETAODP CUTLAVENDER200,2XL/1.07 m,BTLADIES ETHNICKURTIKURTI SHORT,12,4,800.00
BT,Manish Singh,LADIES ETHNIC,KURTI,KURTI SHORT,PRINT 38_46,FRESH,WAYSIDE,GEETA,ODP CUT,LAVENDER,200,LADIES ETHNICKURTIKURTI SHORTPRINT 38_46FRESHWAYSIDEGEETAODP CUTLAVENDER200,3XL/1.12 m,BTLADIES ETHNICKURTIKURTI SHORT,12,1,200.00
BT,Manish Singh,LADIES ETHNIC,KURTI,KURTI SHORT,PRINT 38_46,FRESH,WAYSIDE,GEETA,ODP CUT,LAVENDER,200,LADIES ETHNICKURTIKURTI SHORTPRINT 38_46FRESHWAYSIDEGEETAODP CUTLAVENDER200,M/91 cm,BTLADIES ETHNICKURTIKURTI SHORT,12,2,400.00
BT,Manish Singh,LADIES ETHNIC,KURTI,KURTI SHORT,PRINT 38_46,FRESH,WAYSIDE,GEETA,ODP CUT,LAVENDER,200,LADIES ETHNICKURTIKURTI SHORTPRINT 38_46FRESHWAYSIDEGEETAODP CUTLAVENDER200,XL/1.02 m,BTLADIES ETHNICKURTIKURTI SHORT,12,1,200.00
BT,Manish Singh,LADIES ETHNIC,KURTI,KURTI SHORT,PRINT 38_46,FRESH,WAYSIDE,GEETA,ODP CUT,MUSTARD,200,LADIES ETHNICKURTIKURTI SHORTPRINT 38_46FRESHWAYSIDEGEETAODP CUTMUSTARD200,2XL/1.07 m,BTLADIES ETHNICKURTIKURTI SHORT,12,6,1200.00
BT,Manish Singh,LADIES ETHNIC,KURTI,KURTI SHORT,PRINT 38_46,FRESH,WAYSIDE,GEETA,ODP CUT,MUSTARD,200,LADIES ETHNICKURTIKURTI SHORTPRINT 38_46FRESHWAYSIDEGEETAODP CUTMUSTARD200,3XL/1.12 m,BTLADIES ETHNICKURTIKURTI SHORT,12,3,600.00
BT,Manish Singh,LADIES ETHNIC,KURTI,KURTI SHORT,PRINT 38_46,FRESH,WAYSIDE,GEETA,ODP CUT,MUSTARD,200,LADIES ETHNICKURTIKURTI SHORTPRINT 38_46FRESHWAYSIDEGEETAODP CUTMUSTARD200,L/97 cm,BTLADIES ETHNICKURTIKURTI SHORT,12,4,800.00
BT,Manish Singh,LADIES ETHNIC,KURTI,KURTI SHORT,PRINT 38_46,FRESH,WAYSIDE,GEETA,ODP CUT,MUSTARD,200,LADIES ETHNICKURTIKURTI SHORTPRINT 38_46FRESHWAYSIDEGEETAODP CUTMUSTARD200,M/91 cm,BTLADIES ETHNICKURTIKURTI SHORT,12,4,800.00
BT,Manish Singh,LADIES ETHNIC,KURTI,KURTI SHORT,PRINT 38_46,FRESH,WAYSIDE,GEETA,ODP CUT,MUSTARD,200,LADIES ETHNICKURTIKURTI SHORTPRINT 38_46FRESHWAYSIDEGEETAODP CUTMUSTARD200,S/86 cm,BTLADIES ETHNICKURTIKURTI SHORT,12,2,400.00
BT,Manish Singh,LADIES ETHNIC,KURTI,KURTI SHORT,PRINT 38_46,FRESH,WAYSIDE,GEETA,ODP CUT,MUSTARD,200,LADIES ETHNICKURTIKURTI SHORTPRINT 38_46FRESHWAYSIDEGEETAODP CUTMUSTARD200,XL/1.02 m,BTLADIES ETHNICKURTIKURTI SHORT,12,4,800.00
BT,Manish Singh,LADIES ETHNIC,KURTI,KURTI SHORT,PRINT 38_46,FRESH,WAYSIDE,GEETA,ODP CUT,MUSTARD,250,LADIES ETHNICKURTIKURTI SHORTPRINT 38_46FRESHWAYSIDEGEETAODP CUTMUSTARD250,5XL/1.21 m,BTLADIES ETHNICKURTIKURTI SHORT,12,2,500.00
BT,Manish Singh,LADIES ETHNIC,KURTI,KURTI SHORT,PRINT 38_46,FRESH,WAYSIDE,GEETA,ODP CUT,NAVY,200,LADIES ETHNICKURTIKURTI SHORTPRINT 38_46FRESHWAYSIDEGEETAODP CUTNAVY200,3XL/1.12 m,BTLADIES ETHNICKURTIKURTI SHORT,12,1,200.00
BT,Manish Singh,LADIES ETHNIC,KURTI,KURTI SHORT,PRINT 38_46,FRESH,WAYSIDE,GEETA,ODP CUT,NAVY,200,LADIES ETHNICKURTIKURTI SHORTPRINT 38_46FRESHWAYSIDEGEETAODP CUTNAVY200,S/86 cm,BTLADIES ETHNICKURTIKURTI SHORT,12,1,200.00
BT,Manish Singh,LADIES ETHNIC,KURTI,KURTI SHORT,PRINT 38_46,FRESH,WAYSIDE,GEETA,ODP CUT,NAVY,200,LADIES ETHNICKURTIKURTI SHORTPRINT 38_46FRESHWAYSIDEGEETAODP CUTNAVY200,XL/1.02 m,BTLADIES ETHNICKURTIKURTI SHORT,12,2,400.00
BT,Manish Singh,LADIES ETHNIC,KURTI,KURTI SHORT,PRINT 38_46,FRESH,WAYSIDE,GEETA,ODP CUT,OLIVE,250,LADIES ETHNICKURTIKURTI SHORTPRINT 38_46FRESHWAYSIDEGEETAODP CUTOLIVE250,5XL/1.21 m,BTLADIES ETHNICKURTIKURTI SHORT,12,2,500.00
BT,Manish Singh,LADIES ETHNIC,KURTI,KURTI SHORT,PRINT 38_46,FRESH,WAYSIDE,GEETA,ODP CUT,PINK,200,LADIES ETHNICKURTIKURTI SHORTPRINT 38_46FRESHWAYSIDEGEETAODP CUTPINK200,2XL/1.07 m,BTLADIES ETHNICKURTIKURTI SHORT,12,9,1800.00
BT,Manish Singh,LADIES ETHNIC,KURTI,KURTI SHORT,PRINT 38_46,FRESH,WAYSIDE,GEETA,ODP CUT,PINK,200,LADIES ETHNICKURTIKURTI SHORTPRINT 38_46FRESHWAYSIDEGEETAODP CUTPINK200,3XL/1.12 m,BTLADIES ETHNICKURTIKURTI SHORT,12,6,1200.00
BT,Manish Singh,LADIES ETHNIC,KURTI,KURTI SHORT,PRINT 38_46,FRESH,WAYSIDE,GEETA,ODP CUT,PINK,200,LADIES ETHNICKURTIKURTI SHORTPRINT 38_46FRESHWAYSIDEGEETAODP CUTPINK200,L/97 cm,BTLADIES ETHNICKURTIKURTI SHORT,12,10,2000.00
BT,Manish Singh,LADIES ETHNIC,KURTI,KURTI SHORT,PRINT 38_46,FRESH,WAYSIDE,GEETA,ODP CUT,PINK,200,LADIES ETHNICKURTIKURTI SHORTPRINT 38_46FRESHWAYSIDEGEETAODP CUTPINK200,M/91 cm,BTLADIES ETHNICKURTIKURTI SHORT,12,8,1600.00
BT,Manish Singh,LADIES ETHNIC,KURTI,KURTI SHORT,PRINT 38_46,FRESH,WAYSIDE,GEETA,ODP CUT,PINK,200,LADIES ETHNICKURTIKURTI SHORTPRINT 38_46FRESHWAYSIDEGEETAODP CUTPINK200,S/86 cm,BTLADIES ETHNICKURTIKURTI SHORT,12,3,600.00
BT,Manish Singh,LADIES ETHNIC,KURTI,KURTI SHORT,PRINT 38_46,FRESH,WAYSIDE,GEETA,ODP CUT,PINK,200,LADIES ETHNICKURTIKURTI SHORTPRINT 38_46FRESHWAYSIDEGEETAODP CUTPINK200,XL/1.02 m,BTLADIES ETHNICKURTIKURTI SHORT,12,6,1200.00
BT,Manish Singh,LADIES ETHNIC,KURTI,KURTI SHORT,PRINT 38_46,FRESH,WAYSIDE,GEETA,ODP CUT,PISTA,200,LADIES ETHNICKURTIKURTI SHORTPRINT 38_46FRESHWAYSIDEGEETAODP CUTPISTA200,2XL/1.07 m,BTLADIES ETHNICKURTIKURTI SHORT,12,1,200.00
BT,Manish Singh,LADIES ETHNIC,KURTI,KURTI SHORT,PRINT 38_46,FRESH,WAYSIDE,GEETA,ODP CUT,RANI,200,LADIES ETHNICKURTIKURTI SHORTPRINT 38_46FRESHWAYSIDEGEETAODP CUTRANI200,XL/1.02 m,BTLADIES ETHNICKURTIKURTI SHORT,12,1,200.00
BW,Manas Purohit,LADIES ETHNIC,KURTI,KURTI SHORT,PRINT 38_46,FRESH,WAYSIDE,GEETA,ODP CUT,BROWN,200,LADIES ETHNICKURTIKURTI SHORTPRINT 38_46FRESHWAYSIDEGEETAODP CUTBROWN200,2XL/1.07 m,BWLADIES ETHNICKURTIKURTI SHORT,3,5,1000.00
BW,Manas Purohit,LADIES ETHNIC,KURTI,KURTI SHORT,PRINT 38_46,FRESH,WAYSIDE,GEETA,ODP CUT,BROWN,200,LADIES ETHNICKURTIKURTI SHORTPRINT 38_46FRESHWAYSIDEGEETAODP CUTBROWN200,3XL/1.12 m,BWLADIES ETHNICKURTIKURTI SHORT,3,2,400.00
BW,Manas Purohit,LADIES ETHNIC,KURTI,KURTI SHORT,PRINT 38_46,FRESH,WAYSIDE,GEETA,ODP CUT,BROWN,200,LADIES ETHNICKURTIKURTI SHORTPRINT 38_46FRESHWAYSIDEGEETAODP CUTBROWN200,L/97 cm,BWLADIES ETHNICKURTIKURTI SHORT,3,1,200.00
BW,Manas Purohit,LADIES ETHNIC,KURTI,KURTI SHORT,PRINT 38_46,FRESH,WAYSIDE,GEETA,ODP CUT,BROWN,200,LADIES ETHNICKURTIKURTI SHORTPRINT 38_46FRESHWAYSIDEGEETAODP CUTBROWN200,XL/1.02 m,BWLADIES ETHNICKURTIKURTI SHORT,3,4,800.00
BW,Manas Purohit,LADIES ETHNIC,KURTI,KURTI SHORT,PRINT 38_46,FRESH,WAYSIDE,GEETA,ODP CUT,GREEN,200,LADIES ETHNICKURTIKURTI SHORTPRINT 38_46FRESHWAYSIDEGEETAODP CUTGREEN200,2XL/1.07 m,BWLADIES ETHNICKURTIKURTI SHORT,3,8,1600.00
BW,Manas Purohit,LADIES ETHNIC,KURTI,KURTI SHORT,PRINT 38_46,FRESH,WAYSIDE,GEETA,ODP CUT,GREEN,200,LADIES ETHNICKURTIKURTI SHORTPRINT 38_46FRESHWAYSIDEGEETAODP CUTGREEN200,3XL/1.12 m,BWLADIES ETHNICKURTIKURTI SHORT,3,5,1000.00
BW,Manas Purohit,LADIES ETHNIC,KURTI,KURTI SHORT,PRINT 38_46,FRESH,WAYSIDE,GEETA,ODP CUT,GREEN,200,LADIES ETHNICKURTIKURTI SHORTPRINT 38_46FRESHWAYSIDEGEETAODP CUTGREEN200,L/97 cm,BWLADIES ETHNICKURTIKURTI SHORT,3,2,400.00
BW,Manas Purohit,LADIES ETHNIC,KURTI,KURTI SHORT,PRINT 38_46,FRESH,WAYSIDE,GEETA,ODP CUT,GREEN,200,LADIES ETHNICKURTIKURTI SHORTPRINT 38_46FRESHWAYSIDEGEETAODP CUTGREEN200,M/91 cm,BWLADIES ETHNICKURTIKURTI SHORT,3,2,400.00
BW,Manas Purohit,LADIES ETHNIC,KURTI,KURTI SHORT,PRINT 38_46,FRESH,WAYSIDE,GEETA,ODP CUT,GREEN,200,LADIES ETHNICKURTIKURTI SHORTPRINT 38_46FRESHWAYSIDEGEETAODP CUTGREEN200,S/86 cm,BWLADIES ETHNICKURTIKURTI SHORT,3,2,400.00
BW,Manas Purohit,LADIES ETHNIC,KURTI,KURTI SHORT,PRINT 38_46,FRESH,WAYSIDE,GEETA,ODP CUT,GREEN,200,LADIES ETHNICKURTIKURTI SHORTPRINT 38_46FRESHWAYSIDEGEETAODP CUTGREEN200,XL/1.02 m,BWLADIES ETHNICKURTIKURTI SHORT,3,7,1400.00
BW,Manas Purohit,LADIES ETHNIC,KURTI,KURTI SHORT,PRINT 38_46,FRESH,WAYSIDE,GEETA,ODP CUT,GREY,200,LADIES ETHNICKURTIKURTI SHORTPRINT 38_46FRESHWAYSIDEGEETAODP CUTGREY200,2XL/1.07 m,BWLADIES ETHNICKURTIKURTI SHORT,3,4,800.00
BW,Manas Purohit,LADIES ETHNIC,KURTI,KURTI SHORT,PRINT 38_46,FRESH,WAYSIDE,GEETA,ODP CUT,GREY,200,LADIES ETHNICKURTIKURTI SHORTPRINT 38_46FRESHWAYSIDEGEETAODP CUTGREY200,3XL/1.12 m,BWLADIES ETHNICKURTIKURTI SHORT,3,2,400.00
BW,Manas Purohit,LADIES ETHNIC,KURTI,KURTI SHORT,PRINT 38_46,FRESH,WAYSIDE,GEETA,ODP CUT,GREY,200,LADIES ETHNICKURTIKURTI SHORTPRINT 38_46FRESHWAYSIDEGEETAODP CUTGREY200,L/97 cm,BWLADIES ETHNICKURTIKURTI SHORT,3,3,600.00
BW,Manas Purohit,LADIES ETHNIC,KURTI,KURTI SHORT,PRINT 38_46,FRESH,WAYSIDE,GEETA,ODP CUT,GREY,200,LADIES ETHNICKURTIKURTI SHORTPRINT 38_46FRESHWAYSIDEGEETAODP CUTGREY200,M/91 cm,BWLADIES ETHNICKURTIKURTI SHORT,3,3,600.00
BW,Manas Purohit,LADIES ETHNIC,KURTI,KURTI SHORT,PRINT 38_46,FRESH,WAYSIDE,GEETA,ODP CUT,GREY,200,LADIES ETHNICKURTIKURTI SHORTPRINT 38_46FRESHWAYSIDEGEETAODP CUTGREY200,S/86 cm,BWLADIES ETHNICKURTIKURTI SHORT,3,2,400.00
BW,Manas Purohit,LADIES ETHNIC,KURTI,KURTI SHORT,PRINT 38_46,FRESH,WAYSIDE,GEETA,ODP CUT,GREY,200,LADIES ETHNICKURTIKURTI SHORTPRINT 38_46FRESHWAYSIDEGEETAODP CUTGREY200,XL/1.02 m,BWLADIES ETHNICKURTIKURTI SHORT,3,4,800.00
BW,Manas Purohit,LADIES ETHNIC,KURTI,KURTI SHORT,PRINT 38_46,FRESH,WAYSIDE,GEETA,ODP CUT,MUSTARD,200,LADIES ETHNICKURTIKURTI SHORTPRINT 38_46FRESHWAYSIDEGEETAODP CUTMUSTARD200,2XL/1.07 m,BWLADIES ETHNICKURTIKURTI SHORT,3,3,600.00
BW,Manas Purohit,LADIES ETHNIC,KURTI,KURTI SHORT,PRINT 38_46,FRESH,WAYSIDE,GEETA,ODP CUT,MUSTARD,200,LADIES ETHNICKURTIKURTI SHORTPRINT 38_46FRESHWAYSIDEGEETAODP CUTMUSTARD200,3XL/1.12 m,BWLADIES ETHNICKURTIKURTI SHORT,3,2,400.00
BW,Manas Purohit,LADIES ETHNIC,KURTI,KURTI SHORT,PRINT 38_46,FRESH,WAYSIDE,GEETA,ODP CUT,MUSTARD,200,LADIES ETHNICKURTIKURTI SHORTPRINT 38_46FRESHWAYSIDEGEETAODP CUTMUSTARD200,L/97 cm,BWLADIES ETHNICKURTIKURTI SHORT,3,4,800.00
BW,Manas Purohit,LADIES ETHNIC,KURTI,KURTI SHORT,PRINT 38_46,FRESH,WAYSIDE,GEETA,ODP CUT,MUSTARD,200,LADIES ETHNICKURTIKURTI SHORTPRINT 38_46FRESHWAYSIDEGEETAODP CUTMUSTARD200,M/91 cm,BWLADIES ETHNICKURTIKURTI SHORT,3,2,400.00
BW,Manas Purohit,LADIES ETHNIC,KURTI,KURTI SHORT,PRINT 38_46,FRESH,WAYSIDE,GEETA,ODP CUT,MUSTARD,200,LADIES ETHNICKURTIKURTI SHORTPRINT 38_46FRESHWAYSIDEGEETAODP CUTMUSTARD200,S/86 cm,BWLADIES ETHNICKURTIKURTI SHORT,3,2,400.00
BW,Manas Purohit,LADIES ETHNIC,KURTI,KURTI SHORT,PRINT 38_46,FRESH,WAYSIDE,GEETA,ODP CUT,MUSTARD,200,LADIES ETHNICKURTIKURTI SHORTPRINT 38_46FRESHWAYSIDEGEETAODP CUTMUSTARD200,XL/1.02 m,BWLADIES ETHNICKURTIKURTI SHORT,3,3,600.00
BW,Manas Purohit,LADIES ETHNIC,KURTI,KURTI SHORT,PRINT 38_46,FRESH,WAYSIDE,GEETA,ODP CUT,NAVY,200,LADIES ETHNICKURTIKURTI SHORTPRINT 38_46FRESHWAYSIDEGEETAODP CUTNAVY200,2XL/1.07 m,BWLADIES ETHNICKURTIKURTI SHORT,3,3,600.00
BW,Manas Purohit,LADIES ETHNIC,KURTI,KURTI SHORT,PRINT 38_46,FRESH,WAYSIDE,GEETA,ODP CUT,NAVY,200,LADIES ETHNICKURTIKURTI SHORTPRINT 38_46FRESHWAYSIDEGEETAODP CUTNAVY200,3XL/1.12 m,BWLADIES ETHNICKURTIKURTI SHORT,3,1,200.00
BW,Manas Purohit,LADIES ETHNIC,KURTI,KURTI SHORT,PRINT 38_46,FRESH,WAYSIDE,GEETA,ODP CUT,NAVY,200,LADIES ETHNICKURTIKURTI SHORTPRINT 38_46FRESHWAYSIDEGEETAODP CUTNAVY200,L/97 cm,BWLADIES ETHNICKURTIKURTI SHORT,3,4,800.00
BW,Manas Purohit,LADIES ETHNIC,KURTI,KURTI SHORT,PRINT 38_46,FRESH,WAYSIDE,GEETA,ODP CUT,NAVY,200,LADIES ETHNICKURTIKURTI SHORTPRINT 38_46FRESHWAYSIDEGEETAODP CUTNAVY200,M/91 cm,BWLADIES ETHNICKURTIKURTI SHORT,3,1,200.00
BW,Manas Purohit,LADIES ETHNIC,KURTI,KURTI SHORT,PRINT 38_46,FRESH,WAYSIDE,GEETA,ODP CUT,NAVY,200,LADIES ETHNICKURTIKURTI SHORTPRINT 38_46FRESHWAYSIDEGEETAODP CUTNAVY200,XL/1.02 m,BWLADIES ETHNICKURTIKURTI SHORT,3,3,600.00
BW,Manas Purohit,LADIES ETHNIC,KURTI,KURTI SHORT,PRINT 38_46,FRESH,WAYSIDE,GEETA,ODP CUT,PINK,200,LADIES ETHNICKURTIKURTI SHORTPRINT 38_46FRESHWAYSIDEGEETAODP CUTPINK200,2XL/1.07 m,BWLADIES ETHNICKURTIKURTI SHORT,3,4,800.00
BW,Manas Purohit,LADIES ETHNIC,KURTI,KURTI SHORT,PRINT 38_46,FRESH,WAYSIDE,GEETA,ODP CUT,PINK,200,LADIES ETHNICKURTIKURTI SHORTPRINT 38_46FRESHWAYSIDEGEETAODP CUTPINK200,3XL/1.12 m,BWLADIES ETHNICKURTIKURTI SHORT,3,4,800.00
BW,Manas Purohit,LADIES ETHNIC,KURTI,KURTI SHORT,PRINT 38_46,FRESH,WAYSIDE,GEETA,ODP CUT,PINK,200,LADIES ETHNICKURTIKURTI SHORTPRINT 38_46FRESHWAYSIDEGEETAODP CUTPINK200,L/97 cm,BWLADIES ETHNICKURTIKURTI SHORT,3,6,1200.00
BW,Manas Purohit,LADIES ETHNIC,KURTI,KURTI SHORT,PRINT 38_46,FRESH,WAYSIDE,GEETA,ODP CUT,PINK,200,LADIES ETHNICKURTIKURTI SHORTPRINT 38_46FRESHWAYSIDEGEETAODP CUTPINK200,M/91 cm,BWLADIES ETHNICKURTIKURTI SHORT,3,2,400.00
BW,Manas Purohit,LADIES ETHNIC,KURTI,KURTI SHORT,PRINT 38_46,FRESH,WAYSIDE,GEETA,ODP CUT,PINK,200,LADIES ETHNICKURTIKURTI SHORTPRINT 38_46FRESHWAYSIDEGEETAODP CUTPINK200,S/86 cm,BWLADIES ETHNICKURTIKURTI SHORT,3,2,400.00
BW,Manas Purohit,LADIES ETHNIC,KURTI,KURTI SHORT,PRINT 38_46,FRESH,WAYSIDE,GEETA,ODP CUT,PINK,200,LADIES ETHNICKURTIKURTI SHORTPRINT 38_46FRESHWAYSIDEGEETAODP CUTPINK200,XL/1.02 m,BWLADIES ETHNICKURTIKURTI SHORT,3,6,1200.00
CB,Pintu Singh,LADIES ETHNIC,KURTI,KURTI SHORT,PRINT 38_46,FRESH,WAYSIDE,GEETA,ODP CUT,BROWN,200,LADIES ETHNICKURTIKURTI SHORTPRINT 38_46FRESHWAYSIDEGEETAODP CUTBROWN200,2XL/1.07 m,CBLADIES ETHNICKURTIKURTI SHORT,8,4,800.00
CB,Pintu Singh,LADIES ETHNIC,KURTI,KURTI SHORT,PRINT 38_46,FRESH,WAYSIDE,GEETA,ODP CUT,BROWN,200,LADIES ETHNICKURTIKURTI SHORTPRINT 38_46FRESHWAYSIDEGEETAODP CUTBROWN200,L/97 cm,CBLADIES ETHNICKURTIKURTI SHORT,8,1,200.00
CB,Pintu Singh,LADIES ETHNIC,KURTI,KURTI SHORT,PRINT 38_46,FRESH,WAYSIDE,GEETA,ODP CUT,BROWN,200,LADIES ETHNICKURTIKURTI SHORTPRINT 38_46FRESHWAYSIDEGEETAODP CUTBROWN200,S/86 cm,CBLADIES ETHNICKURTIKURTI SHORT,8,1,200.00
CB,Pintu Singh,LADIES ETHNIC,KURTI,KURTI SHORT,PRINT 38_46,FRESH,WAYSIDE,GEETA,ODP CUT,BROWN,200,LADIES ETHNICKURTIKURTI SHORTPRINT 38_46FRESHWAYSIDEGEETAODP CUTBROWN200,XL/1.02 m,CBLADIES ETHNICKURTIKURTI SHORT,8,1,200.00
CB,Pintu Singh,LADIES ETHNIC,KURTI,KURTI SHORT,PRINT 38_46,FRESH,WAYSIDE,GEETA,ODP CUT,CORAL,200,LADIES ETHNICKURTIKURTI SHORTPRINT 38_46FRESHWAYSIDEGEETAODP CUTCORAL200,S/86 cm,CBLADIES ETHNICKURTIKURTI SHORT,8,1,200.00
CB,Pintu Singh,LADIES ETHNIC,KURTI,KURTI SHORT,PRINT 38_46,FRESH,WAYSIDE,GEETA,ODP CUT,CREAM,200,LADIES ETHNICKURTIKURTI SHORTPRINT 38_46FRESHWAYSIDEGEETAODP CUTCREAM200,2XL/1.07 m,CBLADIES ETHNICKURTIKURTI SHORT,8,1,200.00
CB,Pintu Singh,LADIES ETHNIC,KURTI,KURTI SHORT,PRINT 38_46,FRESH,WAYSIDE,GEETA,ODP CUT,GREEN,200,LADIES ETHNICKURTIKURTI SHORTPRINT 38_46FRESHWAYSIDEGEETAODP CUTGREEN200,2XL/1.07 m,CBLADIES ETHNICKURTIKURTI SHORT,8,7,1400.00
CB,Pintu Singh,LADIES ETHNIC,KURTI,KURTI SHORT,PRINT 38_46,FRESH,WAYSIDE,GEETA,ODP CUT,GREEN,200,LADIES ETHNICKURTIKURTI SHORTPRINT 38_46FRESHWAYSIDEGEETAODP CUTGREEN200,3XL/1.12 m,CBLADIES ETHNICKURTIKURTI SHORT,8,2,400.00
CB,Pintu Singh,LADIES ETHNIC,KURTI,KURTI SHORT,PRINT 38_46,FRESH,WAYSIDE,GEETA,ODP CUT,GREEN,200,LADIES ETHNICKURTIKURTI SHORTPRINT 38_46FRESHWAYSIDEGEETAODP CUTGREEN200,L/97 cm,CBLADIES ETHNICKURTIKURTI SHORT,8,7,1400.00
CB,Pintu Singh,LADIES ETHNIC,KURTI,KURTI SHORT,PRINT 38_46,FRESH,WAYSIDE,GEETA,ODP CUT,GREEN,200,LADIES ETHNICKURTIKURTI SHORTPRINT 38_46FRESHWAYSIDEGEETAODP CUTGREEN200,M/91 cm,CBLADIES ETHNICKURTIKURTI SHORT,8,2,400.00
CB,Pintu Singh,LADIES ETHNIC,KURTI,KURTI SHORT,PRINT 38_46,FRESH,WAYSIDE,GEETA,ODP CUT,GREEN,200,LADIES ETHNICKURTIKURTI SHORTPRINT 38_46FRESHWAYSIDEGEETAODP CUTGREEN200,XL/1.02 m,CBLADIES ETHNICKURTIKURTI SHORT,8,6,1200.00
CB,Pintu Singh,LADIES ETHNIC,KURTI,KURTI SHORT,PRINT 38_46,FRESH,WAYSIDE,GEETA,ODP CUT,GREY,200,LADIES ETHNICKURTIKURTI SHORTPRINT 38_46FRESHWAYSIDEGEETAODP CUTGREY200,2XL/1.07 m,CBLADIES ETHNICKURTIKURTI SHORT,8,4,800.00
CB,Pintu Singh,LADIES ETHNIC,KURTI,KURTI SHORT,PRINT 38_46,FRESH,WAYSIDE,GEETA,ODP CUT,GREY,200,LADIES ETHNICKURTIKURTI SHORTPRINT 38_46FRESHWAYSIDEGEETAODP CUTGREY200,3XL/1.12 m,CBLADIES ETHNICKURTIKURTI SHORT,8,2,400.00
CB,Pintu Singh,LADIES ETHNIC,KURTI,KURTI SHORT,PRINT 38_46,FRESH,WAYSIDE,GEETA,ODP CUT,GREY,200,LADIES ETHNICKURTIKURTI SHORTPRINT 38_46FRESHWAYSIDEGEETAODP CUTGREY200,L/97 cm,CBLADIES ETHNICKURTIKURTI SHORT,8,2,400.00
CB,Pintu Singh,LADIES ETHNIC,KURTI,KURTI SHORT,PRINT 38_46,FRESH,WAYSIDE,GEETA,ODP CUT,GREY,200,LADIES ETHNICKURTIKURTI SHORTPRINT 38_46FRESHWAYSIDEGEETAODP CUTGREY200,M/91 cm,CBLADIES ETHNICKURTIKURTI SHORT,8,2,400.00
CB,Pintu Singh,LADIES ETHNIC,KURTI,KURTI SHORT,PRINT 38_46,FRESH,WAYSIDE,GEETA,ODP CUT,GREY,200,LADIES ETHNICKURTIKURTI SHORTPRINT 38_46FRESHWAYSIDEGEETAODP CUTGREY200,XL/1.02 m,CBLADIES ETHNICKURTIKURTI SHORT,8,4,800.00
CB,Pintu Singh,LADIES ETHNIC,KURTI,KURTI SHORT,PRINT 38_46,FRESH,WAYSIDE,GEETA,ODP CUT,LAVENDER,200,LADIES ETHNICKURTIKURTI SHORTPRINT 38_46FRESHWAYSIDEGEETAODP CUTLAVENDER200,L/97 cm,CBLADIES ETHNICKURTIKURTI SHORT,8,4,800.00
CB,Pintu Singh,LADIES ETHNIC,KURTI,KURTI SHORT,PRINT 38_46,FRESH,WAYSIDE,GEETA,ODP CUT,MUSTARD,200,LADIES ETHNICKURTIKURTI SHORTPRINT 38_46FRESHWAYSIDEGEETAODP CUTMUSTARD200,2XL/1.07 m,CBLADIES ETHNICKURTIKURTI SHORT,8,4,800.00
CB,Pintu Singh,LADIES ETHNIC,KURTI,KURTI SHORT,PRINT 38_46,FRESH,WAYSIDE,GEETA,ODP CUT,MUSTARD,200,LADIES ETHNICKURTIKURTI SHORTPRINT 38_46FRESHWAYSIDEGEETAODP CUTMUSTARD200,L/97 cm,CBLADIES ETHNICKURTIKURTI SHORT,8,4,800.00
CB,Pintu Singh,LADIES ETHNIC,KURTI,KURTI SHORT,PRINT 38_46,FRESH,WAYSIDE,GEETA,ODP CUT,MUSTARD,200,LADIES ETHNICKURTIKURTI SHORTPRINT 38_46FRESHWAYSIDEGEETAODP CUTMUSTARD200,M/91 cm,CBLADIES ETHNICKURTIKURTI SHORT,8,2,400.00
CB,Pintu Singh,LADIES ETHNIC,KURTI,KURTI SHORT,PRINT 38_46,FRESH,WAYSIDE,GEETA,ODP CUT,MUSTARD,200,LADIES ETHNICKURTIKURTI SHORTPRINT 38_46FRESHWAYSIDEGEETAODP CUTMUSTARD200,XL/1.02 m,CBLADIES ETHNICKURTIKURTI SHORT,8,4,800.00
CB,Pintu Singh,LADIES ETHNIC,KURTI,KURTI SHORT,PRINT 38_46,FRESH,WAYSIDE,GEETA,ODP CUT,NAVY,200,LADIES ETHNICKURTIKURTI SHORTPRINT 38_46FRESHWAYSIDEGEETAODP CUTNAVY200,2XL/1.07 m,CBLADIES ETHNICKURTIKURTI SHORT,8,5,1000.00
CB,Pintu Singh,LADIES ETHNIC,KURTI,KURTI SHORT,PRINT 38_46,FRESH,WAYSIDE,GEETA,ODP CUT,NAVY,200,LADIES ETHNICKURTIKURTI SHORTPRINT 38_46FRESHWAYSIDEGEETAODP CUTNAVY200,3XL/1.12 m,CBLADIES ETHNICKURTIKURTI SHORT,8,2,400.00
CB,Pintu Singh,LADIES ETHNIC,KURTI,KURTI SHORT,PRINT 38_46,FRESH,WAYSIDE,GEETA,ODP CUT,NAVY,200,LADIES ETHNICKURTIKURTI SHORTPRINT 38_46FRESHWAYSIDEGEETAODP CUTNAVY200,L/97 cm,CBLADIES ETHNICKURTIKURTI SHORT,8,3,600.00
CB,Pintu Singh,LADIES ETHNIC,KURTI,KURTI SHORT,PRINT 38_46,FRESH,WAYSIDE,GEETA,ODP CUT,NAVY,200,LADIES ETHNICKURTIKURTI SHORTPRINT 38_46FRESHWAYSIDEGEETAODP CUTNAVY200,M/91 cm,CBLADIES ETHNICKURTIKURTI SHORT,8,4,800.00
CB,Pintu Singh,LADIES ETHNIC,KURTI,KURTI SHORT,PRINT 38_46,FRESH,WAYSIDE,GEETA,ODP CUT,NAVY,200,LADIES ETHNICKURTIKURTI SHORTPRINT 38_46FRESHWAYSIDEGEETAODP CUTNAVY200,S/86 cm,CBLADIES ETHNICKURTIKURTI SHORT,8,2,400.00
CB,Pintu Singh,LADIES ETHNIC,KURTI,KURTI SHORT,PRINT 38_46,FRESH,WAYSIDE,GEETA,ODP CUT,NAVY,200,LADIES ETHNICKURTIKURTI SHORTPRINT 38_46FRESHWAYSIDEGEETAODP CUTNAVY200,XL/1.02 m,CBLADIES ETHNICKURTIKURTI SHORT,8,5,1000.00
CB,Pintu Singh,LADIES ETHNIC,KURTI,KURTI SHORT,PRINT 38_46,FRESH,WAYSIDE,GEETA,ODP CUT,OLIVE,200,LADIES ETHNICKURTIKURTI SHORTPRINT 38_46FRESHWAYSIDEGEETAODP CUTOLIVE200,3XL/1.12 m,CBLADIES ETHNICKURTIKURTI SHORT,8,1,200.00
CB,Pintu Singh,LADIES ETHNIC,KURTI,KURTI SHORT,PRINT 38_46,FRESH,WAYSIDE,GEETA,ODP CUT,PINK,200,LADIES ETHNICKURTIKURTI SHORTPRINT 38_46FRESHWAYSIDEGEETAODP CUTPINK200,2XL/1.07 m,CBLADIES ETHNICKURTIKURTI SHORT,8,4,800.00
CB,Pintu Singh,LADIES ETHNIC,KURTI,KURTI SHORT,PRINT 38_46,FRESH,WAYSIDE,GEETA,ODP CUT,PINK,200,LADIES ETHNICKURTIKURTI SHORTPRINT 38_46FRESHWAYSIDEGEETAODP CUTPINK200,3XL/1.12 m,CBLADIES ETHNICKURTIKURTI SHORT,8,6,1200.00
CB,Pintu Singh,LADIES ETHNIC,KURTI,KURTI SHORT,PRINT 38_46,FRESH,WAYSIDE,GEETA,ODP CUT,PINK,200,LADIES ETHNICKURTIKURTI SHORTPRINT 38_46FRESHWAYSIDEGEETAODP CUTPINK200,L/97 cm,CBLADIES ETHNICKURTIKURTI SHORT,8,3,600.00
CB,Pintu Singh,LADIES ETHNIC,KURTI,KURTI SHORT,PRINT 38_46,FRESH,WAYSIDE,GEETA,ODP CUT,PINK,200,LADIES ETHNICKURTIKURTI SHORTPRINT 38_46FRESHWAYSIDEGEETAODP CUTPINK200,M/91 cm,CBLADIES ETHNICKURTIKURTI SHORT,8,2,400.00
CB,Pintu Singh,LADIES ETHNIC,KURTI,KURTI SHORT,PRINT 38_46,FRESH,WAYSIDE,GEETA,ODP CUT,PINK,200,LADIES ETHNICKURTIKURTI SHORTPRINT 38_46FRESHWAYSIDEGEETAODP CUTPINK200,S/86 cm,CBLADIES ETHNICKURTIKURTI SHORT,8,4,800.00
CB,Pintu Singh,LADIES ETHNIC,KURTI,KURTI SHORT,PRINT 38_46,FRESH,WAYSIDE,GEETA,ODP CUT,PINK,200,LADIES ETHNICKURTIKURTI SHORTPRINT 38_46FRESHWAYSIDEGEETAODP CUTPINK200,XL/1.02 m,CBLADIES ETHNICKURTIKURTI SHORT,8,3,600.00
CB,Pintu Singh,LADIES ETHNIC,KURTI,KURTI SHORT,PRINT 38_46,FRESH,WAYSIDE,GEETA,ODP CUT,SEA GREEN,200,LADIES ETHNICKURTIKURTI SHORTPRINT 38_46FRESHWAYSIDEGEETAODP CUTSEA GREEN200,2XL/1.07 m,CBLADIES ETHNICKURTIKURTI SHORT,8,1,200.00
CB,Pintu Singh,LADIES ETHNIC,KURTI,KURTI SHORT,PRINT 38_46,FRESH,WAYSIDE,GEETA,ODP CUT,SEA GREEN,200,LADIES ETHNICKURTIKURTI SHORTPRINT 38_46FRESHWAYSIDEGEETAODP CUTSEA GREEN200,3XL/1.12 m,CBLADIES ETHNICKURTIKURTI SHORT,8,1,200.00
CD,Sanjay Paul,LADIES ETHNIC,KURTI,KURTI SHORT,PRINT 38_46,FRESH,WAYSIDE,GEETA,ODP CUT,BLACK,200,LADIES ETHNICKURTIKURTI SHORTPRINT 38_46FRESHWAYSIDEGEETAODP CUTBLACK200,2XL/1.07 m,CDLADIES ETHNICKURTIKURTI SHORT,8,1,200.00
CD,Sanjay Paul,LADIES ETHNIC,KURTI,KURTI SHORT,PRINT 38_46,FRESH,WAYSIDE,GEETA,ODP CUT,BLACK,200,LADIES ETHNICKURTIKURTI SHORTPRINT 38_46FRESHWAYSIDEGEETAODP CUTBLACK200,L/97 cm,CDLADIES ETHNICKURTIKURTI SHORT,8,1,200.00
CD,Sanjay Paul,LADIES ETHNIC,KURTI,KURTI SHORT,PRINT 38_46,FRESH,WAYSIDE,GEETA,ODP CUT,BLACK,200,LADIES ETHNICKURTIKURTI SHORTPRINT 38_46FRESHWAYSIDEGEETAODP CUTBLACK200,M/91 cm,CDLADIES ETHNICKURTIKURTI SHORT,8,1,200.00
CD,Sanjay Paul,LADIES ETHNIC,KURTI,KURTI SHORT,PRINT 38_46,FRESH,WAYSIDE,GEETA,ODP CUT,BLACK,200,LADIES ETHNICKURTIKURTI SHORTPRINT 38_46FRESHWAYSIDEGEETAODP CUTBLACK200,XL/1.02 m,CDLADIES ETHNICKURTIKURTI SHORT,8,3,600.00
CD,Sanjay Paul,LADIES ETHNIC,KURTI,KURTI SHORT,PRINT 38_46,FRESH,WAYSIDE,GEETA,ODP CUT,BROWN,200,LADIES ETHNICKURTIKURTI SHORTPRINT 38_46FRESHWAYSIDEGEETAODP CUTBROWN200,2XL/1.07 m,CDLADIES ETHNICKURTIKURTI SHORT,8,1,200.00
CD,Sanjay Paul,LADIES ETHNIC,KURTI,KURTI SHORT,PRINT 38_46,FRESH,WAYSIDE,GEETA,ODP CUT,BROWN,200,LADIES ETHNICKURTIKURTI SHORTPRINT 38_46FRESHWAYSIDEGEETAODP CUTBROWN200,3XL/1.12 m,CDLADIES ETHNICKURTIKURTI SHORT,8,1,200.00
CD,Sanjay Paul,LADIES ETHNIC,KURTI,KURTI SHORT,PRINT 38_46,FRESH,WAYSIDE,GEETA,ODP CUT,BROWN,200,LADIES ETHNICKURTIKURTI SHORTPRINT 38_46FRESHWAYSIDEGEETAODP CUTBROWN200,L/97 cm,CDLADIES ETHNICKURTIKURTI SHORT,8,4,800.00
CD,Sanjay Paul,LADIES ETHNIC,KURTI,KURTI SHORT,PRINT 38_46,FRESH,WAYSIDE,GEETA,ODP CUT,BROWN,200,LADIES ETHNICKURTIKURTI SHORTPRINT 38_46FRESHWAYSIDEGEETAODP CUTBROWN200,M/91 cm,CDLADIES ETHNICKURTIKURTI SHORT,8,3,600.00
CD,Sanjay Paul,LADIES ETHNIC,KURTI,KURTI SHORT,PRINT 38_46,FRESH,WAYSIDE,GEETA,ODP CUT,BROWN,200,LADIES ETHNICKURTIKURTI SHORTPRINT 38_46FRESHWAYSIDEGEETAODP CUTBROWN200,XL/1.02 m,CDLADIES ETHNICKURTIKURTI SHORT,8,2,400.00
CD,Sanjay Paul,LADIES ETHNIC,KURTI,KURTI SHORT,PRINT 38_46,FRESH,WAYSIDE,GEETA,ODP CUT,CORAL,200,LADIES ETHNICKURTIKURTI SHORTPRINT 38_46FRESHWAYSIDEGEETAODP CUTCORAL200,2XL/1.07 m,CDLADIES ETHNICKURTIKURTI SHORT,8,1,200.00
CD,Sanjay Paul,LADIES ETHNIC,KURTI,KURTI SHORT,PRINT 38_46,FRESH,WAYSIDE,GEETA,ODP CUT,CORAL,200,LADIES ETHNICKURTIKURTI SHORTPRINT 38_46FRESHWAYSIDEGEETAODP CUTCORAL200,L/97 cm,CDLADIES ETHNICKURTIKURTI SHORT,8,4,800.00
CD,Sanjay Paul,LADIES ETHNIC,KURTI,KURTI SHORT,PRINT 38_46,FRESH,WAYSIDE,GEETA,ODP CUT,CORAL,200,LADIES ETHNICKURTIKURTI SHORTPRINT 38_46FRESHWAYSIDEGEETAODP CUTCORAL200,M/91 cm,CDLADIES ETHNICKURTIKURTI SHORT,8,1,200.00
CD,Sanjay Paul,LADIES ETHNIC,KURTI,KURTI SHORT,PRINT 38_46,FRESH,WAYSIDE,GEETA,ODP CUT,CORAL,200,LADIES ETHNICKURTIKURTI SHORTPRINT 38_46FRESHWAYSIDEGEETAODP CUTCORAL200,S/86 cm,CDLADIES ETHNICKURTIKURTI SHORT,8,1,200.00
CD,Sanjay Paul,LADIES ETHNIC,KURTI,KURTI SHORT,PRINT 38_46,FRESH,WAYSIDE,GEETA,ODP CUT,CORAL,200,LADIES ETHNICKURTIKURTI SHORTPRINT 38_46FRESHWAYSIDEGEETAODP CUTCORAL200,XL/1.02 m,CDLADIES ETHNICKURTIKURTI SHORT,8,2,400.00
CD,Sanjay Paul,LADIES ETHNIC,KURTI,KURTI SHORT,PRINT 38_46,FRESH,WAYSIDE,GEETA,ODP CUT,CREAM,200,LADIES ETHNICKURTIKURTI SHORTPRINT 38_46FRESHWAYSIDEGEETAODP CUTCREAM200,2XL/1.07 m,CDLADIES ETHNICKURTIKURTI SHORT,8,8,1600.00
CD,Sanjay Paul,LADIES ETHNIC,KURTI,KURTI SHORT,PRINT 38_46,FRESH,WAYSIDE,GEETA,ODP CUT,CREAM,200,LADIES ETHNICKURTIKURTI SHORTPRINT 38_46FRESHWAYSIDEGEETAODP CUTCREAM200,L/97 cm,CDLADIES ETHNICKURTIKURTI SHORT,8,3,600.00
CD,Sanjay Paul,LADIES ETHNIC,KURTI,KURTI SHORT,PRINT 38_46,FRESH,WAYSIDE,GEETA,ODP CUT,CREAM,200,LADIES ETHNICKURTIKURTI SHORTPRINT 38_46FRESHWAYSIDEGEETAODP CUTCREAM200,XL/1.02 m,CDLADIES ETHNICKURTIKURTI SHORT,8,2,400.00
CD,Sanjay Paul,LADIES ETHNIC,KURTI,KURTI SHORT,PRINT 38_46,FRESH,WAYSIDE,GEETA,ODP CUT,GREEN,200,LADIES ETHNICKURTIKURTI SHORTPRINT 38_46FRESHWAYSIDEGEETAODP CUTGREEN200,2XL/1.07 m,CDLADIES ETHNICKURTIKURTI SHORT,8,6,1200.00
CD,Sanjay Paul,LADIES ETHNIC,KURTI,KURTI SHORT,PRINT 38_46,FRESH,WAYSIDE,GEETA,ODP CUT,GREEN,200,LADIES ETHNICKURTIKURTI SHORTPRINT 38_46FRESHWAYSIDEGEETAODP CUTGREEN200,L/97 cm,CDLADIES ETHNICKURTIKURTI SHORT,8,11,2200.00
CD,Sanjay Paul,LADIES ETHNIC,KURTI,KURTI SHORT,PRINT 38_46,FRESH,WAYSIDE,GEETA,ODP CUT,GREEN,200,LADIES ETHNICKURTIKURTI SHORTPRINT 38_46FRESHWAYSIDEGEETAODP CUTGREEN200,M/91 cm,CDLADIES ETHNICKURTIKURTI SHORT,8,7,1400.00
CD,Sanjay Paul,LADIES ETHNIC,KURTI,KURTI SHORT,PRINT 38_46,FRESH,WAYSIDE,GEETA,ODP CUT,GREEN,200,LADIES ETHNICKURTIKURTI SHORTPRINT 38_46FRESHWAYSIDEGEETAODP CUTGREEN200,S/86 cm,CDLADIES ETHNICKURTIKURTI SHORT,8,2,400.00
CD,Sanjay Paul,LADIES ETHNIC,KURTI,KURTI SHORT,PRINT 38_46,FRESH,WAYSIDE,GEETA,ODP CUT,GREEN,200,LADIES ETHNICKURTIKURTI SHORTPRINT 38_46FRESHWAYSIDEGEETAODP CUTGREEN200,XL/1.02 m,CDLADIES ETHNICKURTIKURTI SHORT,8,4,800.00
CD,Sanjay Paul,LADIES ETHNIC,KURTI,KURTI SHORT,PRINT 38_46,FRESH,WAYSIDE,GEETA,ODP CUT,LAVENDER,200,LADIES ETHNICKURTIKURTI SHORTPRINT 38_46FRESHWAYSIDEGEETAODP CUTLAVENDER200,2XL/1.07 m,CDLADIES ETHNICKURTIKURTI SHORT,8,6,1200.00
CD,Sanjay Paul,LADIES ETHNIC,KURTI,KURTI SHORT,PRINT 38_46,FRESH,WAYSIDE,GEETA,ODP CUT,LAVENDER,200,LADIES ETHNICKURTIKURTI SHORTPRINT 38_46FRESHWAYSIDEGEETAODP CUTLAVENDER200,L/97 cm,CDLADIES ETHNICKURTIKURTI SHORT,8,4,800.00
CD,Sanjay Paul,LADIES ETHNIC,KURTI,KURTI SHORT,PRINT 38_46,FRESH,WAYSIDE,GEETA,ODP CUT,LAVENDER,200,LADIES ETHNICKURTIKURTI SHORTPRINT 38_46FRESHWAYSIDEGEETAODP CUTLAVENDER200,M/91 cm,CDLADIES ETHNICKURTIKURTI SHORT,8,2,400.00
CD,Sanjay Paul,LADIES ETHNIC,KURTI,KURTI SHORT,PRINT 38_46,FRESH,WAYSIDE,GEETA,ODP CUT,LAVENDER,200,LADIES ETHNICKURTIKURTI SHORTPRINT 38_46FRESHWAYSIDEGEETAODP CUTLAVENDER200,S/86 cm,CDLADIES ETHNICKURTIKURTI SHORT,8,4,800.00
CD,Sanjay Paul,LADIES ETHNIC,KURTI,KURTI SHORT,PRINT 38_46,FRESH,WAYSIDE,GEETA,ODP CUT,LAVENDER,200,LADIES ETHNICKURTIKURTI SHORTPRINT 38_46FRESHWAYSIDEGEETAODP CUTLAVENDER200,XL/1.02 m,CDLADIES ETHNICKURTIKURTI SHORT,8,4,800.00
CD,Sanjay Paul,LADIES ETHNIC,KURTI,KURTI SHORT,PRINT 38_46,FRESH,WAYSIDE,GEETA,ODP CUT,MUSTARD,200,LADIES ETHNICKURTIKURTI SHORTPRINT 38_46FRESHWAYSIDEGEETAODP CUTMUSTARD200,2XL/1.07 m,CDLADIES ETHNICKURTIKURTI SHORT,8,4,800.00
CD,Sanjay Paul,LADIES ETHNIC,KURTI,KURTI SHORT,PRINT 38_46,FRESH,WAYSIDE,GEETA,ODP CUT,MUSTARD,200,LADIES ETHNICKURTIKURTI SHORTPRINT 38_46FRESHWAYSIDEGEETAODP CUTMUSTARD200,3XL/1.12 m,CDLADIES ETHNICKURTIKURTI SHORT,8,3,600.00
CD,Sanjay Paul,LADIES ETHNIC,KURTI,KURTI SHORT,PRINT 38_46,FRESH,WAYSIDE,GEETA,ODP CUT,MUSTARD,200,LADIES ETHNICKURTIKURTI SHORTPRINT 38_46FRESHWAYSIDEGEETAODP CUTMUSTARD200,L/97 cm,CDLADIES ETHNICKURTIKURTI SHORT,8,4,800.00
CD,Sanjay Paul,LADIES ETHNIC,KURTI,KURTI SHORT,PRINT 38_46,FRESH,WAYSIDE,GEETA,ODP CUT,MUSTARD,200,LADIES ETHNICKURTIKURTI SHORTPRINT 38_46FRESHWAYSIDEGEETAODP CUTMUSTARD200,M/91 cm,CDLADIES ETHNICKURTIKURTI SHORT,8,2,400.00
CD,Sanjay Paul,LADIES ETHNIC,KURTI,KURTI SHORT,PRINT 38_46,FRESH,WAYSIDE,GEETA,ODP CUT,MUSTARD,200,LADIES ETHNICKURTIKURTI SHORTPRINT 38_46FRESHWAYSIDEGEETAODP CUTMUSTARD200,XL/1.02 m,CDLADIES ETHNICKURTIKURTI SHORT,8,4,800.00
CD,Sanjay Paul,LADIES ETHNIC,KURTI,KURTI SHORT,PRINT 38_46,FRESH,WAYSIDE,GEETA,ODP CUT,MUSTARD,250,LADIES ETHNICKURTIKURTI SHORTPRINT 38_46FRESHWAYSIDEGEETAODP CUTMUSTARD250,4XL/1.17 m,CDLADIES ETHNICKURTIKURTI SHORT,8,4,1000.00
CD,Sanjay Paul,LADIES ETHNIC,KURTI,KURTI SHORT,PRINT 38_46,FRESH,WAYSIDE,GEETA,ODP CUT,MUSTARD,250,LADIES ETHNICKURTIKURTI SHORTPRINT 38_46FRESHWAYSIDEGEETAODP CUTMUSTARD250,5XL/1.21 m,CDLADIES ETHNICKURTIKURTI SHORT,8,3,750.00
CD,Sanjay Paul,LADIES ETHNIC,KURTI,KURTI SHORT,PRINT 38_46,FRESH,WAYSIDE,GEETA,ODP CUT,NAVY,200,LADIES ETHNICKURTIKURTI SHORTPRINT 38_46FRESHWAYSIDEGEETAODP CUTNAVY200,2XL/1.07 m,CDLADIES ETHNICKURTIKURTI SHORT,8,3,600.00
CD,Sanjay Paul,LADIES ETHNIC,KURTI,KURTI SHORT,PRINT 38_46,FRESH,WAYSIDE,GEETA,ODP CUT,NAVY,200,LADIES ETHNICKURTIKURTI SHORTPRINT 38_46FRESHWAYSIDEGEETAODP CUTNAVY200,L/97 cm,CDLADIES ETHNICKURTIKURTI SHORT,8,4,800.00
CD,Sanjay Paul,LADIES ETHNIC,KURTI,KURTI SHORT,PRINT 38_46,FRESH,WAYSIDE,GEETA,ODP CUT,NAVY,200,LADIES ETHNICKURTIKURTI SHORTPRINT 38_46FRESHWAYSIDEGEETAODP CUTNAVY200,M/91 cm,CDLADIES ETHNICKURTIKURTI SHORT,8,4,800.00
CD,Sanjay Paul,LADIES ETHNIC,KURTI,KURTI SHORT,PRINT 38_46,FRESH,WAYSIDE,GEETA,ODP CUT,NAVY,200,LADIES ETHNICKURTIKURTI SHORTPRINT 38_46FRESHWAYSIDEGEETAODP CUTNAVY200,S/86 cm,CDLADIES ETHNICKURTIKURTI SHORT,8,2,400.00
CD,Sanjay Paul,LADIES ETHNIC,KURTI,KURTI SHORT,PRINT 38_46,FRESH,WAYSIDE,GEETA,ODP CUT,NAVY,200,LADIES ETHNICKURTIKURTI SHORTPRINT 38_46FRESHWAYSIDEGEETAODP CUTNAVY200,XL/1.02 m,CDLADIES ETHNICKURTIKURTI SHORT,8,4,800.00
CD,Sanjay Paul,LADIES ETHNIC,KURTI,KURTI SHORT,PRINT 38_46,FRESH,WAYSIDE,GEETA,ODP CUT,NAVY,250,LADIES ETHNICKURTIKURTI SHORTPRINT 38_46FRESHWAYSIDEGEETAODP CUTNAVY250,4XL/1.17 m,CDLADIES ETHNICKURTIKURTI SHORT,8,2,500.00
CD,Sanjay Paul,LADIES ETHNIC,KURTI,KURTI SHORT,PRINT 38_46,FRESH,WAYSIDE,GEETA,ODP CUT,NAVY,250,LADIES ETHNICKURTIKURTI SHORTPRINT 38_46FRESHWAYSIDEGEETAODP CUTNAVY250,5XL/1.21 m,CDLADIES ETHNICKURTIKURTI SHORT,8,3,750.00
CD,Sanjay Paul,LADIES ETHNIC,KURTI,KURTI SHORT,PRINT 38_46,FRESH,WAYSIDE,GEETA,ODP CUT,OLIVE,250,LADIES ETHNICKURTIKURTI SHORTPRINT 38_46FRESHWAYSIDEGEETAODP CUTOLIVE250,4XL/1.17 m,CDLADIES ETHNICKURTIKURTI SHORT,8,4,1000.00
CD,Sanjay Paul,LADIES ETHNIC,KURTI,KURTI SHORT,PRINT 38_46,FRESH,WAYSIDE,GEETA,ODP CUT,OLIVE,250,LADIES ETHNICKURTIKURTI SHORTPRINT 38_46FRESHWAYSIDEGEETAODP CUTOLIVE250,5XL/1.21 m,CDLADIES ETHNICKURTIKURTI SHORT,8,4,1000.00
CD,Sanjay Paul,LADIES ETHNIC,KURTI,KURTI SHORT,PRINT 38_46,FRESH,WAYSIDE,GEETA,ODP CUT,PINK,200,LADIES ETHNICKURTIKURTI SHORTPRINT 38_46FRESHWAYSIDEGEETAODP CUTPINK200,2XL/1.07 m,CDLADIES ETHNICKURTIKURTI SHORT,8,3,600.00
CD,Sanjay Paul,LADIES ETHNIC,KURTI,KURTI SHORT,PRINT 38_46,FRESH,WAYSIDE,GEETA,ODP CUT,PINK,200,LADIES ETHNICKURTIKURTI SHORTPRINT 38_46FRESHWAYSIDEGEETAODP CUTPINK200,L/97 cm,CDLADIES ETHNICKURTIKURTI SHORT,8,6,1200.00
CD,Sanjay Paul,LADIES ETHNIC,KURTI,KURTI SHORT,PRINT 38_46,FRESH,WAYSIDE,GEETA,ODP CUT,PINK,200,LADIES ETHNICKURTIKURTI SHORTPRINT 38_46FRESHWAYSIDEGEETAODP CUTPINK200,M/91 cm,CDLADIES ETHNICKURTIKURTI SHORT,8,2,400.00
CD,Sanjay Paul,LADIES ETHNIC,KURTI,KURTI SHORT,PRINT 38_46,FRESH,WAYSIDE,GEETA,ODP CUT,PINK,200,LADIES ETHNICKURTIKURTI SHORTPRINT 38_46FRESHWAYSIDEGEETAODP CUTPINK200,S/86 cm,CDLADIES ETHNICKURTIKURTI SHORT,8,3,600.00
CD,Sanjay Paul,LADIES ETHNIC,KURTI,KURTI SHORT,PRINT 38_46,FRESH,WAYSIDE,GEETA,ODP CUT,PINK,200,LADIES ETHNICKURTIKURTI SHORTPRINT 38_46FRESHWAYSIDEGEETAODP CUTPINK200,XL/1.02 m,CDLADIES ETHNICKURTIKURTI SHORT,8,4,800.00
CD,Sanjay Paul,LADIES ETHNIC,KURTI,KURTI SHORT,PRINT 38_46,FRESH,WAYSIDE,GEETA,ODP CUT,RAMA,200,LADIES ETHNICKURTIKURTI SHORTPRINT 38_46FRESHWAYSIDEGEETAODP CUTRAMA200,2XL/1.07 m,CDLADIES ETHNICKURTIKURTI SHORT,8,2,400.00
CD,Sanjay Paul,LADIES ETHNIC,KURTI,KURTI SHORT,PRINT 38_46,FRESH,WAYSIDE,GEETA,ODP CUT,RAMA,200,LADIES ETHNICKURTIKURTI SHORTPRINT 38_46FRESHWAYSIDEGEETAODP CUTRAMA200,L/97 cm,CDLADIES ETHNICKURTIKURTI SHORT,8,1,200.00
CD,Sanjay Paul,LADIES ETHNIC,KURTI,KURTI SHORT,PRINT 38_46,FRESH,WAYSIDE,GEETA,ODP CUT,RAMA,200,LADIES ETHNICKURTIKURTI SHORTPRINT 38_46FRESHWAYSIDEGEETAODP CUTRAMA200,M/91 cm,CDLADIES ETHNICKURTIKURTI SHORT,8,2,400.00
CD,Sanjay Paul,LADIES ETHNIC,KURTI,KURTI SHORT,PRINT 38_46,FRESH,WAYSIDE,GEETA,ODP CUT,RANI,200,LADIES ETHNICKURTIKURTI SHORTPRINT 38_46FRESHWAYSIDEGEETAODP CUTRANI200,L/97 cm,CDLADIES ETHNICKURTIKURTI SHORT,8,2,400.00
CD,Sanjay Paul,LADIES ETHNIC,KURTI,KURTI SHORT,PRINT 38_46,FRESH,WAYSIDE,GEETA,ODP CUT,RANI,200,LADIES ETHNICKURTIKURTI SHORTPRINT 38_46FRESHWAYSIDEGEETAODP CUTRANI200,M/91 cm,CDLADIES ETHNICKURTIKURTI SHORT,8,1,200.00
CD,Sanjay Paul,LADIES ETHNIC,KURTI,KURTI SHORT,PRINT 38_46,FRESH,WAYSIDE,GEETA,ODP CUT,RANI,200,LADIES ETHNICKURTIKURTI SHORTPRINT 38_46FRESHWAYSIDEGEETAODP CUTRANI200,XL/1.02 m,CDLADIES ETHNICKURTIKURTI SHORT,8,2,400.00
CD,Sanjay Paul,LADIES ETHNIC,KURTI,KURTI SHORT,PRINT 38_46,FRESH,WAYSIDE,GEETA,ODP CUT,WHITE,200,LADIES ETHNICKURTIKURTI SHORTPRINT 38_46FRESHWAYSIDEGEETAODP CUTWHITE200,2XL/1.07 m,CDLADIES ETHNICKURTIKURTI SHORT,8,1,200.00
CD,Sanjay Paul,LADIES ETHNIC,KURTI,KURTI SHORT,PRINT 38_46,FRESH,WAYSIDE,GEETA,ODP CUT,WHITE,200,LADIES ETHNICKURTIKURTI SHORTPRINT 38_46FRESHWAYSIDEGEETAODP CUTWHITE200,M/91 cm,CDLADIES ETHNICKURTIKURTI SHORT,8,1,200.00
CD,Sanjay Paul,LADIES ETHNIC,KURTI,KURTI SHORT,PRINT 38_46,FRESH,WAYSIDE,GEETA,ODP CUT,WHITE,250,LADIES ETHNICKURTIKURTI SHORTPRINT 38_46FRESHWAYSIDEGEETAODP CUTWHITE250,5XL/1.21 m,CDLADIES ETHNICKURTIKURTI SHORT,8,2,500.00
CH,Pravin Pandey,LADIES ETHNIC,KURTI,KURTI SHORT,PRINT 38_46,FRESH,WAYSIDE,GEETA,ODP CUT,GREEN,200,LADIES ETHNICKURTIKURTI SHORTPRINT 38_46FRESHWAYSIDEGEETAODP CUTGREEN200,2XL/1.07 m,CHLADIES ETHNICKURTIKURTI SHORT,14,7,1400.00
CH,Pravin Pandey,LADIES ETHNIC,KURTI,KURTI SHORT,PRINT 38_46,FRESH,WAYSIDE,GEETA,ODP CUT,GREEN,200,LADIES ETHNICKURTIKURTI SHORTPRINT 38_46FRESHWAYSIDEGEETAODP CUTGREEN200,L/97 cm,CHLADIES ETHNICKURTIKURTI SHORT,14,4,800.00
CH,Pravin Pandey,LADIES ETHNIC,KURTI,KURTI SHORT,PRINT 38_46,FRESH,WAYSIDE,GEETA,ODP CUT,GREEN,200,LADIES ETHNICKURTIKURTI SHORTPRINT 38_46FRESHWAYSIDEGEETAODP CUTGREEN200,M/91 cm,CHLADIES ETHNICKURTIKURTI SHORT,14,5,1000.00
CH,Pravin Pandey,LADIES ETHNIC,KURTI,KURTI SHORT,PRINT 38_46,FRESH,WAYSIDE,GEETA,ODP CUT,GREEN,200,LADIES ETHNICKURTIKURTI SHORTPRINT 38_46FRESHWAYSIDEGEETAODP CUTGREEN200,XL/1.02 m,CHLADIES ETHNICKURTIKURTI SHORT,14,6,1200.00
CH,Pravin Pandey,LADIES ETHNIC,KURTI,KURTI SHORT,PRINT 38_46,FRESH,WAYSIDE,GEETA,ODP CUT,GREY,200,LADIES ETHNICKURTIKURTI SHORTPRINT 38_46FRESHWAYSIDEGEETAODP CUTGREY200,2XL/1.07 m,CHLADIES ETHNICKURTIKURTI SHORT,14,2,400.00
CH,Pravin Pandey,LADIES ETHNIC,KURTI,KURTI SHORT,PRINT 38_46,FRESH,WAYSIDE,GEETA,ODP CUT,GREY,200,LADIES ETHNICKURTIKURTI SHORTPRINT 38_46FRESHWAYSIDEGEETAODP CUTGREY200,3XL/1.12 m,CHLADIES ETHNICKURTIKURTI SHORT,14,3,600.00
CH,Pravin Pandey,LADIES ETHNIC,KURTI,KURTI SHORT,PRINT 38_46,FRESH,WAYSIDE,GEETA,ODP CUT,GREY,200,LADIES ETHNICKURTIKURTI SHORTPRINT 38_46FRESHWAYSIDEGEETAODP CUTGREY200,L/97 cm,CHLADIES ETHNICKURTIKURTI SHORT,14,4,800.00
CH,Pravin Pandey,LADIES ETHNIC,KURTI,KURTI SHORT,PRINT 38_46,FRESH,WAYSIDE,GEETA,ODP CUT,GREY,200,LADIES ETHNICKURTIKURTI SHORTPRINT 38_46FRESHWAYSIDEGEETAODP CUTGREY200,M/91 cm,CHLADIES ETHNICKURTIKURTI SHORT,14,2,400.00
CH,Pravin Pandey,LADIES ETHNIC,KURTI,KURTI SHORT,PRINT 38_46,FRESH,WAYSIDE,GEETA,ODP CUT,GREY,200,LADIES ETHNICKURTIKURTI SHORTPRINT 38_46FRESHWAYSIDEGEETAODP CUTGREY200,S/86 cm,CHLADIES ETHNICKURTIKURTI SHORT,14,3,600.00
CH,Pravin Pandey,LADIES ETHNIC,KURTI,KURTI SHORT,PRINT 38_46,FRESH,WAYSIDE,GEETA,ODP CUT,GREY,200,LADIES ETHNICKURTIKURTI SHORTPRINT 38_46FRESHWAYSIDEGEETAODP CUTGREY200,XL/1.02 m,CHLADIES ETHNICKURTIKURTI SHORT,14,4,800.00
CH,Pravin Pandey,LADIES ETHNIC,KURTI,KURTI SHORT,PRINT 38_46,FRESH,WAYSIDE,GEETA,ODP CUT,MUSTARD,200,LADIES ETHNICKURTIKURTI SHORTPRINT 38_46FRESHWAYSIDEGEETAODP CUTMUSTARD200,2XL/1.07 m,CHLADIES ETHNICKURTIKURTI SHORT,14,2,400.00
CH,Pravin Pandey,LADIES ETHNIC,KURTI,KURTI SHORT,PRINT 38_46,FRESH,WAYSIDE,GEETA,ODP CUT,MUSTARD,200,LADIES ETHNICKURTIKURTI SHORTPRINT 38_46FRESHWAYSIDEGEETAODP CUTMUSTARD200,3XL/1.12 m,CHLADIES ETHNICKURTIKURTI SHORT,14,2,400.00
CH,Pravin Pandey,LADIES ETHNIC,KURTI,KURTI SHORT,PRINT 38_46,FRESH,WAYSIDE,GEETA,ODP CUT,MUSTARD,200,LADIES ETHNICKURTIKURTI SHORTPRINT 38_46FRESHWAYSIDEGEETAODP CUTMUSTARD200,L/97 cm,CHLADIES ETHNICKURTIKURTI SHORT,14,5,1000.00
CH,Pravin Pandey,LADIES ETHNIC,KURTI,KURTI SHORT,PRINT 38_46,FRESH,WAYSIDE,GEETA,ODP CUT,MUSTARD,200,LADIES ETHNICKURTIKURTI SHORTPRINT 38_46FRESHWAYSIDEGEETAODP CUTMUSTARD200,M/91 cm,CHLADIES ETHNICKURTIKURTI SHORT,14,4,800.00
CH,Pravin Pandey,LADIES ETHNIC,KURTI,KURTI SHORT,PRINT 38_46,FRESH,WAYSIDE,GEETA,ODP CUT,MUSTARD,200,LADIES ETHNICKURTIKURTI SHORTPRINT 38_46FRESHWAYSIDEGEETAODP CUTMUSTARD200,S/86 cm,CHLADIES ETHNICKURTIKURTI SHORT,14,3,600.00
CH,Pravin Pandey,LADIES ETHNIC,KURTI,KURTI SHORT,PRINT 38_46,FRESH,WAYSIDE,GEETA,ODP CUT,MUSTARD,200,LADIES ETHNICKURTIKURTI SHORTPRINT 38_46FRESHWAYSIDEGEETAODP CUTMUSTARD200,XL/1.02 m,CHLADIES ETHNICKURTIKURTI SHORT,14,3,600.00
CH,Pravin Pandey,LADIES ETHNIC,KURTI,KURTI SHORT,PRINT 38_46,FRESH,WAYSIDE,GEETA,ODP CUT,PINK,200,LADIES ETHNICKURTIKURTI SHORTPRINT 38_46FRESHWAYSIDEGEETAODP CUTPINK200,2XL/1.07 m,CHLADIES ETHNICKURTIKURTI SHORT,14,2,400.00
CH,Pravin Pandey,LADIES ETHNIC,KURTI,KURTI SHORT,PRINT 38_46,FRESH,WAYSIDE,GEETA,ODP CUT,PINK,200,LADIES ETHNICKURTIKURTI SHORTPRINT 38_46FRESHWAYSIDEGEETAODP CUTPINK200,3XL/1.12 m,CHLADIES ETHNICKURTIKURTI SHORT,14,3,600.00
CH,Pravin Pandey,LADIES ETHNIC,KURTI,KURTI SHORT,PRINT 38_46,FRESH,WAYSIDE,GEETA,ODP CUT,PINK,200,LADIES ETHNICKURTIKURTI SHORTPRINT 38_46FRESHWAYSIDEGEETAODP CUTPINK200,L/97 cm,CHLADIES ETHNICKURTIKURTI SHORT,14,6,1200.00
CH,Pravin Pandey,LADIES ETHNIC,KURTI,KURTI SHORT,PRINT 38_46,FRESH,WAYSIDE,GEETA,ODP CUT,PINK,200,LADIES ETHNICKURTIKURTI SHORTPRINT 38_46FRESHWAYSIDEGEETAODP CUTPINK200,M/91 cm,CHLADIES ETHNICKURTIKURTI SHORT,14,4,800.00
CH,Pravin Pandey,LADIES ETHNIC,KURTI,KURTI SHORT,PRINT 38_46,FRESH,WAYSIDE,GEETA,ODP CUT,PINK,200,LADIES ETHNICKURTIKURTI SHORTPRINT 38_46FRESHWAYSIDEGEETAODP CUTPINK200,S/86 cm,CHLADIES ETHNICKURTIKURTI SHORT,14,1,200.00
CH,Pravin Pandey,LADIES ETHNIC,KURTI,KURTI SHORT,PRINT 38_46,FRESH,WAYSIDE,GEETA,ODP CUT,PINK,200,LADIES ETHNICKURTIKURTI SHORTPRINT 38_46FRESHWAYSIDEGEETAODP CUTPINK200,XL/1.02 m,CHLADIES ETHNICKURTIKURTI SHORT,14,5,1000.00
CH,Pravin Pandey,LADIES ETHNIC,KURTI,KURTI SHORT,PRINT 38_46,FRESH,WAYSIDE,GEETA,ODP CUT,RED,200,LADIES ETHNICKURTIKURTI SHORTPRINT 38_46FRESHWAYSIDEGEETAODP CUTRED200,2XL/1.07 m,CHLADIES ETHNICKURTIKURTI SHORT,14,1,200.00
CH,Pravin Pandey,LADIES ETHNIC,KURTI,KURTI SHORT,PRINT 38_46,FRESH,WAYSIDE,GEETA,ODP CUT,RED,200,LADIES ETHNICKURTIKURTI SHORTPRINT 38_46FRESHWAYSIDEGEETAODP CUTRED200,S/86 cm,CHLADIES ETHNICKURTIKURTI SHORT,14,1,200.00
CI,Manish Singh,LADIES ETHNIC,KURTI,KURTI SHORT,PRINT 38_46,FRESH,WAYSIDE,GEETA,ODP CUT,BROWN,200,LADIES ETHNICKURTIKURTI SHORTPRINT 38_46FRESHWAYSIDEGEETAODP CUTBROWN200,2XL/1.07 m,CILADIES ETHNICKURTIKURTI SHORT,27,1,200.00
CI,Manish Singh,LADIES ETHNIC,KURTI,KURTI SHORT,PRINT 38_46,FRESH,WAYSIDE,GEETA,ODP CUT,CORAL,200,LADIES ETHNICKURTIKURTI SHORTPRINT 38_46FRESHWAYSIDEGEETAODP CUTCORAL200,M/91 cm,CILADIES ETHNICKURTIKURTI SHORT,27,1,200.00
CI,Manish Singh,LADIES ETHNIC,KURTI,KURTI SHORT,PRINT 38_46,FRESH,WAYSIDE,GEETA,ODP CUT,GREEN,200,LADIES ETHNICKURTIKURTI SHORTPRINT 38_46FRESHWAYSIDEGEETAODP CUTGREEN200,2XL/1.07 m,CILADIES ETHNICKURTIKURTI SHORT,27,4,800.00
CI,Manish Singh,LADIES ETHNIC,KURTI,KURTI SHORT,PRINT 38_46,FRESH,WAYSIDE,GEETA,ODP CUT,GREEN,200,LADIES ETHNICKURTIKURTI SHORTPRINT 38_46FRESHWAYSIDEGEETAODP CUTGREEN200,3XL/1.12 m,CILADIES ETHNICKURTIKURTI SHORT,27,4,800.00
CI,Manish Singh,LADIES ETHNIC,KURTI,KURTI SHORT,PRINT 38_46,FRESH,WAYSIDE,GEETA,ODP CUT,GREEN,200,LADIES ETHNICKURTIKURTI SHORTPRINT 38_46FRESHWAYSIDEGEETAODP CUTGREEN200,L/97 cm,CILADIES ETHNICKURTIKURTI SHORT,27,10,2000.00
CI,Manish Singh,LADIES ETHNIC,KURTI,KURTI SHORT,PRINT 38_46,FRESH,WAYSIDE,GEETA,ODP CUT,GREEN,200,LADIES ETHNICKURTIKURTI SHORTPRINT 38_46FRESHWAYSIDEGEETAODP CUTGREEN200,M/91 cm,CILADIES ETHNICKURTIKURTI SHORT,27,6,1200.00
CI,Manish Singh,LADIES ETHNIC,KURTI,KURTI SHORT,PRINT 38_46,FRESH,WAYSIDE,GEETA,ODP CUT,GREEN,200,LADIES ETHNICKURTIKURTI SHORTPRINT 38_46FRESHWAYSIDEGEETAODP CUTGREEN200,XL/1.02 m,CILADIES ETHNICKURTIKURTI SHORT,27,3,600.00
CI,Manish Singh,LADIES ETHNIC,KURTI,KURTI SHORT,PRINT 38_46,FRESH,WAYSIDE,GEETA,ODP CUT,GREY,200,LADIES ETHNICKURTIKURTI SHORTPRINT 38_46FRESHWAYSIDEGEETAODP CUTGREY200,2XL/1.07 m,CILADIES ETHNICKURTIKURTI SHORT,27,2,400.00
CI,Manish Singh,LADIES ETHNIC,KURTI,KURTI SHORT,PRINT 38_46,FRESH,WAYSIDE,GEETA,ODP CUT,GREY,200,LADIES ETHNICKURTIKURTI SHORTPRINT 38_46FRESHWAYSIDEGEETAODP CUTGREY200,3XL/1.12 m,CILADIES ETHNICKURTIKURTI SHORT,27,4,800.00
CI,Manish Singh,LADIES ETHNIC,KURTI,KURTI SHORT,PRINT 38_46,FRESH,WAYSIDE,GEETA,ODP CUT,GREY,200,LADIES ETHNICKURTIKURTI SHORTPRINT 38_46FRESHWAYSIDEGEETAODP CUTGREY200,L/97 cm,CILADIES ETHNICKURTIKURTI SHORT,27,3,600.00
CI,Manish Singh,LADIES ETHNIC,KURTI,KURTI SHORT,PRINT 38_46,FRESH,WAYSIDE,GEETA,ODP CUT,GREY,200,LADIES ETHNICKURTIKURTI SHORTPRINT 38_46FRESHWAYSIDEGEETAODP CUTGREY200,M/91 cm,CILADIES ETHNICKURTIKURTI SHORT,27,5,1000.00
CI,Manish Singh,LADIES ETHNIC,KURTI,KURTI SHORT,PRINT 38_46,FRESH,WAYSIDE,GEETA,ODP CUT,GREY,200,LADIES ETHNICKURTIKURTI SHORTPRINT 38_46FRESHWAYSIDEGEETAODP CUTGREY200,S/86 cm,CILADIES ETHNICKURTIKURTI SHORT,27,5,1000.00
CI,Manish Singh,LADIES ETHNIC,KURTI,KURTI SHORT,PRINT 38_46,FRESH,WAYSIDE,GEETA,ODP CUT,GREY,200,LADIES ETHNICKURTIKURTI SHORTPRINT 38_46FRESHWAYSIDEGEETAODP CUTGREY200,XL/1.02 m,CILADIES ETHNICKURTIKURTI SHORT,27,3,600.00
CI,Manish Singh,LADIES ETHNIC,KURTI,KURTI SHORT,PRINT 38_46,FRESH,WAYSIDE,GEETA,ODP CUT,LAVENDER,200,LADIES ETHNICKURTIKURTI SHORTPRINT 38_46FRESHWAYSIDEGEETAODP CUTLAVENDER200,M/91 cm,CILADIES ETHNICKURTIKURTI SHORT,27,1,200.00
CI,Manish Singh,LADIES ETHNIC,KURTI,KURTI SHORT,PRINT 38_46,FRESH,WAYSIDE,GEETA,ODP CUT,MUSTARD,200,LADIES ETHNICKURTIKURTI SHORTPRINT 38_46FRESHWAYSIDEGEETAODP CUTMUSTARD200,2XL/1.07 m,CILADIES ETHNICKURTIKURTI SHORT,27,2,400.00
CI,Manish Singh,LADIES ETHNIC,KURTI,KURTI SHORT,PRINT 38_46,FRESH,WAYSIDE,GEETA,ODP CUT,MUSTARD,200,LADIES ETHNICKURTIKURTI SHORTPRINT 38_46FRESHWAYSIDEGEETAODP CUTMUSTARD200,3XL/1.12 m,CILADIES ETHNICKURTIKURTI SHORT,27,4,800.00
CI,Manish Singh,LADIES ETHNIC,KURTI,KURTI SHORT,PRINT 38_46,FRESH,WAYSIDE,GEETA,ODP CUT,MUSTARD,200,LADIES ETHNICKURTIKURTI SHORTPRINT 38_46FRESHWAYSIDEGEETAODP CUTMUSTARD200,L/97 cm,CILADIES ETHNICKURTIKURTI SHORT,27,6,1200.00
CI,Manish Singh,LADIES ETHNIC,KURTI,KURTI SHORT,PRINT 38_46,FRESH,WAYSIDE,GEETA,ODP CUT,MUSTARD,200,LADIES ETHNICKURTIKURTI SHORTPRINT 38_46FRESHWAYSIDEGEETAODP CUTMUSTARD200,M/91 cm,CILADIES ETHNICKURTIKURTI SHORT,27,3,600.00
CI,Manish Singh,LADIES ETHNIC,KURTI,KURTI SHORT,PRINT 38_46,FRESH,WAYSIDE,GEETA,ODP CUT,MUSTARD,200,LADIES ETHNICKURTIKURTI SHORTPRINT 38_46FRESHWAYSIDEGEETAODP CUTMUSTARD200,S/86 cm,CILADIES ETHNICKURTIKURTI SHORT,27,4,800.00
CI,Manish Singh,LADIES ETHNIC,KURTI,KURTI SHORT,PRINT 38_46,FRESH,WAYSIDE,GEETA,ODP CUT,MUSTARD,200,LADIES ETHNICKURTIKURTI SHORTPRINT 38_46FRESHWAYSIDEGEETAODP CUTMUSTARD200,XL/1.02 m,CILADIES ETHNICKURTIKURTI SHORT,27,6,1200.00
CI,Manish Singh,LADIES ETHNIC,KURTI,KURTI SHORT,PRINT 38_46,FRESH,WAYSIDE,GEETA,ODP CUT,MUSTARD,250,LADIES ETHNICKURTIKURTI SHORTPRINT 38_46FRESHWAYSIDEGEETAODP CUTMUSTARD250,4XL/1.17 m,CILADIES ETHNICKURTIKURTI SHORT,27,2,500.00
CI,Manish Singh,LADIES ETHNIC,KURTI,KURTI SHORT,PRINT 38_46,FRESH,WAYSIDE,GEETA,ODP CUT,MUSTARD,250,LADIES ETHNICKURTIKURTI SHORTPRINT 38_46FRESHWAYSIDEGEETAODP CUTMUSTARD250,5XL/1.21 m,CILADIES ETHNICKURTIKURTI SHORT,27,1,250.00
CI,Manish Singh,LADIES ETHNIC,KURTI,KURTI SHORT,PRINT 38_46,FRESH,WAYSIDE,GEETA,ODP CUT,NAVY,200,LADIES ETHNICKURTIKURTI SHORTPRINT 38_46FRESHWAYSIDEGEETAODP CUTNAVY200,2XL/1.07 m,CILADIES ETHNICKURTIKURTI SHORT,27,1,200.00
CI,Manish Singh,LADIES ETHNIC,KURTI,KURTI SHORT,PRINT 38_46,FRESH,WAYSIDE,GEETA,ODP CUT,NAVY,250,LADIES ETHNICKURTIKURTI SHORTPRINT 38_46FRESHWAYSIDEGEETAODP CUTNAVY250,4XL/1.17 m,CILADIES ETHNICKURTIKURTI SHORT,27,1,250.00
CI,Manish Singh,LADIES ETHNIC,KURTI,KURTI SHORT,PRINT 38_46,FRESH,WAYSIDE,GEETA,ODP CUT,NAVY,250,LADIES ETHNICKURTIKURTI SHORTPRINT 38_46FRESHWAYSIDEGEETAODP CUTNAVY250,5XL/1.21 m,CILADIES ETHNICKURTIKURTI SHORT,27,1,250.00
CI,Manish Singh,LADIES ETHNIC,KURTI,KURTI SHORT,PRINT 38_46,FRESH,WAYSIDE,GEETA,ODP CUT,PINK,200,LADIES ETHNICKURTIKURTI SHORTPRINT 38_46FRESHWAYSIDEGEETAODP CUTPINK200,2XL/1.07 m,CILADIES ETHNICKURTIKURTI SHORT,27,5,1000.00
CI,Manish Singh,LADIES ETHNIC,KURTI,KURTI SHORT,PRINT 38_46,FRESH,WAYSIDE,GEETA,ODP CUT,PINK,200,LADIES ETHNICKURTIKURTI SHORTPRINT 38_46FRESHWAYSIDEGEETAODP CUTPINK200,3XL/1.12 m,CILADIES ETHNICKURTIKURTI SHORT,27,5,1000.00
CI,Manish Singh,LADIES ETHNIC,KURTI,KURTI SHORT,PRINT 38_46,FRESH,WAYSIDE,GEETA,ODP CUT,PINK,200,LADIES ETHNICKURTIKURTI SHORTPRINT 38_46FRESHWAYSIDEGEETAODP CUTPINK200,L/97 cm,CILADIES ETHNICKURTIKURTI SHORT,27,6,1200.00
CI,Manish Singh,LADIES ETHNIC,KURTI,KURTI SHORT,PRINT 38_46,FRESH,WAYSIDE,GEETA,ODP CUT,PINK,200,LADIES ETHNICKURTIKURTI SHORTPRINT 38_46FRESHWAYSIDEGEETAODP CUTPINK200,M/91 cm,CILADIES ETHNICKURTIKURTI SHORT,27,4,800.00
CI,Manish Singh,LADIES ETHNIC,KURTI,KURTI SHORT,PRINT 38_46,FRESH,WAYSIDE,GEETA,ODP CUT,PINK,200,LADIES ETHNICKURTIKURTI SHORTPRINT 38_46FRESHWAYSIDEGEETAODP CUTPINK200,S/86 cm,CILADIES ETHNICKURTIKURTI SHORT,27,3,600.00
CI,Manish Singh,LADIES ETHNIC,KURTI,KURTI SHORT,PRINT 38_46,FRESH,WAYSIDE,GEETA,ODP CUT,PINK,200,LADIES ETHNICKURTIKURTI SHORTPRINT 38_46FRESHWAYSIDEGEETAODP CUTPINK200,XL/1.02 m,CILADIES ETHNICKURTIKURTI SHORT,27,5,1000.00
CI,Manish Singh,LADIES ETHNIC,KURTI,KURTI SHORT,PRINT 38_46,FRESH,WAYSIDE,GEETA,ODP CUT,RED,200,LADIES ETHNICKURTIKURTI SHORTPRINT 38_46FRESHWAYSIDEGEETAODP CUTRED200,L/97 cm,CILADIES ETHNICKURTIKURTI SHORT,27,1,200.00
CI,Manish Singh,LADIES ETHNIC,KURTI,KURTI SHORT,PRINT 38_46,FRESH,WAYSIDE,GEETA,ODP CUT,WHITE,200,LADIES ETHNICKURTIKURTI SHORTPRINT 38_46FRESHWAYSIDEGEETAODP CUTWHITE200,2XL/1.07 m,CILADIES ETHNICKURTIKURTI SHORT,27,1,200.00
CI,Manish Singh,LADIES ETHNIC,KURTI,KURTI SHORT,PRINT 38_46,FRESH,WAYSIDE,GEETA,ODP CUT,WHITE,250,LADIES ETHNICKURTIKURTI SHORTPRINT 38_46FRESHWAYSIDEGEETAODP CUTWHITE250,5XL/1.21 m,CILADIES ETHNICKURTIKURTI SHORT,27,1,250.00
CP,Manish Singh,LADIES ETHNIC,KURTI,KURTI SHORT,PRINT 38_46,FRESH,WAYSIDE,GEETA,ODP CUT,BROWN,200,LADIES ETHNICKURTIKURTI SHORTPRINT 38_46FRESHWAYSIDEGEETAODP CUTBROWN200,2XL/1.07 m,CPLADIES ETHNICKURTIKURTI SHORT,11,2,400.00
CP,Manish Singh,LADIES ETHNIC,KURTI,KURTI SHORT,PRINT 38_46,FRESH,WAYSIDE,GEETA,ODP CUT,BROWN,200,LADIES ETHNICKURTIKURTI SHORTPRINT 38_46FRESHWAYSIDEGEETAODP CUTBROWN200,3XL/1.12 m,CPLADIES ETHNICKURTIKURTI SHORT,11,2,400.00
CP,Manish Singh,LADIES ETHNIC,KURTI,KURTI SHORT,PRINT 38_46,FRESH,WAYSIDE,GEETA,ODP CUT,GREEN,200,LADIES ETHNICKURTIKURTI SHORTPRINT 38_46FRESHWAYSIDEGEETAODP CUTGREEN200,2XL/1.07 m,CPLADIES ETHNICKURTIKURTI SHORT,11,12,2400.00
CP,Manish Singh,LADIES ETHNIC,KURTI,KURTI SHORT,PRINT 38_46,FRESH,WAYSIDE,GEETA,ODP CUT,GREEN,200,LADIES ETHNICKURTIKURTI SHORTPRINT 38_46FRESHWAYSIDEGEETAODP CUTGREEN200,3XL/1.12 m,CPLADIES ETHNICKURTIKURTI SHORT,11,3,600.00
CP,Manish Singh,LADIES ETHNIC,KURTI,KURTI SHORT,PRINT 38_46,FRESH,WAYSIDE,GEETA,ODP CUT,GREEN,200,LADIES ETHNICKURTIKURTI SHORTPRINT 38_46FRESHWAYSIDEGEETAODP CUTGREEN200,L/97 cm,CPLADIES ETHNICKURTIKURTI SHORT,11,7,1400.00
CP,Manish Singh,LADIES ETHNIC,KURTI,KURTI SHORT,PRINT 38_46,FRESH,WAYSIDE,GEETA,ODP CUT,GREEN,200,LADIES ETHNICKURTIKURTI SHORTPRINT 38_46FRESHWAYSIDEGEETAODP CUTGREEN200,M/91 cm,CPLADIES ETHNICKURTIKURTI SHORT,11,3,600.00
CP,Manish Singh,LADIES ETHNIC,KURTI,KURTI SHORT,PRINT 38_46,FRESH,WAYSIDE,GEETA,ODP CUT,GREEN,200,LADIES ETHNICKURTIKURTI SHORTPRINT 38_46FRESHWAYSIDEGEETAODP CUTGREEN200,S/86 cm,CPLADIES ETHNICKURTIKURTI SHORT,11,1,200.00
CP,Manish Singh,LADIES ETHNIC,KURTI,KURTI SHORT,PRINT 38_46,FRESH,WAYSIDE,GEETA,ODP CUT,GREEN,200,LADIES ETHNICKURTIKURTI SHORTPRINT 38_46FRESHWAYSIDEGEETAODP CUTGREEN200,XL/1.02 m,CPLADIES ETHNICKURTIKURTI SHORT,11,7,1400.00
CP,Manish Singh,LADIES ETHNIC,KURTI,KURTI SHORT,PRINT 38_46,FRESH,WAYSIDE,GEETA,ODP CUT,GREY,200,LADIES ETHNICKURTIKURTI SHORTPRINT 38_46FRESHWAYSIDEGEETAODP CUTGREY200,2XL/1.07 m,CPLADIES ETHNICKURTIKURTI SHORT,11,6,1200.00
CP,Manish Singh,LADIES ETHNIC,KURTI,KURTI SHORT,PRINT 38_46,FRESH,WAYSIDE,GEETA,ODP CUT,GREY,200,LADIES ETHNICKURTIKURTI SHORTPRINT 38_46FRESHWAYSIDEGEETAODP CUTGREY200,3XL/1.12 m,CPLADIES ETHNICKURTIKURTI SHORT,11,4,800.00
CP,Manish Singh,LADIES ETHNIC,KURTI,KURTI SHORT,PRINT 38_46,FRESH,WAYSIDE,GEETA,ODP CUT,GREY,200,LADIES ETHNICKURTIKURTI SHORTPRINT 38_46FRESHWAYSIDEGEETAODP CUTGREY200,L/97 cm,CPLADIES ETHNICKURTIKURTI SHORT,11,3,600.00
CP,Manish Singh,LADIES ETHNIC,KURTI,KURTI SHORT,PRINT 38_46,FRESH,WAYSIDE,GEETA,ODP CUT,GREY,200,LADIES ETHNICKURTIKURTI SHORTPRINT 38_46FRESHWAYSIDEGEETAODP CUTGREY200,M/91 cm,CPLADIES ETHNICKURTIKURTI SHORT,11,6,1200.00
CP,Manish Singh,LADIES ETHNIC,KURTI,KURTI SHORT,PRINT 38_46,FRESH,WAYSIDE,GEETA,ODP CUT,GREY,200,LADIES ETHNICKURTIKURTI SHORTPRINT 38_46FRESHWAYSIDEGEETAODP CUTGREY200,S/86 cm,CPLADIES ETHNICKURTIKURTI SHORT,11,2,400.00
CP,Manish Singh,LADIES ETHNIC,KURTI,KURTI SHORT,PRINT 38_46,FRESH,WAYSIDE,GEETA,ODP CUT,GREY,200,LADIES ETHNICKURTIKURTI SHORTPRINT 38_46FRESHWAYSIDEGEETAODP CUTGREY200,XL/1.02 m,CPLADIES ETHNICKURTIKURTI SHORT,11,3,600.00
CP,Manish Singh,LADIES ETHNIC,KURTI,KURTI SHORT,PRINT 38_46,FRESH,WAYSIDE,GEETA,ODP CUT,LAVENDER,200,LADIES ETHNICKURTIKURTI SHORTPRINT 38_46FRESHWAYSIDEGEETAODP CUTLAVENDER200,2XL/1.07 m,CPLADIES ETHNICKURTIKURTI SHORT,11,2,400.00
CP,Manish Singh,LADIES ETHNIC,KURTI,KURTI SHORT,PRINT 38_46,FRESH,WAYSIDE,GEETA,ODP CUT,LAVENDER,200,LADIES ETHNICKURTIKURTI SHORTPRINT 38_46FRESHWAYSIDEGEETAODP CUTLAVENDER200,3XL/1.12 m,CPLADIES ETHNICKURTIKURTI SHORT,11,1,200.00
CP,Manish Singh,LADIES ETHNIC,KURTI,KURTI SHORT,PRINT 38_46,FRESH,WAYSIDE,GEETA,ODP CUT,LAVENDER,200,LADIES ETHNICKURTIKURTI SHORTPRINT 38_46FRESHWAYSIDEGEETAODP CUTLAVENDER200,XL/1.02 m,CPLADIES ETHNICKURTIKURTI SHORT,11,2,400.00
CP,Manish Singh,LADIES ETHNIC,KURTI,KURTI SHORT,PRINT 38_46,FRESH,WAYSIDE,GEETA,ODP CUT,MUSTARD,200,LADIES ETHNICKURTIKURTI SHORTPRINT 38_46FRESHWAYSIDEGEETAODP CUTMUSTARD200,2XL/1.07 m,CPLADIES ETHNICKURTIKURTI SHORT,11,6,1200.00
CP,Manish Singh,LADIES ETHNIC,KURTI,KURTI SHORT,PRINT 38_46,FRESH,WAYSIDE,GEETA,ODP CUT,MUSTARD,200,LADIES ETHNICKURTIKURTI SHORTPRINT 38_46FRESHWAYSIDEGEETAODP CUTMUSTARD200,3XL/1.12 m,CPLADIES ETHNICKURTIKURTI SHORT,11,2,400.00
CP,Manish Singh,LADIES ETHNIC,KURTI,KURTI SHORT,PRINT 38_46,FRESH,WAYSIDE,GEETA,ODP CUT,MUSTARD,200,LADIES ETHNICKURTIKURTI SHORTPRINT 38_46FRESHWAYSIDEGEETAODP CUTMUSTARD200,L/97 cm,CPLADIES ETHNICKURTIKURTI SHORT,11,5,1000.00
CP,Manish Singh,LADIES ETHNIC,KURTI,KURTI SHORT,PRINT 38_46,FRESH,WAYSIDE,GEETA,ODP CUT,MUSTARD,200,LADIES ETHNICKURTIKURTI SHORTPRINT 38_46FRESHWAYSIDEGEETAODP CUTMUSTARD200,M/91 cm,CPLADIES ETHNICKURTIKURTI SHORT,11,5,1000.00
CP,Manish Singh,LADIES ETHNIC,KURTI,KURTI SHORT,PRINT 38_46,FRESH,WAYSIDE,GEETA,ODP CUT,MUSTARD,200,LADIES ETHNICKURTIKURTI SHORTPRINT 38_46FRESHWAYSIDEGEETAODP CUTMUSTARD200,S/86 cm,CPLADIES ETHNICKURTIKURTI SHORT,11,1,200.00
CP,Manish Singh,LADIES ETHNIC,KURTI,KURTI SHORT,PRINT 38_46,FRESH,WAYSIDE,GEETA,ODP CUT,MUSTARD,200,LADIES ETHNICKURTIKURTI SHORTPRINT 38_46FRESHWAYSIDEGEETAODP CUTMUSTARD200,XL/1.02 m,CPLADIES ETHNICKURTIKURTI SHORT,11,5,1000.00
CP,Manish Singh,LADIES ETHNIC,KURTI,KURTI SHORT,PRINT 38_46,FRESH,WAYSIDE,GEETA,ODP CUT,MUSTARD,250,LADIES ETHNICKURTIKURTI SHORTPRINT 38_46FRESHWAYSIDEGEETAODP CUTMUSTARD250,4XL/1.17 m,CPLADIES ETHNICKURTIKURTI SHORT,11,1,250.00
CP,Manish Singh,LADIES ETHNIC,KURTI,KURTI SHORT,PRINT 38_46,FRESH,WAYSIDE,GEETA,ODP CUT,NAVY,200,LADIES ETHNICKURTIKURTI SHORTPRINT 38_46FRESHWAYSIDEGEETAODP CUTNAVY200,2XL/1.07 m,CPLADIES ETHNICKURTIKURTI SHORT,11,3,600.00
CP,Manish Singh,LADIES ETHNIC,KURTI,KURTI SHORT,PRINT 38_46,FRESH,WAYSIDE,GEETA,ODP CUT,NAVY,200,LADIES ETHNICKURTIKURTI SHORTPRINT 38_46FRESHWAYSIDEGEETAODP CUTNAVY200,3XL/1.12 m,CPLADIES ETHNICKURTIKURTI SHORT,11,2,400.00
CP,Manish Singh,LADIES ETHNIC,KURTI,KURTI SHORT,PRINT 38_46,FRESH,WAYSIDE,GEETA,ODP CUT,NAVY,200,LADIES ETHNICKURTIKURTI SHORTPRINT 38_46FRESHWAYSIDEGEETAODP CUTNAVY200,L/97 cm,CPLADIES ETHNICKURTIKURTI SHORT,11,1,200.00
CP,Manish Singh,LADIES ETHNIC,KURTI,KURTI SHORT,PRINT 38_46,FRESH,WAYSIDE,GEETA,ODP CUT,NAVY,200,LADIES ETHNICKURTIKURTI SHORTPRINT 38_46FRESHWAYSIDEGEETAODP CUTNAVY200,M/91 cm,CPLADIES ETHNICKURTIKURTI SHORT,11,1,200.00
CP,Manish Singh,LADIES ETHNIC,KURTI,KURTI SHORT,PRINT 38_46,FRESH,WAYSIDE,GEETA,ODP CUT,NAVY,200,LADIES ETHNICKURTIKURTI SHORTPRINT 38_46FRESHWAYSIDEGEETAODP CUTNAVY200,XL/1.02 m,CPLADIES ETHNICKURTIKURTI SHORT,11,2,400.00
CP,Manish Singh,LADIES ETHNIC,KURTI,KURTI SHORT,PRINT 38_46,FRESH,WAYSIDE,GEETA,ODP CUT,NAVY,250,LADIES ETHNICKURTIKURTI SHORTPRINT 38_46FRESHWAYSIDEGEETAODP CUTNAVY250,4XL/1.17 m,CPLADIES ETHNICKURTIKURTI SHORT,11,3,750.00
CP,Manish Singh,LADIES ETHNIC,KURTI,KURTI SHORT,PRINT 38_46,FRESH,WAYSIDE,GEETA,ODP CUT,NAVY,250,LADIES ETHNICKURTIKURTI SHORTPRINT 38_46FRESHWAYSIDEGEETAODP CUTNAVY250,5XL/1.21 m,CPLADIES ETHNICKURTIKURTI SHORT,11,1,250.00
CP,Manish Singh,LADIES ETHNIC,KURTI,KURTI SHORT,PRINT 38_46,FRESH,WAYSIDE,GEETA,ODP CUT,OLIVE,250,LADIES ETHNICKURTIKURTI SHORTPRINT 38_46FRESHWAYSIDEGEETAODP CUTOLIVE250,5XL/1.21 m,CPLADIES ETHNICKURTIKURTI SHORT,11,1,250.00
CP,Manish Singh,LADIES ETHNIC,KURTI,KURTI SHORT,PRINT 38_46,FRESH,WAYSIDE,GEETA,ODP CUT,PINK,200,LADIES ETHNICKURTIKURTI SHORTPRINT 38_46FRESHWAYSIDEGEETAODP CUTPINK200,2XL/1.07 m,CPLADIES ETHNICKURTIKURTI SHORT,11,7,1400.00
CP,Manish Singh,LADIES ETHNIC,KURTI,KURTI SHORT,PRINT 38_46,FRESH,WAYSIDE,GEETA,ODP CUT,PINK,200,LADIES ETHNICKURTIKURTI SHORTPRINT 38_46FRESHWAYSIDEGEETAODP CUTPINK200,3XL/1.12 m,CPLADIES ETHNICKURTIKURTI SHORT,11,7,1400.00
CP,Manish Singh,LADIES ETHNIC,KURTI,KURTI SHORT,PRINT 38_46,FRESH,WAYSIDE,GEETA,ODP CUT,PINK,200,LADIES ETHNICKURTIKURTI SHORTPRINT 38_46FRESHWAYSIDEGEETAODP CUTPINK200,L/97 cm,CPLADIES ETHNICKURTIKURTI SHORT,11,7,1400.00
CP,Manish Singh,LADIES ETHNIC,KURTI,KURTI SHORT,PRINT 38_46,FRESH,WAYSIDE,GEETA,ODP CUT,PINK,200,LADIES ETHNICKURTIKURTI SHORTPRINT 38_46FRESHWAYSIDEGEETAODP CUTPINK200,M/91 cm,CPLADIES ETHNICKURTIKURTI SHORT,11,3,600.00
CP,Manish Singh,LADIES ETHNIC,KURTI,KURTI SHORT,PRINT 38_46,FRESH,WAYSIDE,GEETA,ODP CUT,PINK,200,LADIES ETHNICKURTIKURTI SHORTPRINT 38_46FRESHWAYSIDEGEETAODP CUTPINK200,S/86 cm,CPLADIES ETHNICKURTIKURTI SHORT,11,4,800.00
CP,Manish Singh,LADIES ETHNIC,KURTI,KURTI SHORT,PRINT 38_46,FRESH,WAYSIDE,GEETA,ODP CUT,PINK,200,LADIES ETHNICKURTIKURTI SHORTPRINT 38_46FRESHWAYSIDEGEETAODP CUTPINK200,XL/1.02 m,CPLADIES ETHNICKURTIKURTI SHORT,11,7,1400.00
CP,Manish Singh,LADIES ETHNIC,KURTI,KURTI SHORT,PRINT 38_46,FRESH,WAYSIDE,GEETA,ODP CUT,PISTA,200,LADIES ETHNICKURTIKURTI SHORTPRINT 38_46FRESHWAYSIDEGEETAODP CUTPISTA200,2XL/1.07 m,CPLADIES ETHNICKURTIKURTI SHORT,11,1,200.00
CP,Manish Singh,LADIES ETHNIC,KURTI,KURTI SHORT,PRINT 38_46,FRESH,WAYSIDE,GEETA,ODP CUT,WHITE,250,LADIES ETHNICKURTIKURTI SHORTPRINT 38_46FRESHWAYSIDEGEETAODP CUTWHITE250,4XL/1.17 m,CPLADIES ETHNICKURTIKURTI SHORT,11,4,1000.00
CP,Manish Singh,LADIES ETHNIC,KURTI,KURTI SHORT,PRINT 38_46,FRESH,WAYSIDE,GEETA,ODP CUT,WHITE,250,LADIES ETHNICKURTIKURTI SHORTPRINT 38_46FRESHWAYSIDEGEETAODP CUTWHITE250,5XL/1.21 m,CPLADIES ETHNICKURTIKURTI SHORT,11,2,500.00
CR,Dipendu Biswas,LADIES ETHNIC,KURTI,KURTI SHORT,PRINT 38_46,FRESH,WAYSIDE,GEETA,ODP CUT,BROWN,200,LADIES ETHNICKURTIKURTI SHORTPRINT 38_46FRESHWAYSIDEGEETAODP CUTBROWN200,2XL/1.07 m,CRLADIES ETHNICKURTIKURTI SHORT,18,3,600.00
CR,Dipendu Biswas,LADIES ETHNIC,KURTI,KURTI SHORT,PRINT 38_46,FRESH,WAYSIDE,GEETA,ODP CUT,BROWN,200,LADIES ETHNICKURTIKURTI SHORTPRINT 38_46FRESHWAYSIDEGEETAODP CUTBROWN200,L/97 cm,CRLADIES ETHNICKURTIKURTI SHORT,18,1,200.00
CR,Dipendu Biswas,LADIES ETHNIC,KURTI,KURTI SHORT,PRINT 38_46,FRESH,WAYSIDE,GEETA,ODP CUT,BROWN,200,LADIES ETHNICKURTIKURTI SHORTPRINT 38_46FRESHWAYSIDEGEETAODP CUTBROWN200,XL/1.02 m,CRLADIES ETHNICKURTIKURTI SHORT,18,2,400.00
CR,Dipendu Biswas,LADIES ETHNIC,KURTI,KURTI SHORT,PRINT 38_46,FRESH,WAYSIDE,GEETA,ODP CUT,GREEN,200,LADIES ETHNICKURTIKURTI SHORTPRINT 38_46FRESHWAYSIDEGEETAODP CUTGREEN200,2XL/1.07 m,CRLADIES ETHNICKURTIKURTI SHORT,18,7,1400.00
CR,Dipendu Biswas,LADIES ETHNIC,KURTI,KURTI SHORT,PRINT 38_46,FRESH,WAYSIDE,GEETA,ODP CUT,GREEN,200,LADIES ETHNICKURTIKURTI SHORTPRINT 38_46FRESHWAYSIDEGEETAODP CUTGREEN200,3XL/1.12 m,CRLADIES ETHNICKURTIKURTI SHORT,18,5,1000.00
CR,Dipendu Biswas,LADIES ETHNIC,KURTI,KURTI SHORT,PRINT 38_46,FRESH,WAYSIDE,GEETA,ODP CUT,GREEN,200,LADIES ETHNICKURTIKURTI SHORTPRINT 38_46FRESHWAYSIDEGEETAODP CUTGREEN200,L/97 cm,CRLADIES ETHNICKURTIKURTI SHORT,18,10,2000.00
CR,Dipendu Biswas,LADIES ETHNIC,KURTI,KURTI SHORT,PRINT 38_46,FRESH,WAYSIDE,GEETA,ODP CUT,GREEN,200,LADIES ETHNICKURTIKURTI SHORTPRINT 38_46FRESHWAYSIDEGEETAODP CUTGREEN200,M/91 cm,CRLADIES ETHNICKURTIKURTI SHORT,18,3,600.00
CR,Dipendu Biswas,LADIES ETHNIC,KURTI,KURTI SHORT,PRINT 38_46,FRESH,WAYSIDE,GEETA,ODP CUT,GREEN,200,LADIES ETHNICKURTIKURTI SHORTPRINT 38_46FRESHWAYSIDEGEETAODP CUTGREEN200,S/86 cm,CRLADIES ETHNICKURTIKURTI SHORT,18,2,400.00
CR,Dipendu Biswas,LADIES ETHNIC,KURTI,KURTI SHORT,PRINT 38_46,FRESH,WAYSIDE,GEETA,ODP CUT,GREEN,200,LADIES ETHNICKURTIKURTI SHORTPRINT 38_46FRESHWAYSIDEGEETAODP CUTGREEN200,XL/1.02 m,CRLADIES ETHNICKURTIKURTI SHORT,18,5,1000.00
CR,Dipendu Biswas,LADIES ETHNIC,KURTI,KURTI SHORT,PRINT 38_46,FRESH,WAYSIDE,GEETA,ODP CUT,GREY,200,LADIES ETHNICKURTIKURTI SHORTPRINT 38_46FRESHWAYSIDEGEETAODP CUTGREY200,2XL/1.07 m,CRLADIES ETHNICKURTIKURTI SHORT,18,2,400.00
CR,Dipendu Biswas,LADIES ETHNIC,KURTI,KURTI SHORT,PRINT 38_46,FRESH,WAYSIDE,GEETA,ODP CUT,GREY,200,LADIES ETHNICKURTIKURTI SHORTPRINT 38_46FRESHWAYSIDEGEETAODP CUTGREY200,3XL/1.12 m,CRLADIES ETHNICKURTIKURTI SHORT,18,3,600.00
CR,Dipendu Biswas,LADIES ETHNIC,KURTI,KURTI SHORT,PRINT 38_46,FRESH,WAYSIDE,GEETA,ODP CUT,GREY,200,LADIES ETHNICKURTIKURTI SHORTPRINT 38_46FRESHWAYSIDEGEETAODP CUTGREY200,L/97 cm,CRLADIES ETHNICKURTIKURTI SHORT,18,4,800.00
CR,Dipendu Biswas,LADIES ETHNIC,KURTI,KURTI SHORT,PRINT 38_46,FRESH,WAYSIDE,GEETA,ODP CUT,GREY,200,LADIES ETHNICKURTIKURTI SHORTPRINT 38_46FRESHWAYSIDEGEETAODP CUTGREY200,M/91 cm,CRLADIES ETHNICKURTIKURTI SHORT,18,2,400.00
CR,Dipendu Biswas,LADIES ETHNIC,KURTI,KURTI SHORT,PRINT 38_46,FRESH,WAYSIDE,GEETA,ODP CUT,GREY,200,LADIES ETHNICKURTIKURTI SHORTPRINT 38_46FRESHWAYSIDEGEETAODP CUTGREY200,S/86 cm,CRLADIES ETHNICKURTIKURTI SHORT,18,2,400.00
CR,Dipendu Biswas,LADIES ETHNIC,KURTI,KURTI SHORT,PRINT 38_46,FRESH,WAYSIDE,GEETA,ODP CUT,GREY,200,LADIES ETHNICKURTIKURTI SHORTPRINT 38_46FRESHWAYSIDEGEETAODP CUTGREY200,XL/1.02 m,CRLADIES ETHNICKURTIKURTI SHORT,18,2,400.00
CR,Dipendu Biswas,LADIES ETHNIC,KURTI,KURTI SHORT,PRINT 38_46,FRESH,WAYSIDE,GEETA,ODP CUT,LAVENDER,200,LADIES ETHNICKURTIKURTI SHORTPRINT 38_46FRESHWAYSIDEGEETAODP CUTLAVENDER200,2XL/1.07 m,CRLADIES ETHNICKURTIKURTI SHORT,18,1,200.00
CR,Dipendu Biswas,LADIES ETHNIC,KURTI,KURTI SHORT,PRINT 38_46,FRESH,WAYSIDE,GEETA,ODP CUT,LAVENDER,200,LADIES ETHNICKURTIKURTI SHORTPRINT 38_46FRESHWAYSIDEGEETAODP CUTLAVENDER200,S/86 cm,CRLADIES ETHNICKURTIKURTI SHORT,18,1,200.00
CR,Dipendu Biswas,LADIES ETHNIC,KURTI,KURTI SHORT,PRINT 38_46,FRESH,WAYSIDE,GEETA,ODP CUT,MUSTARD,200,LADIES ETHNICKURTIKURTI SHORTPRINT 38_46FRESHWAYSIDEGEETAODP CUTMUSTARD200,2XL/1.07 m,CRLADIES ETHNICKURTIKURTI SHORT,18,2,400.00
CR,Dipendu Biswas,LADIES ETHNIC,KURTI,KURTI SHORT,PRINT 38_46,FRESH,WAYSIDE,GEETA,ODP CUT,MUSTARD,200,LADIES ETHNICKURTIKURTI SHORTPRINT 38_46FRESHWAYSIDEGEETAODP CUTMUSTARD200,3XL/1.12 m,CRLADIES ETHNICKURTIKURTI SHORT,18,4,800.00
CR,Dipendu Biswas,LADIES ETHNIC,KURTI,KURTI SHORT,PRINT 38_46,FRESH,WAYSIDE,GEETA,ODP CUT,MUSTARD,200,LADIES ETHNICKURTIKURTI SHORTPRINT 38_46FRESHWAYSIDEGEETAODP CUTMUSTARD200,L/97 cm,CRLADIES ETHNICKURTIKURTI SHORT,18,4,800.00
CR,Dipendu Biswas,LADIES ETHNIC,KURTI,KURTI SHORT,PRINT 38_46,FRESH,WAYSIDE,GEETA,ODP CUT,MUSTARD,200,LADIES ETHNICKURTIKURTI SHORTPRINT 38_46FRESHWAYSIDEGEETAODP CUTMUSTARD200,M/91 cm,CRLADIES ETHNICKURTIKURTI SHORT,18,2,400.00
CR,Dipendu Biswas,LADIES ETHNIC,KURTI,KURTI SHORT,PRINT 38_46,FRESH,WAYSIDE,GEETA,ODP CUT,MUSTARD,200,LADIES ETHNICKURTIKURTI SHORTPRINT 38_46FRESHWAYSIDEGEETAODP CUTMUSTARD200,S/86 cm,CRLADIES ETHNICKURTIKURTI SHORT,18,2,400.00
CR,Dipendu Biswas,LADIES ETHNIC,KURTI,KURTI SHORT,PRINT 38_46,FRESH,WAYSIDE,GEETA,ODP CUT,MUSTARD,200,LADIES ETHNICKURTIKURTI SHORTPRINT 38_46FRESHWAYSIDEGEETAODP CUTMUSTARD200,XL/1.02 m,CRLADIES ETHNICKURTIKURTI SHORT,18,3,600.00
CR,Dipendu Biswas,LADIES ETHNIC,KURTI,KURTI SHORT,PRINT 38_46,FRESH,WAYSIDE,GEETA,ODP CUT,NAVY,200,LADIES ETHNICKURTIKURTI SHORTPRINT 38_46FRESHWAYSIDEGEETAODP CUTNAVY200,2XL/1.07 m,CRLADIES ETHNICKURTIKURTI SHORT,18,1,200.00
CR,Dipendu Biswas,LADIES ETHNIC,KURTI,KURTI SHORT,PRINT 38_46,FRESH,WAYSIDE,GEETA,ODP CUT,PINK,200,LADIES ETHNICKURTIKURTI SHORTPRINT 38_46FRESHWAYSIDEGEETAODP CUTPINK200,2XL/1.07 m,CRLADIES ETHNICKURTIKURTI SHORT,18,6,1200.00
CR,Dipendu Biswas,LADIES ETHNIC,KURTI,KURTI SHORT,PRINT 38_46,FRESH,WAYSIDE,GEETA,ODP CUT,PINK,200,LADIES ETHNICKURTIKURTI SHORTPRINT 38_46FRESHWAYSIDEGEETAODP CUTPINK200,3XL/1.12 m,CRLADIES ETHNICKURTIKURTI SHORT,18,6,1200.00
CR,Dipendu Biswas,LADIES ETHNIC,KURTI,KURTI SHORT,PRINT 38_46,FRESH,WAYSIDE,GEETA,ODP CUT,PINK,200,LADIES ETHNICKURTIKURTI SHORTPRINT 38_46FRESHWAYSIDEGEETAODP CUTPINK200,L/97 cm,CRLADIES ETHNICKURTIKURTI SHORT,18,4,800.00
CR,Dipendu Biswas,LADIES ETHNIC,KURTI,KURTI SHORT,PRINT 38_46,FRESH,WAYSIDE,GEETA,ODP CUT,PINK,200,LADIES ETHNICKURTIKURTI SHORTPRINT 38_46FRESHWAYSIDEGEETAODP CUTPINK200,M/91 cm,CRLADIES ETHNICKURTIKURTI SHORT,18,5,1000.00
CR,Dipendu Biswas,LADIES ETHNIC,KURTI,KURTI SHORT,PRINT 38_46,FRESH,WAYSIDE,GEETA,ODP CUT,PINK,200,LADIES ETHNICKURTIKURTI SHORTPRINT 38_46FRESHWAYSIDEGEETAODP CUTPINK200,S/86 cm,CRLADIES ETHNICKURTIKURTI SHORT,18,4,800.00
CR,Dipendu Biswas,LADIES ETHNIC,KURTI,KURTI SHORT,PRINT 38_46,FRESH,WAYSIDE,GEETA,ODP CUT,PINK,200,LADIES ETHNICKURTIKURTI SHORTPRINT 38_46FRESHWAYSIDEGEETAODP CUTPINK200,XL/1.02 m,CRLADIES ETHNICKURTIKURTI SHORT,18,3,600.00
CR,Dipendu Biswas,LADIES ETHNIC,KURTI,KURTI SHORT,PRINT 38_46,FRESH,WAYSIDE,GEETA,ODP CUT,RED,200,LADIES ETHNICKURTIKURTI SHORTPRINT 38_46FRESHWAYSIDEGEETAODP CUTRED200,M/91 cm,CRLADIES ETHNICKURTIKURTI SHORT,18,1,200.00
CR,Dipendu Biswas,LADIES ETHNIC,KURTI,KURTI SHORT,PRINT 38_46,FRESH,WAYSIDE,GEETA,ODP CUT,RED,200,LADIES ETHNICKURTIKURTI SHORTPRINT 38_46FRESHWAYSIDEGEETAODP CUTRED200,S/86 cm,CRLADIES ETHNICKURTIKURTI SHORT,18,1,200.00
DB,Binay Singh,LADIES ETHNIC,KURTI,KURTI SHORT,PRINT 38_46,FRESH,WAYSIDE,GEETA,ODP CUT,BROWN,200,LADIES ETHNICKURTIKURTI SHORTPRINT 38_46FRESHWAYSIDEGEETAODP CUTBROWN200,2XL/1.07 m,DBLADIES ETHNICKURTIKURTI SHORT,11,2,400.00
DB,Binay Singh,LADIES ETHNIC,KURTI,KURTI SHORT,PRINT 38_46,FRESH,WAYSIDE,GEETA,ODP CUT,BROWN,200,LADIES ETHNICKURTIKURTI SHORTPRINT 38_46FRESHWAYSIDEGEETAODP CUTBROWN200,3XL/1.12 m,DBLADIES ETHNICKURTIKURTI SHORT,11,1,200.00
DB,Binay Singh,LADIES ETHNIC,KURTI,KURTI SHORT,PRINT 38_46,FRESH,WAYSIDE,GEETA,ODP CUT,CORAL,200,LADIES ETHNICKURTIKURTI SHORTPRINT 38_46FRESHWAYSIDEGEETAODP CUTCORAL200,2XL/1.07 m,DBLADIES ETHNICKURTIKURTI SHORT,11,2,400.00
DB,Binay Singh,LADIES ETHNIC,KURTI,KURTI SHORT,PRINT 38_46,FRESH,WAYSIDE,GEETA,ODP CUT,CORAL,200,LADIES ETHNICKURTIKURTI SHORTPRINT 38_46FRESHWAYSIDEGEETAODP CUTCORAL200,3XL/1.12 m,DBLADIES ETHNICKURTIKURTI SHORT,11,1,200.00
DB,Binay Singh,LADIES ETHNIC,KURTI,KURTI SHORT,PRINT 38_46,FRESH,WAYSIDE,GEETA,ODP CUT,CORAL,200,LADIES ETHNICKURTIKURTI SHORTPRINT 38_46FRESHWAYSIDEGEETAODP CUTCORAL200,XL/1.02 m,DBLADIES ETHNICKURTIKURTI SHORT,11,1,200.00
DB,Binay Singh,LADIES ETHNIC,KURTI,KURTI SHORT,PRINT 38_46,FRESH,WAYSIDE,GEETA,ODP CUT,GREEN,200,LADIES ETHNICKURTIKURTI SHORTPRINT 38_46FRESHWAYSIDEGEETAODP CUTGREEN200,2XL/1.07 m,DBLADIES ETHNICKURTIKURTI SHORT,11,4,800.00
DB,Binay Singh,LADIES ETHNIC,KURTI,KURTI SHORT,PRINT 38_46,FRESH,WAYSIDE,GEETA,ODP CUT,GREEN,200,LADIES ETHNICKURTIKURTI SHORTPRINT 38_46FRESHWAYSIDEGEETAODP CUTGREEN200,3XL/1.12 m,DBLADIES ETHNICKURTIKURTI SHORT,11,3,600.00
DB,Binay Singh,LADIES ETHNIC,KURTI,KURTI SHORT,PRINT 38_46,FRESH,WAYSIDE,GEETA,ODP CUT,GREEN,200,LADIES ETHNICKURTIKURTI SHORTPRINT 38_46FRESHWAYSIDEGEETAODP CUTGREEN200,L/97 cm,DBLADIES ETHNICKURTIKURTI SHORT,11,2,400.00
DB,Binay Singh,LADIES ETHNIC,KURTI,KURTI SHORT,PRINT 38_46,FRESH,WAYSIDE,GEETA,ODP CUT,GREEN,200,LADIES ETHNICKURTIKURTI SHORTPRINT 38_46FRESHWAYSIDEGEETAODP CUTGREEN200,M/91 cm,DBLADIES ETHNICKURTIKURTI SHORT,11,3,600.00
DB,Binay Singh,LADIES ETHNIC,KURTI,KURTI SHORT,PRINT 38_46,FRESH,WAYSIDE,GEETA,ODP CUT,GREEN,200,LADIES ETHNICKURTIKURTI SHORTPRINT 38_46FRESHWAYSIDEGEETAODP CUTGREEN200,S/86 cm,DBLADIES ETHNICKURTIKURTI SHORT,11,3,600.00
DB,Binay Singh,LADIES ETHNIC,KURTI,KURTI SHORT,PRINT 38_46,FRESH,WAYSIDE,GEETA,ODP CUT,GREEN,200,LADIES ETHNICKURTIKURTI SHORTPRINT 38_46FRESHWAYSIDEGEETAODP CUTGREEN200,XL/1.02 m,DBLADIES ETHNICKURTIKURTI SHORT,11,5,1000.00
DB,Binay Singh,LADIES ETHNIC,KURTI,KURTI SHORT,PRINT 38_46,FRESH,WAYSIDE,GEETA,ODP CUT,GREY,200,LADIES ETHNICKURTIKURTI SHORTPRINT 38_46FRESHWAYSIDEGEETAODP CUTGREY200,2XL/1.07 m,DBLADIES ETHNICKURTIKURTI SHORT,11,2,400.00
DB,Binay Singh,LADIES ETHNIC,KURTI,KURTI SHORT,PRINT 38_46,FRESH,WAYSIDE,GEETA,ODP CUT,GREY,200,LADIES ETHNICKURTIKURTI SHORTPRINT 38_46FRESHWAYSIDEGEETAODP CUTGREY200,3XL/1.12 m,DBLADIES ETHNICKURTIKURTI SHORT,11,2,400.00
DB,Binay Singh,LADIES ETHNIC,KURTI,KURTI SHORT,PRINT 38_46,FRESH,WAYSIDE,GEETA,ODP CUT,GREY,200,LADIES ETHNICKURTIKURTI SHORTPRINT 38_46FRESHWAYSIDEGEETAODP CUTGREY200,L/97 cm,DBLADIES ETHNICKURTIKURTI SHORT,11,2,400.00
DB,Binay Singh,LADIES ETHNIC,KURTI,KURTI SHORT,PRINT 38_46,FRESH,WAYSIDE,GEETA,ODP CUT,GREY,200,LADIES ETHNICKURTIKURTI SHORTPRINT 38_46FRESHWAYSIDEGEETAODP CUTGREY200,M/91 cm,DBLADIES ETHNICKURTIKURTI SHORT,11,4,800.00
DB,Binay Singh,LADIES ETHNIC,KURTI,KURTI SHORT,PRINT 38_46,FRESH,WAYSIDE,GEETA,ODP CUT,GREY,200,LADIES ETHNICKURTIKURTI SHORTPRINT 38_46FRESHWAYSIDEGEETAODP CUTGREY200,S/86 cm,DBLADIES ETHNICKURTIKURTI SHORT,11,1,200.00
DB,Binay Singh,LADIES ETHNIC,KURTI,KURTI SHORT,PRINT 38_46,FRESH,WAYSIDE,GEETA,ODP CUT,GREY,200,LADIES ETHNICKURTIKURTI SHORTPRINT 38_46FRESHWAYSIDEGEETAODP CUTGREY200,XL/1.02 m,DBLADIES ETHNICKURTIKURTI SHORT,11,4,800.00
DB,Binay Singh,LADIES ETHNIC,KURTI,KURTI SHORT,PRINT 38_46,FRESH,WAYSIDE,GEETA,ODP CUT,LAVENDER,200,LADIES ETHNICKURTIKURTI SHORTPRINT 38_46FRESHWAYSIDEGEETAODP CUTLAVENDER200,2XL/1.07 m,DBLADIES ETHNICKURTIKURTI SHORT,11,2,400.00
DB,Binay Singh,LADIES ETHNIC,KURTI,KURTI SHORT,PRINT 38_46,FRESH,WAYSIDE,GEETA,ODP CUT,LAVENDER,200,LADIES ETHNICKURTIKURTI SHORTPRINT 38_46FRESHWAYSIDEGEETAODP CUTLAVENDER200,3XL/1.12 m,DBLADIES ETHNICKURTIKURTI SHORT,11,2,400.00
DB,Binay Singh,LADIES ETHNIC,KURTI,KURTI SHORT,PRINT 38_46,FRESH,WAYSIDE,GEETA,ODP CUT,LAVENDER,200,LADIES ETHNICKURTIKURTI SHORTPRINT 38_46FRESHWAYSIDEGEETAODP CUTLAVENDER200,L/97 cm,DBLADIES ETHNICKURTIKURTI SHORT,11,3,600.00
DB,Binay Singh,LADIES ETHNIC,KURTI,KURTI SHORT,PRINT 38_46,FRESH,WAYSIDE,GEETA,ODP CUT,LAVENDER,200,LADIES ETHNICKURTIKURTI SHORTPRINT 38_46FRESHWAYSIDEGEETAODP CUTLAVENDER200,M/91 cm,DBLADIES ETHNICKURTIKURTI SHORT,11,2,400.00
DB,Binay Singh,LADIES ETHNIC,KURTI,KURTI SHORT,PRINT 38_46,FRESH,WAYSIDE,GEETA,ODP CUT,LAVENDER,200,LADIES ETHNICKURTIKURTI SHORTPRINT 38_46FRESHWAYSIDEGEETAODP CUTLAVENDER200,S/86 cm,DBLADIES ETHNICKURTIKURTI SHORT,11,1,200.00
DB,Binay Singh,LADIES ETHNIC,KURTI,KURTI SHORT,PRINT 38_46,FRESH,WAYSIDE,GEETA,ODP CUT,LAVENDER,200,LADIES ETHNICKURTIKURTI SHORTPRINT 38_46FRESHWAYSIDEGEETAODP CUTLAVENDER200,XL/1.02 m,DBLADIES ETHNICKURTIKURTI SHORT,11,1,200.00
DB,Binay Singh,LADIES ETHNIC,KURTI,KURTI SHORT,PRINT 38_46,FRESH,WAYSIDE,GEETA,ODP CUT,MUSTARD,200,LADIES ETHNICKURTIKURTI SHORTPRINT 38_46FRESHWAYSIDEGEETAODP CUTMUSTARD200,2XL/1.07 m,DBLADIES ETHNICKURTIKURTI SHORT,11,7,1400.00
DB,Binay Singh,LADIES ETHNIC,KURTI,KURTI SHORT,PRINT 38_46,FRESH,WAYSIDE,GEETA,ODP CUT,MUSTARD,200,LADIES ETHNICKURTIKURTI SHORTPRINT 38_46FRESHWAYSIDEGEETAODP CUTMUSTARD200,3XL/1.12 m,DBLADIES ETHNICKURTIKURTI SHORT,11,1,200.00
DB,Binay Singh,LADIES ETHNIC,KURTI,KURTI SHORT,PRINT 38_46,FRESH,WAYSIDE,GEETA,ODP CUT,MUSTARD,200,LADIES ETHNICKURTIKURTI SHORTPRINT 38_46FRESHWAYSIDEGEETAODP CUTMUSTARD200,L/97 cm,DBLADIES ETHNICKURTIKURTI SHORT,11,2,400.00
DB,Binay Singh,LADIES ETHNIC,KURTI,KURTI SHORT,PRINT 38_46,FRESH,WAYSIDE,GEETA,ODP CUT,MUSTARD,200,LADIES ETHNICKURTIKURTI SHORTPRINT 38_46FRESHWAYSIDEGEETAODP CUTMUSTARD200,M/91 cm,DBLADIES ETHNICKURTIKURTI SHORT,11,2,400.00
DB,Binay Singh,LADIES ETHNIC,KURTI,KURTI SHORT,PRINT 38_46,FRESH,WAYSIDE,GEETA,ODP CUT,MUSTARD,200,LADIES ETHNICKURTIKURTI SHORTPRINT 38_46FRESHWAYSIDEGEETAODP CUTMUSTARD200,XL/1.02 m,DBLADIES ETHNICKURTIKURTI SHORT,11,2,400.00
DB,Binay Singh,LADIES ETHNIC,KURTI,KURTI SHORT,PRINT 38_46,FRESH,WAYSIDE,GEETA,ODP CUT,MUSTARD,250,LADIES ETHNICKURTIKURTI SHORTPRINT 38_46FRESHWAYSIDEGEETAODP CUTMUSTARD250,4XL/1.17 m,DBLADIES ETHNICKURTIKURTI SHORT,11,2,500.00
DB,Binay Singh,LADIES ETHNIC,KURTI,KURTI SHORT,PRINT 38_46,FRESH,WAYSIDE,GEETA,ODP CUT,MUSTARD,250,LADIES ETHNICKURTIKURTI SHORTPRINT 38_46FRESHWAYSIDEGEETAODP CUTMUSTARD250,5XL/1.21 m,DBLADIES ETHNICKURTIKURTI SHORT,11,1,250.00
DB,Binay Singh,LADIES ETHNIC,KURTI,KURTI SHORT,PRINT 38_46,FRESH,WAYSIDE,GEETA,ODP CUT,NAVY,200,LADIES ETHNICKURTIKURTI SHORTPRINT 38_46FRESHWAYSIDEGEETAODP CUTNAVY200,2XL/1.07 m,DBLADIES ETHNICKURTIKURTI SHORT,11,5,1000.00
DB,Binay Singh,LADIES ETHNIC,KURTI,KURTI SHORT,PRINT 38_46,FRESH,WAYSIDE,GEETA,ODP CUT,NAVY,200,LADIES ETHNICKURTIKURTI SHORTPRINT 38_46FRESHWAYSIDEGEETAODP CUTNAVY200,3XL/1.12 m,DBLADIES ETHNICKURTIKURTI SHORT,11,2,400.00
DB,Binay Singh,LADIES ETHNIC,KURTI,KURTI SHORT,PRINT 38_46,FRESH,WAYSIDE,GEETA,ODP CUT,NAVY,200,LADIES ETHNICKURTIKURTI SHORTPRINT 38_46FRESHWAYSIDEGEETAODP CUTNAVY200,L/97 cm,DBLADIES ETHNICKURTIKURTI SHORT,11,1,200.00
DB,Binay Singh,LADIES ETHNIC,KURTI,KURTI SHORT,PRINT 38_46,FRESH,WAYSIDE,GEETA,ODP CUT,NAVY,200,LADIES ETHNICKURTIKURTI SHORTPRINT 38_46FRESHWAYSIDEGEETAODP CUTNAVY200,M/91 cm,DBLADIES ETHNICKURTIKURTI SHORT,11,1,200.00
DB,Binay Singh,LADIES ETHNIC,KURTI,KURTI SHORT,PRINT 38_46,FRESH,WAYSIDE,GEETA,ODP CUT,NAVY,200,LADIES ETHNICKURTIKURTI SHORTPRINT 38_46FRESHWAYSIDEGEETAODP CUTNAVY200,S/86 cm,DBLADIES ETHNICKURTIKURTI SHORT,11,1,200.00
DB,Binay Singh,LADIES ETHNIC,KURTI,KURTI SHORT,PRINT 38_46,FRESH,WAYSIDE,GEETA,ODP CUT,NAVY,200,LADIES ETHNICKURTIKURTI SHORTPRINT 38_46FRESHWAYSIDEGEETAODP CUTNAVY200,XL/1.02 m,DBLADIES ETHNICKURTIKURTI SHORT,11,6,1200.00
DB,Binay Singh,LADIES ETHNIC,KURTI,KURTI SHORT,PRINT 38_46,FRESH,WAYSIDE,GEETA,ODP CUT,NAVY,250,LADIES ETHNICKURTIKURTI SHORTPRINT 38_46FRESHWAYSIDEGEETAODP CUTNAVY250,4XL/1.17 m,DBLADIES ETHNICKURTIKURTI SHORT,11,2,500.00
DB,Binay Singh,LADIES ETHNIC,KURTI,KURTI SHORT,PRINT 38_46,FRESH,WAYSIDE,GEETA,ODP CUT,NAVY,250,LADIES ETHNICKURTIKURTI SHORTPRINT 38_46FRESHWAYSIDEGEETAODP CUTNAVY250,5XL/1.21 m,DBLADIES ETHNICKURTIKURTI SHORT,11,3,750.00
DB,Binay Singh,LADIES ETHNIC,KURTI,KURTI SHORT,PRINT 38_46,FRESH,WAYSIDE,GEETA,ODP CUT,OLIVE,250,LADIES ETHNICKURTIKURTI SHORTPRINT 38_46FRESHWAYSIDEGEETAODP CUTOLIVE250,4XL/1.17 m,DBLADIES ETHNICKURTIKURTI SHORT,11,2,500.00
DB,Binay Singh,LADIES ETHNIC,KURTI,KURTI SHORT,PRINT 38_46,FRESH,WAYSIDE,GEETA,ODP CUT,OLIVE,250,LADIES ETHNICKURTIKURTI SHORTPRINT 38_46FRESHWAYSIDEGEETAODP CUTOLIVE250,5XL/1.21 m,DBLADIES ETHNICKURTIKURTI SHORT,11,2,500.00
DB,Binay Singh,LADIES ETHNIC,KURTI,KURTI SHORT,PRINT 38_46,FRESH,WAYSIDE,GEETA,ODP CUT,PINK,200,LADIES ETHNICKURTIKURTI SHORTPRINT 38_46FRESHWAYSIDEGEETAODP CUTPINK200,2XL/1.07 m,DBLADIES ETHNICKURTIKURTI SHORT,11,5,1000.00
DB,Binay Singh,LADIES ETHNIC,KURTI,KURTI SHORT,PRINT 38_46,FRESH,WAYSIDE,GEETA,ODP CUT,PINK,200,LADIES ETHNICKURTIKURTI SHORTPRINT 38_46FRESHWAYSIDEGEETAODP CUTPINK200,3XL/1.12 m,DBLADIES ETHNICKURTIKURTI SHORT,11,7,1400.00
DB,Binay Singh,LADIES ETHNIC,KURTI,KURTI SHORT,PRINT 38_46,FRESH,WAYSIDE,GEETA,ODP CUT,PINK,200,LADIES ETHNICKURTIKURTI SHORTPRINT 38_46FRESHWAYSIDEGEETAODP CUTPINK200,L/97 cm,DBLADIES ETHNICKURTIKURTI SHORT,11,2,400.00
DB,Binay Singh,LADIES ETHNIC,KURTI,KURTI SHORT,PRINT 38_46,FRESH,WAYSIDE,GEETA,ODP CUT,PINK,200,LADIES ETHNICKURTIKURTI SHORTPRINT 38_46FRESHWAYSIDEGEETAODP CUTPINK200,M/91 cm,DBLADIES ETHNICKURTIKURTI SHORT,11,2,400.00
DB,Binay Singh,LADIES ETHNIC,KURTI,KURTI SHORT,PRINT 38_46,FRESH,WAYSIDE,GEETA,ODP CUT,PINK,200,LADIES ETHNICKURTIKURTI SHORTPRINT 38_46FRESHWAYSIDEGEETAODP CUTPINK200,S/86 cm,DBLADIES ETHNICKURTIKURTI SHORT,11,2,400.00
DB,Binay Singh,LADIES ETHNIC,KURTI,KURTI SHORT,PRINT 38_46,FRESH,WAYSIDE,GEETA,ODP CUT,PINK,200,LADIES ETHNICKURTIKURTI SHORTPRINT 38_46FRESHWAYSIDEGEETAODP CUTPINK200,XL/1.02 m,DBLADIES ETHNICKURTIKURTI SHORT,11,5,1000.00
DB,Binay Singh,LADIES ETHNIC,KURTI,KURTI SHORT,PRINT 38_46,FRESH,WAYSIDE,GEETA,ODP CUT,PISTA,200,LADIES ETHNICKURTIKURTI SHORTPRINT 38_46FRESHWAYSIDEGEETAODP CUTPISTA200,2XL/1.07 m,DBLADIES ETHNICKURTIKURTI SHORT,11,3,600.00
DB,Binay Singh,LADIES ETHNIC,KURTI,KURTI SHORT,PRINT 38_46,FRESH,WAYSIDE,GEETA,ODP CUT,PISTA,200,LADIES ETHNICKURTIKURTI SHORTPRINT 38_46FRESHWAYSIDEGEETAODP CUTPISTA200,L/97 cm,DBLADIES ETHNICKURTIKURTI SHORT,11,1,200.00
DB,Binay Singh,LADIES ETHNIC,KURTI,KURTI SHORT,PRINT 38_46,FRESH,WAYSIDE,GEETA,ODP CUT,PISTA,200,LADIES ETHNICKURTIKURTI SHORTPRINT 38_46FRESHWAYSIDEGEETAODP CUTPISTA200,M/91 cm,DBLADIES ETHNICKURTIKURTI SHORT,11,2,400.00
DB,Binay Singh,LADIES ETHNIC,KURTI,KURTI SHORT,PRINT 38_46,FRESH,WAYSIDE,GEETA,ODP CUT,RED,200,LADIES ETHNICKURTIKURTI SHORTPRINT 38_46FRESHWAYSIDEGEETAODP CUTRED200,2XL/1.07 m,DBLADIES ETHNICKURTIKURTI SHORT,11,1,200.00
DB,Binay Singh,LADIES ETHNIC,KURTI,KURTI SHORT,PRINT 38_46,FRESH,WAYSIDE,GEETA,ODP CUT,RED,200,LADIES ETHNICKURTIKURTI SHORTPRINT 38_46FRESHWAYSIDEGEETAODP CUTRED200,M/91 cm,DBLADIES ETHNICKURTIKURTI SHORT,11,3,600.00
DB,Binay Singh,LADIES ETHNIC,KURTI,KURTI SHORT,PRINT 38_46,FRESH,WAYSIDE,GEETA,ODP CUT,RED,200,LADIES ETHNICKURTIKURTI SHORTPRINT 38_46FRESHWAYSIDEGEETAODP CUTRED200,S/86 cm,DBLADIES ETHNICKURTIKURTI SHORT,11,1,200.00
DB,Binay Singh,LADIES ETHNIC,KURTI,KURTI SHORT,PRINT 38_46,FRESH,WAYSIDE,GEETA,ODP CUT,RED,200,LADIES ETHNICKURTIKURTI SHORTPRINT 38_46FRESHWAYSIDEGEETAODP CUTRED200,XL/1.02 m,DBLADIES ETHNICKURTIKURTI SHORT,11,1,200.00
DB,Binay Singh,LADIES ETHNIC,KURTI,KURTI SHORT,PRINT 38_46,FRESH,WAYSIDE,GEETA,ODP CUT,SEA GREEN,200,LADIES ETHNICKURTIKURTI SHORTPRINT 38_46FRESHWAYSIDEGEETAODP CUTSEA GREEN200,XL/1.02 m,DBLADIES ETHNICKURTIKURTI SHORT,11,1,200.00
DG,Dipendu Biswas,LADIES ETHNIC,KURTI,KURTI SHORT,PRINT 38_46,FRESH,WAYSIDE,GEETA,ODP CUT,BLACK,200,LADIES ETHNICKURTIKURTI SHORTPRINT 38_46FRESHWAYSIDEGEETAODP CUTBLACK200,2XL/1.07 m,DGLADIES ETHNICKURTIKURTI SHORT,10,2,400.00
DG,Dipendu Biswas,LADIES ETHNIC,KURTI,KURTI SHORT,PRINT 38_46,FRESH,WAYSIDE,GEETA,ODP CUT,BLACK,200,LADIES ETHNICKURTIKURTI SHORTPRINT 38_46FRESHWAYSIDEGEETAODP CUTBLACK200,L/97 cm,DGLADIES ETHNICKURTIKURTI SHORT,10,3,600.00
DG,Dipendu Biswas,LADIES ETHNIC,KURTI,KURTI SHORT,PRINT 38_46,FRESH,WAYSIDE,GEETA,ODP CUT,BLACK,200,LADIES ETHNICKURTIKURTI SHORTPRINT 38_46FRESHWAYSIDEGEETAODP CUTBLACK200,M/91 cm,DGLADIES ETHNICKURTIKURTI SHORT,10,1,200.00
DG,Dipendu Biswas,LADIES ETHNIC,KURTI,KURTI SHORT,PRINT 38_46,FRESH,WAYSIDE,GEETA,ODP CUT,BLACK,200,LADIES ETHNICKURTIKURTI SHORTPRINT 38_46FRESHWAYSIDEGEETAODP CUTBLACK200,S/86 cm,DGLADIES ETHNICKURTIKURTI SHORT,10,1,200.00
DG,Dipendu Biswas,LADIES ETHNIC,KURTI,KURTI SHORT,PRINT 38_46,FRESH,WAYSIDE,GEETA,ODP CUT,BLACK,200,LADIES ETHNICKURTIKURTI SHORTPRINT 38_46FRESHWAYSIDEGEETAODP CUTBLACK200,XL/1.02 m,DGLADIES ETHNICKURTIKURTI SHORT,10,2,400.00
DG,Dipendu Biswas,LADIES ETHNIC,KURTI,KURTI SHORT,PRINT 38_46,FRESH,WAYSIDE,GEETA,ODP CUT,CORAL,200,LADIES ETHNICKURTIKURTI SHORTPRINT 38_46FRESHWAYSIDEGEETAODP CUTCORAL200,XL/1.02 m,DGLADIES ETHNICKURTIKURTI SHORT,10,1,200.00
DG,Dipendu Biswas,LADIES ETHNIC,KURTI,KURTI SHORT,PRINT 38_46,FRESH,WAYSIDE,GEETA,ODP CUT,GREEN,200,LADIES ETHNICKURTIKURTI SHORTPRINT 38_46FRESHWAYSIDEGEETAODP CUTGREEN200,2XL/1.07 m,DGLADIES ETHNICKURTIKURTI SHORT,10,7,1400.00
DG,Dipendu Biswas,LADIES ETHNIC,KURTI,KURTI SHORT,PRINT 38_46,FRESH,WAYSIDE,GEETA,ODP CUT,GREEN,200,LADIES ETHNICKURTIKURTI SHORTPRINT 38_46FRESHWAYSIDEGEETAODP CUTGREEN200,3XL/1.12 m,DGLADIES ETHNICKURTIKURTI SHORT,10,6,1200.00
DG,Dipendu Biswas,LADIES ETHNIC,KURTI,KURTI SHORT,PRINT 38_46,FRESH,WAYSIDE,GEETA,ODP CUT,GREEN,200,LADIES ETHNICKURTIKURTI SHORTPRINT 38_46FRESHWAYSIDEGEETAODP CUTGREEN200,L/97 cm,DGLADIES ETHNICKURTIKURTI SHORT,10,6,1200.00
DG,Dipendu Biswas,LADIES ETHNIC,KURTI,KURTI SHORT,PRINT 38_46,FRESH,WAYSIDE,GEETA,ODP CUT,GREEN,200,LADIES ETHNICKURTIKURTI SHORTPRINT 38_46FRESHWAYSIDEGEETAODP CUTGREEN200,M/91 cm,DGLADIES ETHNICKURTIKURTI SHORT,10,5,1000.00
DG,Dipendu Biswas,LADIES ETHNIC,KURTI,KURTI SHORT,PRINT 38_46,FRESH,WAYSIDE,GEETA,ODP CUT,GREEN,200,LADIES ETHNICKURTIKURTI SHORTPRINT 38_46FRESHWAYSIDEGEETAODP CUTGREEN200,S/86 cm,DGLADIES ETHNICKURTIKURTI SHORT,10,5,1000.00
DG,Dipendu Biswas,LADIES ETHNIC,KURTI,KURTI SHORT,PRINT 38_46,FRESH,WAYSIDE,GEETA,ODP CUT,GREEN,200,LADIES ETHNICKURTIKURTI SHORTPRINT 38_46FRESHWAYSIDEGEETAODP CUTGREEN200,XL/1.02 m,DGLADIES ETHNICKURTIKURTI SHORT,10,5,1000.00
DG,Dipendu Biswas,LADIES ETHNIC,KURTI,KURTI SHORT,PRINT 38_46,FRESH,WAYSIDE,GEETA,ODP CUT,GREY,200,LADIES ETHNICKURTIKURTI SHORTPRINT 38_46FRESHWAYSIDEGEETAODP CUTGREY200,2XL/1.07 m,DGLADIES ETHNICKURTIKURTI SHORT,10,2,400.00
DG,Dipendu Biswas,LADIES ETHNIC,KURTI,KURTI SHORT,PRINT 38_46,FRESH,WAYSIDE,GEETA,ODP CUT,GREY,200,LADIES ETHNICKURTIKURTI SHORTPRINT 38_46FRESHWAYSIDEGEETAODP CUTGREY200,3XL/1.12 m,DGLADIES ETHNICKURTIKURTI SHORT,10,2,400.00
DG,Dipendu Biswas,LADIES ETHNIC,KURTI,KURTI SHORT,PRINT 38_46,FRESH,WAYSIDE,GEETA,ODP CUT,GREY,200,LADIES ETHNICKURTIKURTI SHORTPRINT 38_46FRESHWAYSIDEGEETAODP CUTGREY200,L/97 cm,DGLADIES ETHNICKURTIKURTI SHORT,10,4,800.00
DG,Dipendu Biswas,LADIES ETHNIC,KURTI,KURTI SHORT,PRINT 38_46,FRESH,WAYSIDE,GEETA,ODP CUT,GREY,200,LADIES ETHNICKURTIKURTI SHORTPRINT 38_46FRESHWAYSIDEGEETAODP CUTGREY200,M/91 cm,DGLADIES ETHNICKURTIKURTI SHORT,10,2,400.00
DG,Dipendu Biswas,LADIES ETHNIC,KURTI,KURTI SHORT,PRINT 38_46,FRESH,WAYSIDE,GEETA,ODP CUT,GREY,200,LADIES ETHNICKURTIKURTI SHORTPRINT 38_46FRESHWAYSIDEGEETAODP CUTGREY200,S/86 cm,DGLADIES ETHNICKURTIKURTI SHORT,10,2,400.00
DG,Dipendu Biswas,LADIES ETHNIC,KURTI,KURTI SHORT,PRINT 38_46,FRESH,WAYSIDE,GEETA,ODP CUT,GREY,200,LADIES ETHNICKURTIKURTI SHORTPRINT 38_46FRESHWAYSIDEGEETAODP CUTGREY200,XL/1.02 m,DGLADIES ETHNICKURTIKURTI SHORT,10,4,800.00
DG,Dipendu Biswas,LADIES ETHNIC,KURTI,KURTI SHORT,PRINT 38_46,FRESH,WAYSIDE,GEETA,ODP CUT,LAVENDER,200,LADIES ETHNICKURTIKURTI SHORTPRINT 38_46FRESHWAYSIDEGEETAODP CUTLAVENDER200,2XL/1.07 m,DGLADIES ETHNICKURTIKURTI SHORT,10,4,800.00
DG,Dipendu Biswas,LADIES ETHNIC,KURTI,KURTI SHORT,PRINT 38_46,FRESH,WAYSIDE,GEETA,ODP CUT,LAVENDER,200,LADIES ETHNICKURTIKURTI SHORTPRINT 38_46FRESHWAYSIDEGEETAODP CUTLAVENDER200,3XL/1.12 m,DGLADIES ETHNICKURTIKURTI SHORT,10,2,400.00
DG,Dipendu Biswas,LADIES ETHNIC,KURTI,KURTI SHORT,PRINT 38_46,FRESH,WAYSIDE,GEETA,ODP CUT,LAVENDER,200,LADIES ETHNICKURTIKURTI SHORTPRINT 38_46FRESHWAYSIDEGEETAODP CUTLAVENDER200,L/97 cm,DGLADIES ETHNICKURTIKURTI SHORT,10,4,800.00
DG,Dipendu Biswas,LADIES ETHNIC,KURTI,KURTI SHORT,PRINT 38_46,FRESH,WAYSIDE,GEETA,ODP CUT,LAVENDER,200,LADIES ETHNICKURTIKURTI SHORTPRINT 38_46FRESHWAYSIDEGEETAODP CUTLAVENDER200,M/91 cm,DGLADIES ETHNICKURTIKURTI SHORT,10,4,800.00
DG,Dipendu Biswas,LADIES ETHNIC,KURTI,KURTI SHORT,PRINT 38_46,FRESH,WAYSIDE,GEETA,ODP CUT,LAVENDER,200,LADIES ETHNICKURTIKURTI SHORTPRINT 38_46FRESHWAYSIDEGEETAODP CUTLAVENDER200,S/86 cm,DGLADIES ETHNICKURTIKURTI SHORT,10,2,400.00
DG,Dipendu Biswas,LADIES ETHNIC,KURTI,KURTI SHORT,PRINT 38_46,FRESH,WAYSIDE,GEETA,ODP CUT,LAVENDER,200,LADIES ETHNICKURTIKURTI SHORTPRINT 38_46FRESHWAYSIDEGEETAODP CUTLAVENDER200,XL/1.02 m,DGLADIES ETHNICKURTIKURTI SHORT,10,4,800.00
DG,Dipendu Biswas,LADIES ETHNIC,KURTI,KURTI SHORT,PRINT 38_46,FRESH,WAYSIDE,GEETA,ODP CUT,MUSTARD,200,LADIES ETHNICKURTIKURTI SHORTPRINT 38_46FRESHWAYSIDEGEETAODP CUTMUSTARD200,2XL/1.07 m,DGLADIES ETHNICKURTIKURTI SHORT,10,2,400.00
DG,Dipendu Biswas,LADIES ETHNIC,KURTI,KURTI SHORT,PRINT 38_46,FRESH,WAYSIDE,GEETA,ODP CUT,MUSTARD,200,LADIES ETHNICKURTIKURTI SHORTPRINT 38_46FRESHWAYSIDEGEETAODP CUTMUSTARD200,3XL/1.12 m,DGLADIES ETHNICKURTIKURTI SHORT,10,2,400.00
DG,Dipendu Biswas,LADIES ETHNIC,KURTI,KURTI SHORT,PRINT 38_46,FRESH,WAYSIDE,GEETA,ODP CUT,MUSTARD,200,LADIES ETHNICKURTIKURTI SHORTPRINT 38_46FRESHWAYSIDEGEETAODP CUTMUSTARD200,L/97 cm,DGLADIES ETHNICKURTIKURTI SHORT,10,4,800.00
DG,Dipendu Biswas,LADIES ETHNIC,KURTI,KURTI SHORT,PRINT 38_46,FRESH,WAYSIDE,GEETA,ODP CUT,MUSTARD,200,LADIES ETHNICKURTIKURTI SHORTPRINT 38_46FRESHWAYSIDEGEETAODP CUTMUSTARD200,M/91 cm,DGLADIES ETHNICKURTIKURTI SHORT,10,3,600.00
DG,Dipendu Biswas,LADIES ETHNIC,KURTI,KURTI SHORT,PRINT 38_46,FRESH,WAYSIDE,GEETA,ODP CUT,MUSTARD,200,LADIES ETHNICKURTIKURTI SHORTPRINT 38_46FRESHWAYSIDEGEETAODP CUTMUSTARD200,S/86 cm,DGLADIES ETHNICKURTIKURTI SHORT,10,2,400.00
DG,Dipendu Biswas,LADIES ETHNIC,KURTI,KURTI SHORT,PRINT 38_46,FRESH,WAYSIDE,GEETA,ODP CUT,MUSTARD,200,LADIES ETHNICKURTIKURTI SHORTPRINT 38_46FRESHWAYSIDEGEETAODP CUTMUSTARD200,XL/1.02 m,DGLADIES ETHNICKURTIKURTI SHORT,10,2,400.00
DG,Dipendu Biswas,LADIES ETHNIC,KURTI,KURTI SHORT,PRINT 38_46,FRESH,WAYSIDE,GEETA,ODP CUT,NAVY,200,LADIES ETHNICKURTIKURTI SHORTPRINT 38_46FRESHWAYSIDEGEETAODP CUTNAVY200,2XL/1.07 m,DGLADIES ETHNICKURTIKURTI SHORT,10,1,200.00
DG,Dipendu Biswas,LADIES ETHNIC,KURTI,KURTI SHORT,PRINT 38_46,FRESH,WAYSIDE,GEETA,ODP CUT,NAVY,200,LADIES ETHNICKURTIKURTI SHORTPRINT 38_46FRESHWAYSIDEGEETAODP CUTNAVY200,3XL/1.12 m,DGLADIES ETHNICKURTIKURTI SHORT,10,1,200.00
DG,Dipendu Biswas,LADIES ETHNIC,KURTI,KURTI SHORT,PRINT 38_46,FRESH,WAYSIDE,GEETA,ODP CUT,NAVY,200,LADIES ETHNICKURTIKURTI SHORTPRINT 38_46FRESHWAYSIDEGEETAODP CUTNAVY200,XL/1.02 m,DGLADIES ETHNICKURTIKURTI SHORT,10,1,200.00
DG,Dipendu Biswas,LADIES ETHNIC,KURTI,KURTI SHORT,PRINT 38_46,FRESH,WAYSIDE,GEETA,ODP CUT,NAVY,250,LADIES ETHNICKURTIKURTI SHORTPRINT 38_46FRESHWAYSIDEGEETAODP CUTNAVY250,4XL/1.17 m,DGLADIES ETHNICKURTIKURTI SHORT,10,1,250.00
DG,Dipendu Biswas,LADIES ETHNIC,KURTI,KURTI SHORT,PRINT 38_46,FRESH,WAYSIDE,GEETA,ODP CUT,PINK,200,LADIES ETHNICKURTIKURTI SHORTPRINT 38_46FRESHWAYSIDEGEETAODP CUTPINK200,2XL/1.07 m,DGLADIES ETHNICKURTIKURTI SHORT,10,6,1200.00
DG,Dipendu Biswas,LADIES ETHNIC,KURTI,KURTI SHORT,PRINT 38_46,FRESH,WAYSIDE,GEETA,ODP CUT,PINK,200,LADIES ETHNICKURTIKURTI SHORTPRINT 38_46FRESHWAYSIDEGEETAODP CUTPINK200,3XL/1.12 m,DGLADIES ETHNICKURTIKURTI SHORT,10,3,600.00
DG,Dipendu Biswas,LADIES ETHNIC,KURTI,KURTI SHORT,PRINT 38_46,FRESH,WAYSIDE,GEETA,ODP CUT,PINK,200,LADIES ETHNICKURTIKURTI SHORTPRINT 38_46FRESHWAYSIDEGEETAODP CUTPINK200,L/97 cm,DGLADIES ETHNICKURTIKURTI SHORT,10,4,800.00
DG,Dipendu Biswas,LADIES ETHNIC,KURTI,KURTI SHORT,PRINT 38_46,FRESH,WAYSIDE,GEETA,ODP CUT,PINK,200,LADIES ETHNICKURTIKURTI SHORTPRINT 38_46FRESHWAYSIDEGEETAODP CUTPINK200,M/91 cm,DGLADIES ETHNICKURTIKURTI SHORT,10,2,400.00
DG,Dipendu Biswas,LADIES ETHNIC,KURTI,KURTI SHORT,PRINT 38_46,FRESH,WAYSIDE,GEETA,ODP CUT,PINK,200,LADIES ETHNICKURTIKURTI SHORTPRINT 38_46FRESHWAYSIDEGEETAODP CUTPINK200,S/86 cm,DGLADIES ETHNICKURTIKURTI SHORT,10,2,400.00
DG,Dipendu Biswas,LADIES ETHNIC,KURTI,KURTI SHORT,PRINT 38_46,FRESH,WAYSIDE,GEETA,ODP CUT,PINK,200,LADIES ETHNICKURTIKURTI SHORTPRINT 38_46FRESHWAYSIDEGEETAODP CUTPINK200,XL/1.02 m,DGLADIES ETHNICKURTIKURTI SHORT,10,4,800.00
DG,Dipendu Biswas,LADIES ETHNIC,KURTI,KURTI SHORT,PRINT 38_46,FRESH,WAYSIDE,GEETA,ODP CUT,RAMA,200,LADIES ETHNICKURTIKURTI SHORTPRINT 38_46FRESHWAYSIDEGEETAODP CUTRAMA200,XL/1.02 m,DGLADIES ETHNICKURTIKURTI SHORT,10,1,200.00
DJ,Dipendu Biswas,LADIES ETHNIC,KURTI,KURTI SHORT,PRINT 38_46,FRESH,WAYSIDE,GEETA,ODP CUT,BROWN,200,LADIES ETHNICKURTIKURTI SHORTPRINT 38_46FRESHWAYSIDEGEETAODP CUTBROWN200,2XL/1.07 m,DJLADIES ETHNICKURTIKURTI SHORT,12,2,400.00
DJ,Dipendu Biswas,LADIES ETHNIC,KURTI,KURTI SHORT,PRINT 38_46,FRESH,WAYSIDE,GEETA,ODP CUT,BROWN,200,LADIES ETHNICKURTIKURTI SHORTPRINT 38_46FRESHWAYSIDEGEETAODP CUTBROWN200,3XL/1.12 m,DJLADIES ETHNICKURTIKURTI SHORT,12,2,400.00
DJ,Dipendu Biswas,LADIES ETHNIC,KURTI,KURTI SHORT,PRINT 38_46,FRESH,WAYSIDE,GEETA,ODP CUT,BROWN,200,LADIES ETHNICKURTIKURTI SHORTPRINT 38_46FRESHWAYSIDEGEETAODP CUTBROWN200,S/86 cm,DJLADIES ETHNICKURTIKURTI SHORT,12,1,200.00
DJ,Dipendu Biswas,LADIES ETHNIC,KURTI,KURTI SHORT,PRINT 38_46,FRESH,WAYSIDE,GEETA,ODP CUT,BROWN,200,LADIES ETHNICKURTIKURTI SHORTPRINT 38_46FRESHWAYSIDEGEETAODP CUTBROWN200,XL/1.02 m,DJLADIES ETHNICKURTIKURTI SHORT,12,6,1200.00
DJ,Dipendu Biswas,LADIES ETHNIC,KURTI,KURTI SHORT,PRINT 38_46,FRESH,WAYSIDE,GEETA,ODP CUT,GREEN,200,LADIES ETHNICKURTIKURTI SHORTPRINT 38_46FRESHWAYSIDEGEETAODP CUTGREEN200,2XL/1.07 m,DJLADIES ETHNICKURTIKURTI SHORT,12,4,800.00
DJ,Dipendu Biswas,LADIES ETHNIC,KURTI,KURTI SHORT,PRINT 38_46,FRESH,WAYSIDE,GEETA,ODP CUT,GREEN,200,LADIES ETHNICKURTIKURTI SHORTPRINT 38_46FRESHWAYSIDEGEETAODP CUTGREEN200,3XL/1.12 m,DJLADIES ETHNICKURTIKURTI SHORT,12,2,400.00
DJ,Dipendu Biswas,LADIES ETHNIC,KURTI,KURTI SHORT,PRINT 38_46,FRESH,WAYSIDE,GEETA,ODP CUT,GREEN,200,LADIES ETHNICKURTIKURTI SHORTPRINT 38_46FRESHWAYSIDEGEETAODP CUTGREEN200,L/97 cm,DJLADIES ETHNICKURTIKURTI SHORT,12,5,1000.00
DJ,Dipendu Biswas,LADIES ETHNIC,KURTI,KURTI SHORT,PRINT 38_46,FRESH,WAYSIDE,GEETA,ODP CUT,GREEN,200,LADIES ETHNICKURTIKURTI SHORTPRINT 38_46FRESHWAYSIDEGEETAODP CUTGREEN200,M/91 cm,DJLADIES ETHNICKURTIKURTI SHORT,12,6,1200.00
DJ,Dipendu Biswas,LADIES ETHNIC,KURTI,KURTI SHORT,PRINT 38_46,FRESH,WAYSIDE,GEETA,ODP CUT,GREEN,200,LADIES ETHNICKURTIKURTI SHORTPRINT 38_46FRESHWAYSIDEGEETAODP CUTGREEN200,S/86 cm,DJLADIES ETHNICKURTIKURTI SHORT,12,4,800.00
DJ,Dipendu Biswas,LADIES ETHNIC,KURTI,KURTI SHORT,PRINT 38_46,FRESH,WAYSIDE,GEETA,ODP CUT,GREEN,200,LADIES ETHNICKURTIKURTI SHORTPRINT 38_46FRESHWAYSIDEGEETAODP CUTGREEN200,XL/1.02 m,DJLADIES ETHNICKURTIKURTI SHORT,12,10,2000.00
DJ,Dipendu Biswas,LADIES ETHNIC,KURTI,KURTI SHORT,PRINT 38_46,FRESH,WAYSIDE,GEETA,ODP CUT,GREY,200,LADIES ETHNICKURTIKURTI SHORTPRINT 38_46FRESHWAYSIDEGEETAODP CUTGREY200,2XL/1.07 m,DJLADIES ETHNICKURTIKURTI SHORT,12,2,400.00
DJ,Dipendu Biswas,LADIES ETHNIC,KURTI,KURTI SHORT,PRINT 38_46,FRESH,WAYSIDE,GEETA,ODP CUT,GREY,200,LADIES ETHNICKURTIKURTI SHORTPRINT 38_46FRESHWAYSIDEGEETAODP CUTGREY200,3XL/1.12 m,DJLADIES ETHNICKURTIKURTI SHORT,12,2,400.00
DJ,Dipendu Biswas,LADIES ETHNIC,KURTI,KURTI SHORT,PRINT 38_46,FRESH,WAYSIDE,GEETA,ODP CUT,GREY,200,LADIES ETHNICKURTIKURTI SHORTPRINT 38_46FRESHWAYSIDEGEETAODP CUTGREY200,L/97 cm,DJLADIES ETHNICKURTIKURTI SHORT,12,4,800.00
DJ,Dipendu Biswas,LADIES ETHNIC,KURTI,KURTI SHORT,PRINT 38_46,FRESH,WAYSIDE,GEETA,ODP CUT,GREY,200,LADIES ETHNICKURTIKURTI SHORTPRINT 38_46FRESHWAYSIDEGEETAODP CUTGREY200,M/91 cm,DJLADIES ETHNICKURTIKURTI SHORT,12,4,800.00
DJ,Dipendu Biswas,LADIES ETHNIC,KURTI,KURTI SHORT,PRINT 38_46,FRESH,WAYSIDE,GEETA,ODP CUT,GREY,200,LADIES ETHNICKURTIKURTI SHORTPRINT 38_46FRESHWAYSIDEGEETAODP CUTGREY200,S/86 cm,DJLADIES ETHNICKURTIKURTI SHORT,12,2,400.00
DJ,Dipendu Biswas,LADIES ETHNIC,KURTI,KURTI SHORT,PRINT 38_46,FRESH,WAYSIDE,GEETA,ODP CUT,GREY,200,LADIES ETHNICKURTIKURTI SHORTPRINT 38_46FRESHWAYSIDEGEETAODP CUTGREY200,XL/1.02 m,DJLADIES ETHNICKURTIKURTI SHORT,12,2,400.00
DJ,Dipendu Biswas,LADIES ETHNIC,KURTI,KURTI SHORT,PRINT 38_46,FRESH,WAYSIDE,GEETA,ODP CUT,LAVENDER,200,LADIES ETHNICKURTIKURTI SHORTPRINT 38_46FRESHWAYSIDEGEETAODP CUTLAVENDER200,3XL/1.12 m,DJLADIES ETHNICKURTIKURTI SHORT,12,2,400.00
DJ,Dipendu Biswas,LADIES ETHNIC,KURTI,KURTI SHORT,PRINT 38_46,FRESH,WAYSIDE,GEETA,ODP CUT,LAVENDER,200,LADIES ETHNICKURTIKURTI SHORTPRINT 38_46FRESHWAYSIDEGEETAODP CUTLAVENDER200,L/97 cm,DJLADIES ETHNICKURTIKURTI SHORT,12,1,200.00
DJ,Dipendu Biswas,LADIES ETHNIC,KURTI,KURTI SHORT,PRINT 38_46,FRESH,WAYSIDE,GEETA,ODP CUT,LAVENDER,200,LADIES ETHNICKURTIKURTI SHORTPRINT 38_46FRESHWAYSIDEGEETAODP CUTLAVENDER200,M/91 cm,DJLADIES ETHNICKURTIKURTI SHORT,12,1,200.00
DJ,Dipendu Biswas,LADIES ETHNIC,KURTI,KURTI SHORT,PRINT 38_46,FRESH,WAYSIDE,GEETA,ODP CUT,LAVENDER,200,LADIES ETHNICKURTIKURTI SHORTPRINT 38_46FRESHWAYSIDEGEETAODP CUTLAVENDER200,XL/1.02 m,DJLADIES ETHNICKURTIKURTI SHORT,12,1,200.00
DJ,Dipendu Biswas,LADIES ETHNIC,KURTI,KURTI SHORT,PRINT 38_46,FRESH,WAYSIDE,GEETA,ODP CUT,MUSTARD,200,LADIES ETHNICKURTIKURTI SHORTPRINT 38_46FRESHWAYSIDEGEETAODP CUTMUSTARD200,2XL/1.07 m,DJLADIES ETHNICKURTIKURTI SHORT,12,2,400.00
DJ,Dipendu Biswas,LADIES ETHNIC,KURTI,KURTI SHORT,PRINT 38_46,FRESH,WAYSIDE,GEETA,ODP CUT,MUSTARD,200,LADIES ETHNICKURTIKURTI SHORTPRINT 38_46FRESHWAYSIDEGEETAODP CUTMUSTARD200,3XL/1.12 m,DJLADIES ETHNICKURTIKURTI SHORT,12,2,400.00
DJ,Dipendu Biswas,LADIES ETHNIC,KURTI,KURTI SHORT,PRINT 38_46,FRESH,WAYSIDE,GEETA,ODP CUT,MUSTARD,200,LADIES ETHNICKURTIKURTI SHORTPRINT 38_46FRESHWAYSIDEGEETAODP CUTMUSTARD200,L/97 cm,DJLADIES ETHNICKURTIKURTI SHORT,12,2,400.00
DJ,Dipendu Biswas,LADIES ETHNIC,KURTI,KURTI SHORT,PRINT 38_46,FRESH,WAYSIDE,GEETA,ODP CUT,MUSTARD,200,LADIES ETHNICKURTIKURTI SHORTPRINT 38_46FRESHWAYSIDEGEETAODP CUTMUSTARD200,M/91 cm,DJLADIES ETHNICKURTIKURTI SHORT,12,4,800.00
DJ,Dipendu Biswas,LADIES ETHNIC,KURTI,KURTI SHORT,PRINT 38_46,FRESH,WAYSIDE,GEETA,ODP CUT,MUSTARD,200,LADIES ETHNICKURTIKURTI SHORTPRINT 38_46FRESHWAYSIDEGEETAODP CUTMUSTARD200,S/86 cm,DJLADIES ETHNICKURTIKURTI SHORT,12,1,200.00
DJ,Dipendu Biswas,LADIES ETHNIC,KURTI,KURTI SHORT,PRINT 38_46,FRESH,WAYSIDE,GEETA,ODP CUT,MUSTARD,200,LADIES ETHNICKURTIKURTI SHORTPRINT 38_46FRESHWAYSIDEGEETAODP CUTMUSTARD200,XL/1.02 m,DJLADIES ETHNICKURTIKURTI SHORT,12,2,400.00
DJ,Dipendu Biswas,LADIES ETHNIC,KURTI,KURTI SHORT,PRINT 38_46,FRESH,WAYSIDE,GEETA,ODP CUT,NAVY,200,LADIES ETHNICKURTIKURTI SHORTPRINT 38_46FRESHWAYSIDEGEETAODP CUTNAVY200,2XL/1.07 m,DJLADIES ETHNICKURTIKURTI SHORT,12,2,400.00
DJ,Dipendu Biswas,LADIES ETHNIC,KURTI,KURTI SHORT,PRINT 38_46,FRESH,WAYSIDE,GEETA,ODP CUT,NAVY,200,LADIES ETHNICKURTIKURTI SHORTPRINT 38_46FRESHWAYSIDEGEETAODP CUTNAVY200,3XL/1.12 m,DJLADIES ETHNICKURTIKURTI SHORT,12,1,200.00
DJ,Dipendu Biswas,LADIES ETHNIC,KURTI,KURTI SHORT,PRINT 38_46,FRESH,WAYSIDE,GEETA,ODP CUT,NAVY,200,LADIES ETHNICKURTIKURTI SHORTPRINT 38_46FRESHWAYSIDEGEETAODP CUTNAVY200,L/97 cm,DJLADIES ETHNICKURTIKURTI SHORT,12,2,400.00
DJ,Dipendu Biswas,LADIES ETHNIC,KURTI,KURTI SHORT,PRINT 38_46,FRESH,WAYSIDE,GEETA,ODP CUT,NAVY,200,LADIES ETHNICKURTIKURTI SHORTPRINT 38_46FRESHWAYSIDEGEETAODP CUTNAVY200,M/91 cm,DJLADIES ETHNICKURTIKURTI SHORT,12,1,200.00
DJ,Dipendu Biswas,LADIES ETHNIC,KURTI,KURTI SHORT,PRINT 38_46,FRESH,WAYSIDE,GEETA,ODP CUT,NAVY,200,LADIES ETHNICKURTIKURTI SHORTPRINT 38_46FRESHWAYSIDEGEETAODP CUTNAVY200,S/86 cm,DJLADIES ETHNICKURTIKURTI SHORT,12,1,200.00
DJ,Dipendu Biswas,LADIES ETHNIC,KURTI,KURTI SHORT,PRINT 38_46,FRESH,WAYSIDE,GEETA,ODP CUT,NAVY,200,LADIES ETHNICKURTIKURTI SHORTPRINT 38_46FRESHWAYSIDEGEETAODP CUTNAVY200,XL/1.02 m,DJLADIES ETHNICKURTIKURTI SHORT,12,3,600.00
DJ,Dipendu Biswas,LADIES ETHNIC,KURTI,KURTI SHORT,PRINT 38_46,FRESH,WAYSIDE,GEETA,ODP CUT,PINK,200,LADIES ETHNICKURTIKURTI SHORTPRINT 38_46FRESHWAYSIDEGEETAODP CUTPINK200,2XL/1.07 m,DJLADIES ETHNICKURTIKURTI SHORT,12,7,1400.00
DJ,Dipendu Biswas,LADIES ETHNIC,KURTI,KURTI SHORT,PRINT 38_46,FRESH,WAYSIDE,GEETA,ODP CUT,PINK,200,LADIES ETHNICKURTIKURTI SHORTPRINT 38_46FRESHWAYSIDEGEETAODP CUTPINK200,3XL/1.12 m,DJLADIES ETHNICKURTIKURTI SHORT,12,5,1000.00
DJ,Dipendu Biswas,LADIES ETHNIC,KURTI,KURTI SHORT,PRINT 38_46,FRESH,WAYSIDE,GEETA,ODP CUT,PINK,200,LADIES ETHNICKURTIKURTI SHORTPRINT 38_46FRESHWAYSIDEGEETAODP CUTPINK200,L/97 cm,DJLADIES ETHNICKURTIKURTI SHORT,12,6,1200.00
DJ,Dipendu Biswas,LADIES ETHNIC,KURTI,KURTI SHORT,PRINT 38_46,FRESH,WAYSIDE,GEETA,ODP CUT,PINK,200,LADIES ETHNICKURTIKURTI SHORTPRINT 38_46FRESHWAYSIDEGEETAODP CUTPINK200,M/91 cm,DJLADIES ETHNICKURTIKURTI SHORT,12,7,1400.00
DJ,Dipendu Biswas,LADIES ETHNIC,KURTI,KURTI SHORT,PRINT 38_46,FRESH,WAYSIDE,GEETA,ODP CUT,PINK,200,LADIES ETHNICKURTIKURTI SHORTPRINT 38_46FRESHWAYSIDEGEETAODP CUTPINK200,S/86 cm,DJLADIES ETHNICKURTIKURTI SHORT,12,4,800.00
DJ,Dipendu Biswas,LADIES ETHNIC,KURTI,KURTI SHORT,PRINT 38_46,FRESH,WAYSIDE,GEETA,ODP CUT,PINK,200,LADIES ETHNICKURTIKURTI SHORTPRINT 38_46FRESHWAYSIDEGEETAODP CUTPINK200,XL/1.02 m,DJLADIES ETHNICKURTIKURTI SHORT,12,6,1200.00
DJ,Dipendu Biswas,LADIES ETHNIC,KURTI,KURTI SHORT,PRINT 38_46,FRESH,WAYSIDE,GEETA,ODP CUT,PISTA,200,LADIES ETHNICKURTIKURTI SHORTPRINT 38_46FRESHWAYSIDEGEETAODP CUTPISTA200,2XL/1.07 m,DJLADIES ETHNICKURTIKURTI SHORT,12,2,400.00
DJ,Dipendu Biswas,LADIES ETHNIC,KURTI,KURTI SHORT,PRINT 38_46,FRESH,WAYSIDE,GEETA,ODP CUT,PISTA,200,LADIES ETHNICKURTIKURTI SHORTPRINT 38_46FRESHWAYSIDEGEETAODP CUTPISTA200,3XL/1.12 m,DJLADIES ETHNICKURTIKURTI SHORT,12,4,800.00
DJ,Dipendu Biswas,LADIES ETHNIC,KURTI,KURTI SHORT,PRINT 38_46,FRESH,WAYSIDE,GEETA,ODP CUT,PISTA,200,LADIES ETHNICKURTIKURTI SHORTPRINT 38_46FRESHWAYSIDEGEETAODP CUTPISTA200,XL/1.02 m,DJLADIES ETHNICKURTIKURTI SHORT,12,2,400.00
DJ,Dipendu Biswas,LADIES ETHNIC,KURTI,KURTI SHORT,PRINT 38_46,FRESH,WAYSIDE,GEETA,ODP CUT,RED,200,LADIES ETHNICKURTIKURTI SHORTPRINT 38_46FRESHWAYSIDEGEETAODP CUTRED200,2XL/1.07 m,DJLADIES ETHNICKURTIKURTI SHORT,12,1,200.00
DJ,Dipendu Biswas,LADIES ETHNIC,KURTI,KURTI SHORT,PRINT 38_46,FRESH,WAYSIDE,GEETA,ODP CUT,RED,200,LADIES ETHNICKURTIKURTI SHORTPRINT 38_46FRESHWAYSIDEGEETAODP CUTRED200,XL/1.02 m,DJLADIES ETHNICKURTIKURTI SHORT,12,1,200.00
DP,Manas Purohit,LADIES ETHNIC,KURTI,KURTI SHORT,PRINT 38_46,FRESH,WAYSIDE,GEETA,ODP CUT,BLACK,200,LADIES ETHNICKURTIKURTI SHORTPRINT 38_46FRESHWAYSIDEGEETAODP CUTBLACK200,2XL/1.07 m,DPLADIES ETHNICKURTIKURTI SHORT,14,1,200.00
DP,Manas Purohit,LADIES ETHNIC,KURTI,KURTI SHORT,PRINT 38_46,FRESH,WAYSIDE,GEETA,ODP CUT,BLACK,200,LADIES ETHNICKURTIKURTI SHORTPRINT 38_46FRESHWAYSIDEGEETAODP CUTBLACK200,L/97 cm,DPLADIES ETHNICKURTIKURTI SHORT,14,4,800.00
DP,Manas Purohit,LADIES ETHNIC,KURTI,KURTI SHORT,PRINT 38_46,FRESH,WAYSIDE,GEETA,ODP CUT,BROWN,200,LADIES ETHNICKURTIKURTI SHORTPRINT 38_46FRESHWAYSIDEGEETAODP CUTBROWN200,2XL/1.07 m,DPLADIES ETHNICKURTIKURTI SHORT,14,4,800.00
DP,Manas Purohit,LADIES ETHNIC,KURTI,KURTI SHORT,PRINT 38_46,FRESH,WAYSIDE,GEETA,ODP CUT,BROWN,200,LADIES ETHNICKURTIKURTI SHORTPRINT 38_46FRESHWAYSIDEGEETAODP CUTBROWN200,3XL/1.12 m,DPLADIES ETHNICKURTIKURTI SHORT,14,2,400.00
DP,Manas Purohit,LADIES ETHNIC,KURTI,KURTI SHORT,PRINT 38_46,FRESH,WAYSIDE,GEETA,ODP CUT,BROWN,200,LADIES ETHNICKURTIKURTI SHORTPRINT 38_46FRESHWAYSIDEGEETAODP CUTBROWN200,XL/1.02 m,DPLADIES ETHNICKURTIKURTI SHORT,14,1,200.00
DP,Manas Purohit,LADIES ETHNIC,KURTI,KURTI SHORT,PRINT 38_46,FRESH,WAYSIDE,GEETA,ODP CUT,CORAL,200,LADIES ETHNICKURTIKURTI SHORTPRINT 38_46FRESHWAYSIDEGEETAODP CUTCORAL200,L/97 cm,DPLADIES ETHNICKURTIKURTI SHORT,14,2,400.00
DP,Manas Purohit,LADIES ETHNIC,KURTI,KURTI SHORT,PRINT 38_46,FRESH,WAYSIDE,GEETA,ODP CUT,CREAM,200,LADIES ETHNICKURTIKURTI SHORTPRINT 38_46FRESHWAYSIDEGEETAODP CUTCREAM200,3XL/1.12 m,DPLADIES ETHNICKURTIKURTI SHORT,14,2,400.00
DP,Manas Purohit,LADIES ETHNIC,KURTI,KURTI SHORT,PRINT 38_46,FRESH,WAYSIDE,GEETA,ODP CUT,GREEN,200,LADIES ETHNICKURTIKURTI SHORTPRINT 38_46FRESHWAYSIDEGEETAODP CUTGREEN200,2XL/1.07 m,DPLADIES ETHNICKURTIKURTI SHORT,14,3,600.00
DP,Manas Purohit,LADIES ETHNIC,KURTI,KURTI SHORT,PRINT 38_46,FRESH,WAYSIDE,GEETA,ODP CUT,GREEN,200,LADIES ETHNICKURTIKURTI SHORTPRINT 38_46FRESHWAYSIDEGEETAODP CUTGREEN200,3XL/1.12 m,DPLADIES ETHNICKURTIKURTI SHORT,14,2,400.00
DP,Manas Purohit,LADIES ETHNIC,KURTI,KURTI SHORT,PRINT 38_46,FRESH,WAYSIDE,GEETA,ODP CUT,GREEN,200,LADIES ETHNICKURTIKURTI SHORTPRINT 38_46FRESHWAYSIDEGEETAODP CUTGREEN200,L/97 cm,DPLADIES ETHNICKURTIKURTI SHORT,14,3,600.00
DP,Manas Purohit,LADIES ETHNIC,KURTI,KURTI SHORT,PRINT 38_46,FRESH,WAYSIDE,GEETA,ODP CUT,GREEN,200,LADIES ETHNICKURTIKURTI SHORTPRINT 38_46FRESHWAYSIDEGEETAODP CUTGREEN200,M/91 cm,DPLADIES ETHNICKURTIKURTI SHORT,14,2,400.00
DP,Manas Purohit,LADIES ETHNIC,KURTI,KURTI SHORT,PRINT 38_46,FRESH,WAYSIDE,GEETA,ODP CUT,GREEN,200,LADIES ETHNICKURTIKURTI SHORTPRINT 38_46FRESHWAYSIDEGEETAODP CUTGREEN200,S/86 cm,DPLADIES ETHNICKURTIKURTI SHORT,14,1,200.00
DP,Manas Purohit,LADIES ETHNIC,KURTI,KURTI SHORT,PRINT 38_46,FRESH,WAYSIDE,GEETA,ODP CUT,GREEN,200,LADIES ETHNICKURTIKURTI SHORTPRINT 38_46FRESHWAYSIDEGEETAODP CUTGREEN200,XL/1.02 m,DPLADIES ETHNICKURTIKURTI SHORT,14,3,600.00
DP,Manas Purohit,LADIES ETHNIC,KURTI,KURTI SHORT,PRINT 38_46,FRESH,WAYSIDE,GEETA,ODP CUT,GREY,200,LADIES ETHNICKURTIKURTI SHORTPRINT 38_46FRESHWAYSIDEGEETAODP CUTGREY200,2XL/1.07 m,DPLADIES ETHNICKURTIKURTI SHORT,14,2,400.00
DP,Manas Purohit,LADIES ETHNIC,KURTI,KURTI SHORT,PRINT 38_46,FRESH,WAYSIDE,GEETA,ODP CUT,GREY,200,LADIES ETHNICKURTIKURTI SHORTPRINT 38_46FRESHWAYSIDEGEETAODP CUTGREY200,3XL/1.12 m,DPLADIES ETHNICKURTIKURTI SHORT,14,2,400.00
DP,Manas Purohit,LADIES ETHNIC,KURTI,KURTI SHORT,PRINT 38_46,FRESH,WAYSIDE,GEETA,ODP CUT,GREY,200,LADIES ETHNICKURTIKURTI SHORTPRINT 38_46FRESHWAYSIDEGEETAODP CUTGREY200,L/97 cm,DPLADIES ETHNICKURTIKURTI SHORT,14,4,800.00
DP,Manas Purohit,LADIES ETHNIC,KURTI,KURTI SHORT,PRINT 38_46,FRESH,WAYSIDE,GEETA,ODP CUT,GREY,200,LADIES ETHNICKURTIKURTI SHORTPRINT 38_46FRESHWAYSIDEGEETAODP CUTGREY200,M/91 cm,DPLADIES ETHNICKURTIKURTI SHORT,14,3,600.00
DP,Manas Purohit,LADIES ETHNIC,KURTI,KURTI SHORT,PRINT 38_46,FRESH,WAYSIDE,GEETA,ODP CUT,GREY,200,LADIES ETHNICKURTIKURTI SHORTPRINT 38_46FRESHWAYSIDEGEETAODP CUTGREY200,S/86 cm,DPLADIES ETHNICKURTIKURTI SHORT,14,2,400.00
DP,Manas Purohit,LADIES ETHNIC,KURTI,KURTI SHORT,PRINT 38_46,FRESH,WAYSIDE,GEETA,ODP CUT,GREY,200,LADIES ETHNICKURTIKURTI SHORTPRINT 38_46FRESHWAYSIDEGEETAODP CUTGREY200,XL/1.02 m,DPLADIES ETHNICKURTIKURTI SHORT,14,2,400.00
DP,Manas Purohit,LADIES ETHNIC,KURTI,KURTI SHORT,PRINT 38_46,FRESH,WAYSIDE,GEETA,ODP CUT,MUSTARD,200,LADIES ETHNICKURTIKURTI SHORTPRINT 38_46FRESHWAYSIDEGEETAODP CUTMUSTARD200,2XL/1.07 m,DPLADIES ETHNICKURTIKURTI SHORT,14,1,200.00
DP,Manas Purohit,LADIES ETHNIC,KURTI,KURTI SHORT,PRINT 38_46,FRESH,WAYSIDE,GEETA,ODP CUT,MUSTARD,200,LADIES ETHNICKURTIKURTI SHORTPRINT 38_46FRESHWAYSIDEGEETAODP CUTMUSTARD200,3XL/1.12 m,DPLADIES ETHNICKURTIKURTI SHORT,14,3,600.00
DP,Manas Purohit,LADIES ETHNIC,KURTI,KURTI SHORT,PRINT 38_46,FRESH,WAYSIDE,GEETA,ODP CUT,MUSTARD,200,LADIES ETHNICKURTIKURTI SHORTPRINT 38_46FRESHWAYSIDEGEETAODP CUTMUSTARD200,L/97 cm,DPLADIES ETHNICKURTIKURTI SHORT,14,3,600.00
DP,Manas Purohit,LADIES ETHNIC,KURTI,KURTI SHORT,PRINT 38_46,FRESH,WAYSIDE,GEETA,ODP CUT,MUSTARD,200,LADIES ETHNICKURTIKURTI SHORTPRINT 38_46FRESHWAYSIDEGEETAODP CUTMUSTARD200,M/91 cm,DPLADIES ETHNICKURTIKURTI SHORT,14,3,600.00
DP,Manas Purohit,LADIES ETHNIC,KURTI,KURTI SHORT,PRINT 38_46,FRESH,WAYSIDE,GEETA,ODP CUT,MUSTARD,200,LADIES ETHNICKURTIKURTI SHORTPRINT 38_46FRESHWAYSIDEGEETAODP CUTMUSTARD200,S/86 cm,DPLADIES ETHNICKURTIKURTI SHORT,14,2,400.00
DP,Manas Purohit,LADIES ETHNIC,KURTI,KURTI SHORT,PRINT 38_46,FRESH,WAYSIDE,GEETA,ODP CUT,MUSTARD,200,LADIES ETHNICKURTIKURTI SHORTPRINT 38_46FRESHWAYSIDEGEETAODP CUTMUSTARD200,XL/1.02 m,DPLADIES ETHNICKURTIKURTI SHORT,14,3,600.00
DP,Manas Purohit,LADIES ETHNIC,KURTI,KURTI SHORT,PRINT 38_46,FRESH,WAYSIDE,GEETA,ODP CUT,MUSTARD,250,LADIES ETHNICKURTIKURTI SHORTPRINT 38_46FRESHWAYSIDEGEETAODP CUTMUSTARD250,5XL/1.21 m,DPLADIES ETHNICKURTIKURTI SHORT,14,2,500.00
DP,Manas Purohit,LADIES ETHNIC,KURTI,KURTI SHORT,PRINT 38_46,FRESH,WAYSIDE,GEETA,ODP CUT,NAVY,200,LADIES ETHNICKURTIKURTI SHORTPRINT 38_46FRESHWAYSIDEGEETAODP CUTNAVY200,M/91 cm,DPLADIES ETHNICKURTIKURTI SHORT,14,2,400.00
DP,Manas Purohit,LADIES ETHNIC,KURTI,KURTI SHORT,PRINT 38_46,FRESH,WAYSIDE,GEETA,ODP CUT,NAVY,200,LADIES ETHNICKURTIKURTI SHORTPRINT 38_46FRESHWAYSIDEGEETAODP CUTNAVY200,XL/1.02 m,DPLADIES ETHNICKURTIKURTI SHORT,14,1,200.00
DP,Manas Purohit,LADIES ETHNIC,KURTI,KURTI SHORT,PRINT 38_46,FRESH,WAYSIDE,GEETA,ODP CUT,OLIVE,250,LADIES ETHNICKURTIKURTI SHORTPRINT 38_46FRESHWAYSIDEGEETAODP CUTOLIVE250,5XL/1.21 m,DPLADIES ETHNICKURTIKURTI SHORT,14,1,250.00
DP,Manas Purohit,LADIES ETHNIC,KURTI,KURTI SHORT,PRINT 38_46,FRESH,WAYSIDE,GEETA,ODP CUT,PINK,200,LADIES ETHNICKURTIKURTI SHORTPRINT 38_46FRESHWAYSIDEGEETAODP CUTPINK200,2XL/1.07 m,DPLADIES ETHNICKURTIKURTI SHORT,14,7,1400.00
DP,Manas Purohit,LADIES ETHNIC,KURTI,KURTI SHORT,PRINT 38_46,FRESH,WAYSIDE,GEETA,ODP CUT,PINK,200,LADIES ETHNICKURTIKURTI SHORTPRINT 38_46FRESHWAYSIDEGEETAODP CUTPINK200,3XL/1.12 m,DPLADIES ETHNICKURTIKURTI SHORT,14,3,600.00
DP,Manas Purohit,LADIES ETHNIC,KURTI,KURTI SHORT,PRINT 38_46,FRESH,WAYSIDE,GEETA,ODP CUT,PINK,200,LADIES ETHNICKURTIKURTI SHORTPRINT 38_46FRESHWAYSIDEGEETAODP CUTPINK200,L/97 cm,DPLADIES ETHNICKURTIKURTI SHORT,14,8,1600.00
DP,Manas Purohit,LADIES ETHNIC,KURTI,KURTI SHORT,PRINT 38_46,FRESH,WAYSIDE,GEETA,ODP CUT,PINK,200,LADIES ETHNICKURTIKURTI SHORTPRINT 38_46FRESHWAYSIDEGEETAODP CUTPINK200,M/91 cm,DPLADIES ETHNICKURTIKURTI SHORT,14,1,200.00
DP,Manas Purohit,LADIES ETHNIC,KURTI,KURTI SHORT,PRINT 38_46,FRESH,WAYSIDE,GEETA,ODP CUT,PINK,200,LADIES ETHNICKURTIKURTI SHORTPRINT 38_46FRESHWAYSIDEGEETAODP CUTPINK200,S/86 cm,DPLADIES ETHNICKURTIKURTI SHORT,14,5,1000.00
DP,Manas Purohit,LADIES ETHNIC,KURTI,KURTI SHORT,PRINT 38_46,FRESH,WAYSIDE,GEETA,ODP CUT,PINK,200,LADIES ETHNICKURTIKURTI SHORTPRINT 38_46FRESHWAYSIDEGEETAODP CUTPINK200,XL/1.02 m,DPLADIES ETHNICKURTIKURTI SHORT,14,11,2200.00
DP,Manas Purohit,LADIES ETHNIC,KURTI,KURTI SHORT,PRINT 38_46,FRESH,WAYSIDE,GEETA,ODP CUT,RED,200,LADIES ETHNICKURTIKURTI SHORTPRINT 38_46FRESHWAYSIDEGEETAODP CUTRED200,3XL/1.12 m,DPLADIES ETHNICKURTIKURTI SHORT,14,1,200.00
DP,Manas Purohit,LADIES ETHNIC,KURTI,KURTI SHORT,PRINT 38_46,FRESH,WAYSIDE,GEETA,ODP CUT,SEA GREEN,200,LADIES ETHNICKURTIKURTI SHORTPRINT 38_46FRESHWAYSIDEGEETAODP CUTSEA GREEN200,XL/1.02 m,DPLADIES ETHNICKURTIKURTI SHORT,14,1,200.00
GD,Dipendu Biswas,LADIES ETHNIC,KURTI,KURTI SHORT,PRINT 38_46,FRESH,WAYSIDE,GEETA,ODP CUT,BROWN,200,LADIES ETHNICKURTIKURTI SHORTPRINT 38_46FRESHWAYSIDEGEETAODP CUTBROWN200,2XL/1.07 m,GDLADIES ETHNICKURTIKURTI SHORT,6,2,400.00
GD,Dipendu Biswas,LADIES ETHNIC,KURTI,KURTI SHORT,PRINT 38_46,FRESH,WAYSIDE,GEETA,ODP CUT,BROWN,200,LADIES ETHNICKURTIKURTI SHORTPRINT 38_46FRESHWAYSIDEGEETAODP CUTBROWN200,3XL/1.12 m,GDLADIES ETHNICKURTIKURTI SHORT,6,1,200.00
GD,Dipendu Biswas,LADIES ETHNIC,KURTI,KURTI SHORT,PRINT 38_46,FRESH,WAYSIDE,GEETA,ODP CUT,BROWN,200,LADIES ETHNICKURTIKURTI SHORTPRINT 38_46FRESHWAYSIDEGEETAODP CUTBROWN200,L/97 cm,GDLADIES ETHNICKURTIKURTI SHORT,6,2,400.00
GD,Dipendu Biswas,LADIES ETHNIC,KURTI,KURTI SHORT,PRINT 38_46,FRESH,WAYSIDE,GEETA,ODP CUT,BROWN,200,LADIES ETHNICKURTIKURTI SHORTPRINT 38_46FRESHWAYSIDEGEETAODP CUTBROWN200,M/91 cm,GDLADIES ETHNICKURTIKURTI SHORT,6,2,400.00
GD,Dipendu Biswas,LADIES ETHNIC,KURTI,KURTI SHORT,PRINT 38_46,FRESH,WAYSIDE,GEETA,ODP CUT,BROWN,200,LADIES ETHNICKURTIKURTI SHORTPRINT 38_46FRESHWAYSIDEGEETAODP CUTBROWN200,XL/1.02 m,GDLADIES ETHNICKURTIKURTI SHORT,6,2,400.00
GD,Dipendu Biswas,LADIES ETHNIC,KURTI,KURTI SHORT,PRINT 38_46,FRESH,WAYSIDE,GEETA,ODP CUT,CORAL,200,LADIES ETHNICKURTIKURTI SHORTPRINT 38_46FRESHWAYSIDEGEETAODP CUTCORAL200,2XL/1.07 m,GDLADIES ETHNICKURTIKURTI SHORT,6,2,400.00
GD,Dipendu Biswas,LADIES ETHNIC,KURTI,KURTI SHORT,PRINT 38_46,FRESH,WAYSIDE,GEETA,ODP CUT,CORAL,200,LADIES ETHNICKURTIKURTI SHORTPRINT 38_46FRESHWAYSIDEGEETAODP CUTCORAL200,L/97 cm,GDLADIES ETHNICKURTIKURTI SHORT,6,2,400.00
GD,Dipendu Biswas,LADIES ETHNIC,KURTI,KURTI SHORT,PRINT 38_46,FRESH,WAYSIDE,GEETA,ODP CUT,CREAM,200,LADIES ETHNICKURTIKURTI SHORTPRINT 38_46FRESHWAYSIDEGEETAODP CUTCREAM200,XL/1.02 m,GDLADIES ETHNICKURTIKURTI SHORT,6,1,200.00
GD,Dipendu Biswas,LADIES ETHNIC,KURTI,KURTI SHORT,PRINT 38_46,FRESH,WAYSIDE,GEETA,ODP CUT,GREEN,200,LADIES ETHNICKURTIKURTI SHORTPRINT 38_46FRESHWAYSIDEGEETAODP CUTGREEN200,2XL/1.07 m,GDLADIES ETHNICKURTIKURTI SHORT,6,6,1200.00
GD,Dipendu Biswas,LADIES ETHNIC,KURTI,KURTI SHORT,PRINT 38_46,FRESH,WAYSIDE,GEETA,ODP CUT,GREEN,200,LADIES ETHNICKURTIKURTI SHORTPRINT 38_46FRESHWAYSIDEGEETAODP CUTGREEN200,3XL/1.12 m,GDLADIES ETHNICKURTIKURTI SHORT,6,4,800.00
GD,Dipendu Biswas,LADIES ETHNIC,KURTI,KURTI SHORT,PRINT 38_46,FRESH,WAYSIDE,GEETA,ODP CUT,GREEN,200,LADIES ETHNICKURTIKURTI SHORTPRINT 38_46FRESHWAYSIDEGEETAODP CUTGREEN200,L/97 cm,GDLADIES ETHNICKURTIKURTI SHORT,6,5,1000.00
GD,Dipendu Biswas,LADIES ETHNIC,KURTI,KURTI SHORT,PRINT 38_46,FRESH,WAYSIDE,GEETA,ODP CUT,GREEN,200,LADIES ETHNICKURTIKURTI SHORTPRINT 38_46FRESHWAYSIDEGEETAODP CUTGREEN200,S/86 cm,GDLADIES ETHNICKURTIKURTI SHORT,6,1,200.00
GD,Dipendu Biswas,LADIES ETHNIC,KURTI,KURTI SHORT,PRINT 38_46,FRESH,WAYSIDE,GEETA,ODP CUT,GREEN,200,LADIES ETHNICKURTIKURTI SHORTPRINT 38_46FRESHWAYSIDEGEETAODP CUTGREEN200,XL/1.02 m,GDLADIES ETHNICKURTIKURTI SHORT,6,8,1600.00
GD,Dipendu Biswas,LADIES ETHNIC,KURTI,KURTI SHORT,PRINT 38_46,FRESH,WAYSIDE,GEETA,ODP CUT,LAVENDER,200,LADIES ETHNICKURTIKURTI SHORTPRINT 38_46FRESHWAYSIDEGEETAODP CUTLAVENDER200,2XL/1.07 m,GDLADIES ETHNICKURTIKURTI SHORT,6,2,400.00
GD,Dipendu Biswas,LADIES ETHNIC,KURTI,KURTI SHORT,PRINT 38_46,FRESH,WAYSIDE,GEETA,ODP CUT,LAVENDER,200,LADIES ETHNICKURTIKURTI SHORTPRINT 38_46FRESHWAYSIDEGEETAODP CUTLAVENDER200,3XL/1.12 m,GDLADIES ETHNICKURTIKURTI SHORT,6,5,1000.00
GD,Dipendu Biswas,LADIES ETHNIC,KURTI,KURTI SHORT,PRINT 38_46,FRESH,WAYSIDE,GEETA,ODP CUT,LAVENDER,200,LADIES ETHNICKURTIKURTI SHORTPRINT 38_46FRESHWAYSIDEGEETAODP CUTLAVENDER200,L/97 cm,GDLADIES ETHNICKURTIKURTI SHORT,6,1,200.00
GD,Dipendu Biswas,LADIES ETHNIC,KURTI,KURTI SHORT,PRINT 38_46,FRESH,WAYSIDE,GEETA,ODP CUT,LAVENDER,200,LADIES ETHNICKURTIKURTI SHORTPRINT 38_46FRESHWAYSIDEGEETAODP CUTLAVENDER200,M/91 cm,GDLADIES ETHNICKURTIKURTI SHORT,6,4,800.00
GD,Dipendu Biswas,LADIES ETHNIC,KURTI,KURTI SHORT,PRINT 38_46,FRESH,WAYSIDE,GEETA,ODP CUT,LAVENDER,200,LADIES ETHNICKURTIKURTI SHORTPRINT 38_46FRESHWAYSIDEGEETAODP CUTLAVENDER200,XL/1.02 m,GDLADIES ETHNICKURTIKURTI SHORT,6,2,400.00
GD,Dipendu Biswas,LADIES ETHNIC,KURTI,KURTI SHORT,PRINT 38_46,FRESH,WAYSIDE,GEETA,ODP CUT,NAVY,200,LADIES ETHNICKURTIKURTI SHORTPRINT 38_46FRESHWAYSIDEGEETAODP CUTNAVY200,2XL/1.07 m,GDLADIES ETHNICKURTIKURTI SHORT,6,3,600.00
GD,Dipendu Biswas,LADIES ETHNIC,KURTI,KURTI SHORT,PRINT 38_46,FRESH,WAYSIDE,GEETA,ODP CUT,NAVY,200,LADIES ETHNICKURTIKURTI SHORTPRINT 38_46FRESHWAYSIDEGEETAODP CUTNAVY200,3XL/1.12 m,GDLADIES ETHNICKURTIKURTI SHORT,6,3,600.00
GD,Dipendu Biswas,LADIES ETHNIC,KURTI,KURTI SHORT,PRINT 38_46,FRESH,WAYSIDE,GEETA,ODP CUT,NAVY,200,LADIES ETHNICKURTIKURTI SHORTPRINT 38_46FRESHWAYSIDEGEETAODP CUTNAVY200,L/97 cm,GDLADIES ETHNICKURTIKURTI SHORT,6,4,800.00
GD,Dipendu Biswas,LADIES ETHNIC,KURTI,KURTI SHORT,PRINT 38_46,FRESH,WAYSIDE,GEETA,ODP CUT,NAVY,200,LADIES ETHNICKURTIKURTI SHORTPRINT 38_46FRESHWAYSIDEGEETAODP CUTNAVY200,M/91 cm,GDLADIES ETHNICKURTIKURTI SHORT,6,3,600.00
GD,Dipendu Biswas,LADIES ETHNIC,KURTI,KURTI SHORT,PRINT 38_46,FRESH,WAYSIDE,GEETA,ODP CUT,NAVY,200,LADIES ETHNICKURTIKURTI SHORTPRINT 38_46FRESHWAYSIDEGEETAODP CUTNAVY200,S/86 cm,GDLADIES ETHNICKURTIKURTI SHORT,6,3,600.00
GD,Dipendu Biswas,LADIES ETHNIC,KURTI,KURTI SHORT,PRINT 38_46,FRESH,WAYSIDE,GEETA,ODP CUT,NAVY,200,LADIES ETHNICKURTIKURTI SHORTPRINT 38_46FRESHWAYSIDEGEETAODP CUTNAVY200,XL/1.02 m,GDLADIES ETHNICKURTIKURTI SHORT,6,4,800.00
GD,Dipendu Biswas,LADIES ETHNIC,KURTI,KURTI SHORT,PRINT 38_46,FRESH,WAYSIDE,GEETA,ODP CUT,PINK,200,LADIES ETHNICKURTIKURTI SHORTPRINT 38_46FRESHWAYSIDEGEETAODP CUTPINK200,2XL/1.07 m,GDLADIES ETHNICKURTIKURTI SHORT,6,8,1600.00
GD,Dipendu Biswas,LADIES ETHNIC,KURTI,KURTI SHORT,PRINT 38_46,FRESH,WAYSIDE,GEETA,ODP CUT,PINK,200,LADIES ETHNICKURTIKURTI SHORTPRINT 38_46FRESHWAYSIDEGEETAODP CUTPINK200,3XL/1.12 m,GDLADIES ETHNICKURTIKURTI SHORT,6,5,1000.00
GD,Dipendu Biswas,LADIES ETHNIC,KURTI,KURTI SHORT,PRINT 38_46,FRESH,WAYSIDE,GEETA,ODP CUT,PINK,200,LADIES ETHNICKURTIKURTI SHORTPRINT 38_46FRESHWAYSIDEGEETAODP CUTPINK200,L/97 cm,GDLADIES ETHNICKURTIKURTI SHORT,6,9,1800.00
GD,Dipendu Biswas,LADIES ETHNIC,KURTI,KURTI SHORT,PRINT 38_46,FRESH,WAYSIDE,GEETA,ODP CUT,PINK,200,LADIES ETHNICKURTIKURTI SHORTPRINT 38_46FRESHWAYSIDEGEETAODP CUTPINK200,M/91 cm,GDLADIES ETHNICKURTIKURTI SHORT,6,3,600.00
GD,Dipendu Biswas,LADIES ETHNIC,KURTI,KURTI SHORT,PRINT 38_46,FRESH,WAYSIDE,GEETA,ODP CUT,PINK,200,LADIES ETHNICKURTIKURTI SHORTPRINT 38_46FRESHWAYSIDEGEETAODP CUTPINK200,S/86 cm,GDLADIES ETHNICKURTIKURTI SHORT,6,2,400.00
GD,Dipendu Biswas,LADIES ETHNIC,KURTI,KURTI SHORT,PRINT 38_46,FRESH,WAYSIDE,GEETA,ODP CUT,PINK,200,LADIES ETHNICKURTIKURTI SHORTPRINT 38_46FRESHWAYSIDEGEETAODP CUTPINK200,XL/1.02 m,GDLADIES ETHNICKURTIKURTI SHORT,6,9,1800.00
GD,Dipendu Biswas,LADIES ETHNIC,KURTI,KURTI SHORT,PRINT 38_46,FRESH,WAYSIDE,GEETA,ODP CUT,PISTA,200,LADIES ETHNICKURTIKURTI SHORTPRINT 38_46FRESHWAYSIDEGEETAODP CUTPISTA200,2XL/1.07 m,GDLADIES ETHNICKURTIKURTI SHORT,6,2,400.00
GD,Dipendu Biswas,LADIES ETHNIC,KURTI,KURTI SHORT,PRINT 38_46,FRESH,WAYSIDE,GEETA,ODP CUT,PISTA,200,LADIES ETHNICKURTIKURTI SHORTPRINT 38_46FRESHWAYSIDEGEETAODP CUTPISTA200,L/97 cm,GDLADIES ETHNICKURTIKURTI SHORT,6,4,800.00
GD,Dipendu Biswas,LADIES ETHNIC,KURTI,KURTI SHORT,PRINT 38_46,FRESH,WAYSIDE,GEETA,ODP CUT,PISTA,200,LADIES ETHNICKURTIKURTI SHORTPRINT 38_46FRESHWAYSIDEGEETAODP CUTPISTA200,XL/1.02 m,GDLADIES ETHNICKURTIKURTI SHORT,6,2,400.00
GD,Dipendu Biswas,LADIES ETHNIC,KURTI,KURTI SHORT,PRINT 38_46,FRESH,WAYSIDE,GEETA,ODP CUT,RAMA,200,LADIES ETHNICKURTIKURTI SHORTPRINT 38_46FRESHWAYSIDEGEETAODP CUTRAMA200,2XL/1.07 m,GDLADIES ETHNICKURTIKURTI SHORT,6,3,600.00
GD,Dipendu Biswas,LADIES ETHNIC,KURTI,KURTI SHORT,PRINT 38_46,FRESH,WAYSIDE,GEETA,ODP CUT,RAMA,200,LADIES ETHNICKURTIKURTI SHORTPRINT 38_46FRESHWAYSIDEGEETAODP CUTRAMA200,3XL/1.12 m,GDLADIES ETHNICKURTIKURTI SHORT,6,2,400.00
GD,Dipendu Biswas,LADIES ETHNIC,KURTI,KURTI SHORT,PRINT 38_46,FRESH,WAYSIDE,GEETA,ODP CUT,RAMA,200,LADIES ETHNICKURTIKURTI SHORTPRINT 38_46FRESHWAYSIDEGEETAODP CUTRAMA200,L/97 cm,GDLADIES ETHNICKURTIKURTI SHORT,6,3,600.00
GD,Dipendu Biswas,LADIES ETHNIC,KURTI,KURTI SHORT,PRINT 38_46,FRESH,WAYSIDE,GEETA,ODP CUT,RAMA,200,LADIES ETHNICKURTIKURTI SHORTPRINT 38_46FRESHWAYSIDEGEETAODP CUTRAMA200,M/91 cm,GDLADIES ETHNICKURTIKURTI SHORT,6,4,800.00
GD,Dipendu Biswas,LADIES ETHNIC,KURTI,KURTI SHORT,PRINT 38_46,FRESH,WAYSIDE,GEETA,ODP CUT,RAMA,200,LADIES ETHNICKURTIKURTI SHORTPRINT 38_46FRESHWAYSIDEGEETAODP CUTRAMA200,S/86 cm,GDLADIES ETHNICKURTIKURTI SHORT,6,2,400.00
GD,Dipendu Biswas,LADIES ETHNIC,KURTI,KURTI SHORT,PRINT 38_46,FRESH,WAYSIDE,GEETA,ODP CUT,RAMA,200,LADIES ETHNICKURTIKURTI SHORTPRINT 38_46FRESHWAYSIDEGEETAODP CUTRAMA200,XL/1.02 m,GDLADIES ETHNICKURTIKURTI SHORT,6,4,800.00
GD,Dipendu Biswas,LADIES ETHNIC,KURTI,KURTI SHORT,PRINT 38_46,FRESH,WAYSIDE,GEETA,ODP CUT,RED,200,LADIES ETHNICKURTIKURTI SHORTPRINT 38_46FRESHWAYSIDEGEETAODP CUTRED200,3XL/1.12 m,GDLADIES ETHNICKURTIKURTI SHORT,6,2,400.00
GD,Dipendu Biswas,LADIES ETHNIC,KURTI,KURTI SHORT,PRINT 38_46,FRESH,WAYSIDE,GEETA,ODP CUT,RED,200,LADIES ETHNICKURTIKURTI SHORTPRINT 38_46FRESHWAYSIDEGEETAODP CUTRED200,L/97 cm,GDLADIES ETHNICKURTIKURTI SHORT,6,2,400.00
GM,Manish Singh,LADIES ETHNIC,KURTI,KURTI SHORT,PRINT 38_46,FRESH,WAYSIDE,GEETA,ODP CUT,BROWN,200,LADIES ETHNICKURTIKURTI SHORTPRINT 38_46FRESHWAYSIDEGEETAODP CUTBROWN200,2XL/1.07 m,GMLADIES ETHNICKURTIKURTI SHORT,13,3,600.00
GM,Manish Singh,LADIES ETHNIC,KURTI,KURTI SHORT,PRINT 38_46,FRESH,WAYSIDE,GEETA,ODP CUT,BROWN,200,LADIES ETHNICKURTIKURTI SHORTPRINT 38_46FRESHWAYSIDEGEETAODP CUTBROWN200,3XL/1.12 m,GMLADIES ETHNICKURTIKURTI SHORT,13,1,200.00
GM,Manish Singh,LADIES ETHNIC,KURTI,KURTI SHORT,PRINT 38_46,FRESH,WAYSIDE,GEETA,ODP CUT,GREEN,200,LADIES ETHNICKURTIKURTI SHORTPRINT 38_46FRESHWAYSIDEGEETAODP CUTGREEN200,2XL/1.07 m,GMLADIES ETHNICKURTIKURTI SHORT,13,3,600.00
GM,Manish Singh,LADIES ETHNIC,KURTI,KURTI SHORT,PRINT 38_46,FRESH,WAYSIDE,GEETA,ODP CUT,GREEN,200,LADIES ETHNICKURTIKURTI SHORTPRINT 38_46FRESHWAYSIDEGEETAODP CUTGREEN200,L/97 cm,GMLADIES ETHNICKURTIKURTI SHORT,13,4,800.00
GM,Manish Singh,LADIES ETHNIC,KURTI,KURTI SHORT,PRINT 38_46,FRESH,WAYSIDE,GEETA,ODP CUT,GREEN,200,LADIES ETHNICKURTIKURTI SHORTPRINT 38_46FRESHWAYSIDEGEETAODP CUTGREEN200,M/91 cm,GMLADIES ETHNICKURTIKURTI SHORT,13,4,800.00
GM,Manish Singh,LADIES ETHNIC,KURTI,KURTI SHORT,PRINT 38_46,FRESH,WAYSIDE,GEETA,ODP CUT,GREEN,200,LADIES ETHNICKURTIKURTI SHORTPRINT 38_46FRESHWAYSIDEGEETAODP CUTGREEN200,XL/1.02 m,GMLADIES ETHNICKURTIKURTI SHORT,13,2,400.00
GM,Manish Singh,LADIES ETHNIC,KURTI,KURTI SHORT,PRINT 38_46,FRESH,WAYSIDE,GEETA,ODP CUT,GREY,200,LADIES ETHNICKURTIKURTI SHORTPRINT 38_46FRESHWAYSIDEGEETAODP CUTGREY200,2XL/1.07 m,GMLADIES ETHNICKURTIKURTI SHORT,13,1,200.00
GM,Manish Singh,LADIES ETHNIC,KURTI,KURTI SHORT,PRINT 38_46,FRESH,WAYSIDE,GEETA,ODP CUT,GREY,200,LADIES ETHNICKURTIKURTI SHORTPRINT 38_46FRESHWAYSIDEGEETAODP CUTGREY200,3XL/1.12 m,GMLADIES ETHNICKURTIKURTI SHORT,13,2,400.00
GM,Manish Singh,LADIES ETHNIC,KURTI,KURTI SHORT,PRINT 38_46,FRESH,WAYSIDE,GEETA,ODP CUT,GREY,200,LADIES ETHNICKURTIKURTI SHORTPRINT 38_46FRESHWAYSIDEGEETAODP CUTGREY200,L/97 cm,GMLADIES ETHNICKURTIKURTI SHORT,13,2,400.00
GM,Manish Singh,LADIES ETHNIC,KURTI,KURTI SHORT,PRINT 38_46,FRESH,WAYSIDE,GEETA,ODP CUT,GREY,200,LADIES ETHNICKURTIKURTI SHORTPRINT 38_46FRESHWAYSIDEGEETAODP CUTGREY200,M/91 cm,GMLADIES ETHNICKURTIKURTI SHORT,13,4,800.00
GM,Manish Singh,LADIES ETHNIC,KURTI,KURTI SHORT,PRINT 38_46,FRESH,WAYSIDE,GEETA,ODP CUT,GREY,200,LADIES ETHNICKURTIKURTI SHORTPRINT 38_46FRESHWAYSIDEGEETAODP CUTGREY200,S/86 cm,GMLADIES ETHNICKURTIKURTI SHORT,13,2,400.00
GM,Manish Singh,LADIES ETHNIC,KURTI,KURTI SHORT,PRINT 38_46,FRESH,WAYSIDE,GEETA,ODP CUT,GREY,200,LADIES ETHNICKURTIKURTI SHORTPRINT 38_46FRESHWAYSIDEGEETAODP CUTGREY200,XL/1.02 m,GMLADIES ETHNICKURTIKURTI SHORT,13,4,800.00
GM,Manish Singh,LADIES ETHNIC,KURTI,KURTI SHORT,PRINT 38_46,FRESH,WAYSIDE,GEETA,ODP CUT,MUSTARD,200,LADIES ETHNICKURTIKURTI SHORTPRINT 38_46FRESHWAYSIDEGEETAODP CUTMUSTARD200,2XL/1.07 m,GMLADIES ETHNICKURTIKURTI SHORT,13,3,600.00
GM,Manish Singh,LADIES ETHNIC,KURTI,KURTI SHORT,PRINT 38_46,FRESH,WAYSIDE,GEETA,ODP CUT,MUSTARD,200,LADIES ETHNICKURTIKURTI SHORTPRINT 38_46FRESHWAYSIDEGEETAODP CUTMUSTARD200,3XL/1.12 m,GMLADIES ETHNICKURTIKURTI SHORT,13,2,400.00
GM,Manish Singh,LADIES ETHNIC,KURTI,KURTI SHORT,PRINT 38_46,FRESH,WAYSIDE,GEETA,ODP CUT,MUSTARD,200,LADIES ETHNICKURTIKURTI SHORTPRINT 38_46FRESHWAYSIDEGEETAODP CUTMUSTARD200,L/97 cm,GMLADIES ETHNICKURTIKURTI SHORT,13,4,800.00
GM,Manish Singh,LADIES ETHNIC,KURTI,KURTI SHORT,PRINT 38_46,FRESH,WAYSIDE,GEETA,ODP CUT,MUSTARD,200,LADIES ETHNICKURTIKURTI SHORTPRINT 38_46FRESHWAYSIDEGEETAODP CUTMUSTARD200,M/91 cm,GMLADIES ETHNICKURTIKURTI SHORT,13,3,600.00
GM,Manish Singh,LADIES ETHNIC,KURTI,KURTI SHORT,PRINT 38_46,FRESH,WAYSIDE,GEETA,ODP CUT,MUSTARD,200,LADIES ETHNICKURTIKURTI SHORTPRINT 38_46FRESHWAYSIDEGEETAODP CUTMUSTARD200,S/86 cm,GMLADIES ETHNICKURTIKURTI SHORT,13,2,400.00
GM,Manish Singh,LADIES ETHNIC,KURTI,KURTI SHORT,PRINT 38_46,FRESH,WAYSIDE,GEETA,ODP CUT,MUSTARD,200,LADIES ETHNICKURTIKURTI SHORTPRINT 38_46FRESHWAYSIDEGEETAODP CUTMUSTARD200,XL/1.02 m,GMLADIES ETHNICKURTIKURTI SHORT,13,3,600.00
GM,Manish Singh,LADIES ETHNIC,KURTI,KURTI SHORT,PRINT 38_46,FRESH,WAYSIDE,GEETA,ODP CUT,NAVY,200,LADIES ETHNICKURTIKURTI SHORTPRINT 38_46FRESHWAYSIDEGEETAODP CUTNAVY200,2XL/1.07 m,GMLADIES ETHNICKURTIKURTI SHORT,13,3,600.00
GM,Manish Singh,LADIES ETHNIC,KURTI,KURTI SHORT,PRINT 38_46,FRESH,WAYSIDE,GEETA,ODP CUT,NAVY,200,LADIES ETHNICKURTIKURTI SHORTPRINT 38_46FRESHWAYSIDEGEETAODP CUTNAVY200,3XL/1.12 m,GMLADIES ETHNICKURTIKURTI SHORT,13,2,400.00
GM,Manish Singh,LADIES ETHNIC,KURTI,KURTI SHORT,PRINT 38_46,FRESH,WAYSIDE,GEETA,ODP CUT,NAVY,200,LADIES ETHNICKURTIKURTI SHORTPRINT 38_46FRESHWAYSIDEGEETAODP CUTNAVY200,L/97 cm,GMLADIES ETHNICKURTIKURTI SHORT,13,1,200.00
GM,Manish Singh,LADIES ETHNIC,KURTI,KURTI SHORT,PRINT 38_46,FRESH,WAYSIDE,GEETA,ODP CUT,NAVY,200,LADIES ETHNICKURTIKURTI SHORTPRINT 38_46FRESHWAYSIDEGEETAODP CUTNAVY200,M/91 cm,GMLADIES ETHNICKURTIKURTI SHORT,13,1,200.00
GM,Manish Singh,LADIES ETHNIC,KURTI,KURTI SHORT,PRINT 38_46,FRESH,WAYSIDE,GEETA,ODP CUT,NAVY,200,LADIES ETHNICKURTIKURTI SHORTPRINT 38_46FRESHWAYSIDEGEETAODP CUTNAVY200,XL/1.02 m,GMLADIES ETHNICKURTIKURTI SHORT,13,2,400.00
GM,Manish Singh,LADIES ETHNIC,KURTI,KURTI SHORT,PRINT 38_46,FRESH,WAYSIDE,GEETA,ODP CUT,PINK,200,LADIES ETHNICKURTIKURTI SHORTPRINT 38_46FRESHWAYSIDEGEETAODP CUTPINK200,2XL/1.07 m,GMLADIES ETHNICKURTIKURTI SHORT,13,4,800.00
GM,Manish Singh,LADIES ETHNIC,KURTI,KURTI SHORT,PRINT 38_46,FRESH,WAYSIDE,GEETA,ODP CUT,PINK,200,LADIES ETHNICKURTIKURTI SHORTPRINT 38_46FRESHWAYSIDEGEETAODP CUTPINK200,3XL/1.12 m,GMLADIES ETHNICKURTIKURTI SHORT,13,4,800.00
GM,Manish Singh,LADIES ETHNIC,KURTI,KURTI SHORT,PRINT 38_46,FRESH,WAYSIDE,GEETA,ODP CUT,PINK,200,LADIES ETHNICKURTIKURTI SHORTPRINT 38_46FRESHWAYSIDEGEETAODP CUTPINK200,L/97 cm,GMLADIES ETHNICKURTIKURTI SHORT,13,4,800.00
GM,Manish Singh,LADIES ETHNIC,KURTI,KURTI SHORT,PRINT 38_46,FRESH,WAYSIDE,GEETA,ODP CUT,PINK,200,LADIES ETHNICKURTIKURTI SHORTPRINT 38_46FRESHWAYSIDEGEETAODP CUTPINK200,M/91 cm,GMLADIES ETHNICKURTIKURTI SHORT,13,2,400.00
GM,Manish Singh,LADIES ETHNIC,KURTI,KURTI SHORT,PRINT 38_46,FRESH,WAYSIDE,GEETA,ODP CUT,PINK,200,LADIES ETHNICKURTIKURTI SHORTPRINT 38_46FRESHWAYSIDEGEETAODP CUTPINK200,S/86 cm,GMLADIES ETHNICKURTIKURTI SHORT,13,3,600.00
GM,Manish Singh,LADIES ETHNIC,KURTI,KURTI SHORT,PRINT 38_46,FRESH,WAYSIDE,GEETA,ODP CUT,PINK,200,LADIES ETHNICKURTIKURTI SHORTPRINT 38_46FRESHWAYSIDEGEETAODP CUTPINK200,XL/1.02 m,GMLADIES ETHNICKURTIKURTI SHORT,13,3,600.00
GM,Manish Singh,LADIES ETHNIC,KURTI,KURTI SHORT,PRINT 38_46,FRESH,WAYSIDE,GEETA,ODP CUT,PISTA,200,LADIES ETHNICKURTIKURTI SHORTPRINT 38_46FRESHWAYSIDEGEETAODP CUTPISTA200,3XL/1.12 m,GMLADIES ETHNICKURTIKURTI SHORT,13,1,200.00
GM,Manish Singh,LADIES ETHNIC,KURTI,KURTI SHORT,PRINT 38_46,FRESH,WAYSIDE,GEETA,ODP CUT,RED,200,LADIES ETHNICKURTIKURTI SHORTPRINT 38_46FRESHWAYSIDEGEETAODP CUTRED200,3XL/1.12 m,GMLADIES ETHNICKURTIKURTI SHORT,13,1,200.00
GM,Manish Singh,LADIES ETHNIC,KURTI,KURTI SHORT,PRINT 38_46,FRESH,WAYSIDE,GEETA,ODP CUT,RED,200,LADIES ETHNICKURTIKURTI SHORTPRINT 38_46FRESHWAYSIDEGEETAODP CUTRED200,XL/1.02 m,GMLADIES ETHNICKURTIKURTI SHORT,13,1,200.00
GP,Binay Singh,LADIES ETHNIC,KURTI,KURTI SHORT,PRINT 38_46,FRESH,WAYSIDE,GEETA,ODP CUT,BLACK,200,LADIES ETHNICKURTIKURTI SHORTPRINT 38_46FRESHWAYSIDEGEETAODP CUTBLACK200,2XL/1.07 m,GPLADIES ETHNICKURTIKURTI SHORT,9,1,200.00
GP,Binay Singh,LADIES ETHNIC,KURTI,KURTI SHORT,PRINT 38_46,FRESH,WAYSIDE,GEETA,ODP CUT,CORAL,200,LADIES ETHNICKURTIKURTI SHORTPRINT 38_46FRESHWAYSIDEGEETAODP CUTCORAL200,2XL/1.07 m,GPLADIES ETHNICKURTIKURTI SHORT,9,1,200.00
GP,Binay Singh,LADIES ETHNIC,KURTI,KURTI SHORT,PRINT 38_46,FRESH,WAYSIDE,GEETA,ODP CUT,GREEN,200,LADIES ETHNICKURTIKURTI SHORTPRINT 38_46FRESHWAYSIDEGEETAODP CUTGREEN200,2XL/1.07 m,GPLADIES ETHNICKURTIKURTI SHORT,9,6,1200.00
GP,Binay Singh,LADIES ETHNIC,KURTI,KURTI SHORT,PRINT 38_46,FRESH,WAYSIDE,GEETA,ODP CUT,GREEN,200,LADIES ETHNICKURTIKURTI SHORTPRINT 38_46FRESHWAYSIDEGEETAODP CUTGREEN200,3XL/1.12 m,GPLADIES ETHNICKURTIKURTI SHORT,9,2,400.00
GP,Binay Singh,LADIES ETHNIC,KURTI,KURTI SHORT,PRINT 38_46,FRESH,WAYSIDE,GEETA,ODP CUT,GREEN,200,LADIES ETHNICKURTIKURTI SHORTPRINT 38_46FRESHWAYSIDEGEETAODP CUTGREEN200,M/91 cm,GPLADIES ETHNICKURTIKURTI SHORT,9,1,200.00
GP,Binay Singh,LADIES ETHNIC,KURTI,KURTI SHORT,PRINT 38_46,FRESH,WAYSIDE,GEETA,ODP CUT,GREEN,200,LADIES ETHNICKURTIKURTI SHORTPRINT 38_46FRESHWAYSIDEGEETAODP CUTGREEN200,XL/1.02 m,GPLADIES ETHNICKURTIKURTI SHORT,9,5,1000.00
GP,Binay Singh,LADIES ETHNIC,KURTI,KURTI SHORT,PRINT 38_46,FRESH,WAYSIDE,GEETA,ODP CUT,GREY,200,LADIES ETHNICKURTIKURTI SHORTPRINT 38_46FRESHWAYSIDEGEETAODP CUTGREY200,2XL/1.07 m,GPLADIES ETHNICKURTIKURTI SHORT,9,2,400.00
GP,Binay Singh,LADIES ETHNIC,KURTI,KURTI SHORT,PRINT 38_46,FRESH,WAYSIDE,GEETA,ODP CUT,GREY,200,LADIES ETHNICKURTIKURTI SHORTPRINT 38_46FRESHWAYSIDEGEETAODP CUTGREY200,3XL/1.12 m,GPLADIES ETHNICKURTIKURTI SHORT,9,3,600.00
GP,Binay Singh,LADIES ETHNIC,KURTI,KURTI SHORT,PRINT 38_46,FRESH,WAYSIDE,GEETA,ODP CUT,GREY,200,LADIES ETHNICKURTIKURTI SHORTPRINT 38_46FRESHWAYSIDEGEETAODP CUTGREY200,L/97 cm,GPLADIES ETHNICKURTIKURTI SHORT,9,4,800.00
GP,Binay Singh,LADIES ETHNIC,KURTI,KURTI SHORT,PRINT 38_46,FRESH,WAYSIDE,GEETA,ODP CUT,GREY,200,LADIES ETHNICKURTIKURTI SHORTPRINT 38_46FRESHWAYSIDEGEETAODP CUTGREY200,M/91 cm,GPLADIES ETHNICKURTIKURTI SHORT,9,2,400.00
GP,Binay Singh,LADIES ETHNIC,KURTI,KURTI SHORT,PRINT 38_46,FRESH,WAYSIDE,GEETA,ODP CUT,GREY,200,LADIES ETHNICKURTIKURTI SHORTPRINT 38_46FRESHWAYSIDEGEETAODP CUTGREY200,S/86 cm,GPLADIES ETHNICKURTIKURTI SHORT,9,2,400.00
GP,Binay Singh,LADIES ETHNIC,KURTI,KURTI SHORT,PRINT 38_46,FRESH,WAYSIDE,GEETA,ODP CUT,GREY,200,LADIES ETHNICKURTIKURTI SHORTPRINT 38_46FRESHWAYSIDEGEETAODP CUTGREY200,XL/1.02 m,GPLADIES ETHNICKURTIKURTI SHORT,9,4,800.00
GP,Binay Singh,LADIES ETHNIC,KURTI,KURTI SHORT,PRINT 38_46,FRESH,WAYSIDE,GEETA,ODP CUT,LAVENDER,200,LADIES ETHNICKURTIKURTI SHORTPRINT 38_46FRESHWAYSIDEGEETAODP CUTLAVENDER200,2XL/1.07 m,GPLADIES ETHNICKURTIKURTI SHORT,9,1,200.00
GP,Binay Singh,LADIES ETHNIC,KURTI,KURTI SHORT,PRINT 38_46,FRESH,WAYSIDE,GEETA,ODP CUT,LAVENDER,200,LADIES ETHNICKURTIKURTI SHORTPRINT 38_46FRESHWAYSIDEGEETAODP CUTLAVENDER200,M/91 cm,GPLADIES ETHNICKURTIKURTI SHORT,9,1,200.00
GP,Binay Singh,LADIES ETHNIC,KURTI,KURTI SHORT,PRINT 38_46,FRESH,WAYSIDE,GEETA,ODP CUT,LAVENDER,200,LADIES ETHNICKURTIKURTI SHORTPRINT 38_46FRESHWAYSIDEGEETAODP CUTLAVENDER200,XL/1.02 m,GPLADIES ETHNICKURTIKURTI SHORT,9,1,200.00
GP,Binay Singh,LADIES ETHNIC,KURTI,KURTI SHORT,PRINT 38_46,FRESH,WAYSIDE,GEETA,ODP CUT,MUSTARD,200,LADIES ETHNICKURTIKURTI SHORTPRINT 38_46FRESHWAYSIDEGEETAODP CUTMUSTARD200,2XL/1.07 m,GPLADIES ETHNICKURTIKURTI SHORT,9,2,400.00
GP,Binay Singh,LADIES ETHNIC,KURTI,KURTI SHORT,PRINT 38_46,FRESH,WAYSIDE,GEETA,ODP CUT,MUSTARD,200,LADIES ETHNICKURTIKURTI SHORTPRINT 38_46FRESHWAYSIDEGEETAODP CUTMUSTARD200,3XL/1.12 m,GPLADIES ETHNICKURTIKURTI SHORT,9,2,400.00
GP,Binay Singh,LADIES ETHNIC,KURTI,KURTI SHORT,PRINT 38_46,FRESH,WAYSIDE,GEETA,ODP CUT,MUSTARD,200,LADIES ETHNICKURTIKURTI SHORTPRINT 38_46FRESHWAYSIDEGEETAODP CUTMUSTARD200,L/97 cm,GPLADIES ETHNICKURTIKURTI SHORT,9,2,400.00
GP,Binay Singh,LADIES ETHNIC,KURTI,KURTI SHORT,PRINT 38_46,FRESH,WAYSIDE,GEETA,ODP CUT,MUSTARD,200,LADIES ETHNICKURTIKURTI SHORTPRINT 38_46FRESHWAYSIDEGEETAODP CUTMUSTARD200,M/91 cm,GPLADIES ETHNICKURTIKURTI SHORT,9,4,800.00
GP,Binay Singh,LADIES ETHNIC,KURTI,KURTI SHORT,PRINT 38_46,FRESH,WAYSIDE,GEETA,ODP CUT,MUSTARD,200,LADIES ETHNICKURTIKURTI SHORTPRINT 38_46FRESHWAYSIDEGEETAODP CUTMUSTARD200,S/86 cm,GPLADIES ETHNICKURTIKURTI SHORT,9,2,400.00
GP,Binay Singh,LADIES ETHNIC,KURTI,KURTI SHORT,PRINT 38_46,FRESH,WAYSIDE,GEETA,ODP CUT,MUSTARD,200,LADIES ETHNICKURTIKURTI SHORTPRINT 38_46FRESHWAYSIDEGEETAODP CUTMUSTARD200,XL/1.02 m,GPLADIES ETHNICKURTIKURTI SHORT,9,2,400.00
GP,Binay Singh,LADIES ETHNIC,KURTI,KURTI SHORT,PRINT 38_46,FRESH,WAYSIDE,GEETA,ODP CUT,NAVY,200,LADIES ETHNICKURTIKURTI SHORTPRINT 38_46FRESHWAYSIDEGEETAODP CUTNAVY200,2XL/1.07 m,GPLADIES ETHNICKURTIKURTI SHORT,9,1,200.00
GP,Binay Singh,LADIES ETHNIC,KURTI,KURTI SHORT,PRINT 38_46,FRESH,WAYSIDE,GEETA,ODP CUT,NAVY,200,LADIES ETHNICKURTIKURTI SHORTPRINT 38_46FRESHWAYSIDEGEETAODP CUTNAVY200,3XL/1.12 m,GPLADIES ETHNICKURTIKURTI SHORT,9,2,400.00
GP,Binay Singh,LADIES ETHNIC,KURTI,KURTI SHORT,PRINT 38_46,FRESH,WAYSIDE,GEETA,ODP CUT,PINK,200,LADIES ETHNICKURTIKURTI SHORTPRINT 38_46FRESHWAYSIDEGEETAODP CUTPINK200,2XL/1.07 m,GPLADIES ETHNICKURTIKURTI SHORT,9,3,600.00
GP,Binay Singh,LADIES ETHNIC,KURTI,KURTI SHORT,PRINT 38_46,FRESH,WAYSIDE,GEETA,ODP CUT,PINK,200,LADIES ETHNICKURTIKURTI SHORTPRINT 38_46FRESHWAYSIDEGEETAODP CUTPINK200,3XL/1.12 m,GPLADIES ETHNICKURTIKURTI SHORT,9,4,800.00
GP,Binay Singh,LADIES ETHNIC,KURTI,KURTI SHORT,PRINT 38_46,FRESH,WAYSIDE,GEETA,ODP CUT,PINK,200,LADIES ETHNICKURTIKURTI SHORTPRINT 38_46FRESHWAYSIDEGEETAODP CUTPINK200,L/97 cm,GPLADIES ETHNICKURTIKURTI SHORT,9,2,400.00
GP,Binay Singh,LADIES ETHNIC,KURTI,KURTI SHORT,PRINT 38_46,FRESH,WAYSIDE,GEETA,ODP CUT,PINK,200,LADIES ETHNICKURTIKURTI SHORTPRINT 38_46FRESHWAYSIDEGEETAODP CUTPINK200,M/91 cm,GPLADIES ETHNICKURTIKURTI SHORT,9,4,800.00
GP,Binay Singh,LADIES ETHNIC,KURTI,KURTI SHORT,PRINT 38_46,FRESH,WAYSIDE,GEETA,ODP CUT,PINK,200,LADIES ETHNICKURTIKURTI SHORTPRINT 38_46FRESHWAYSIDEGEETAODP CUTPINK200,S/86 cm,GPLADIES ETHNICKURTIKURTI SHORT,9,2,400.00
GP,Binay Singh,LADIES ETHNIC,KURTI,KURTI SHORT,PRINT 38_46,FRESH,WAYSIDE,GEETA,ODP CUT,PINK,200,LADIES ETHNICKURTIKURTI SHORTPRINT 38_46FRESHWAYSIDEGEETAODP CUTPINK200,XL/1.02 m,GPLADIES ETHNICKURTIKURTI SHORT,9,2,400.00
GP,Binay Singh,LADIES ETHNIC,KURTI,KURTI SHORT,PRINT 38_46,FRESH,WAYSIDE,GEETA,ODP CUT,PISTA,200,LADIES ETHNICKURTIKURTI SHORTPRINT 38_46FRESHWAYSIDEGEETAODP CUTPISTA200,2XL/1.07 m,GPLADIES ETHNICKURTIKURTI SHORT,9,1,200.00
GP,Binay Singh,LADIES ETHNIC,KURTI,KURTI SHORT,PRINT 38_46,FRESH,WAYSIDE,GEETA,ODP CUT,RANI,200,LADIES ETHNICKURTIKURTI SHORTPRINT 38_46FRESHWAYSIDEGEETAODP CUTRANI200,2XL/1.07 m,GPLADIES ETHNICKURTIKURTI SHORT,9,3,600.00
GP,Binay Singh,LADIES ETHNIC,KURTI,KURTI SHORT,PRINT 38_46,FRESH,WAYSIDE,GEETA,ODP CUT,RANI,200,LADIES ETHNICKURTIKURTI SHORTPRINT 38_46FRESHWAYSIDEGEETAODP CUTRANI200,XL/1.02 m,GPLADIES ETHNICKURTIKURTI SHORT,9,3,600.00
GP,Binay Singh,LADIES ETHNIC,KURTI,KURTI SHORT,PRINT 38_46,FRESH,WAYSIDE,GEETA,ODP CUT,RED,200,LADIES ETHNICKURTIKURTI SHORTPRINT 38_46FRESHWAYSIDEGEETAODP CUTRED200,3XL/1.12 m,GPLADIES ETHNICKURTIKURTI SHORT,9,1,200.00
GP,Binay Singh,LADIES ETHNIC,KURTI,KURTI SHORT,PRINT 38_46,FRESH,WAYSIDE,GEETA,ODP CUT,RED,200,LADIES ETHNICKURTIKURTI SHORTPRINT 38_46FRESHWAYSIDEGEETAODP CUTRED200,L/97 cm,GPLADIES ETHNICKURTIKURTI SHORT,9,1,200.00
GP,Binay Singh,LADIES ETHNIC,KURTI,KURTI SHORT,PRINT 38_46,FRESH,WAYSIDE,GEETA,ODP CUT,WHITE,200,LADIES ETHNICKURTIKURTI SHORTPRINT 38_46FRESHWAYSIDEGEETAODP CUTWHITE200,2XL/1.07 m,GPLADIES ETHNICKURTIKURTI SHORT,9,3,600.00
GP,Binay Singh,LADIES ETHNIC,KURTI,KURTI SHORT,PRINT 38_46,FRESH,WAYSIDE,GEETA,ODP CUT,WHITE,200,LADIES ETHNICKURTIKURTI SHORTPRINT 38_46FRESHWAYSIDEGEETAODP CUTWHITE200,3XL/1.12 m,GPLADIES ETHNICKURTIKURTI SHORT,9,2,400.00
GP,Binay Singh,LADIES ETHNIC,KURTI,KURTI SHORT,PRINT 38_46,FRESH,WAYSIDE,GEETA,ODP CUT,WHITE,200,LADIES ETHNICKURTIKURTI SHORTPRINT 38_46FRESHWAYSIDEGEETAODP CUTWHITE200,XL/1.02 m,GPLADIES ETHNICKURTIKURTI SHORT,9,1,200.00
GP,Binay Singh,LADIES ETHNIC,KURTI,KURTI SHORT,PRINT 38_46,FRESH,WAYSIDE,GEETA,ODP CUT,WHITE,250,LADIES ETHNICKURTIKURTI SHORTPRINT 38_46FRESHWAYSIDEGEETAODP CUTWHITE250,4XL/1.17 m,GPLADIES ETHNICKURTIKURTI SHORT,9,2,500.00
GP,Binay Singh,LADIES ETHNIC,KURTI,KURTI SHORT,PRINT 38_46,FRESH,WAYSIDE,GEETA,ODP CUT,WHITE,250,LADIES ETHNICKURTIKURTI SHORTPRINT 38_46FRESHWAYSIDEGEETAODP CUTWHITE250,5XL/1.21 m,GPLADIES ETHNICKURTIKURTI SHORT,9,2,500.00
HB,Sanjay Paul,LADIES ETHNIC,KURTI,KURTI SHORT,PRINT 38_46,FRESH,WAYSIDE,GEETA,ODP CUT,BLACK,200,LADIES ETHNICKURTIKURTI SHORTPRINT 38_46FRESHWAYSIDEGEETAODP CUTBLACK200,L/97 cm,HBLADIES ETHNICKURTIKURTI SHORT,19,1,200.00
HB,Sanjay Paul,LADIES ETHNIC,KURTI,KURTI SHORT,PRINT 38_46,FRESH,WAYSIDE,GEETA,ODP CUT,GREEN,200,LADIES ETHNICKURTIKURTI SHORTPRINT 38_46FRESHWAYSIDEGEETAODP CUTGREEN200,2XL/1.07 m,HBLADIES ETHNICKURTIKURTI SHORT,19,9,1800.00
HB,Sanjay Paul,LADIES ETHNIC,KURTI,KURTI SHORT,PRINT 38_46,FRESH,WAYSIDE,GEETA,ODP CUT,GREEN,200,LADIES ETHNICKURTIKURTI SHORTPRINT 38_46FRESHWAYSIDEGEETAODP CUTGREEN200,3XL/1.12 m,HBLADIES ETHNICKURTIKURTI SHORT,19,3,600.00
HB,Sanjay Paul,LADIES ETHNIC,KURTI,KURTI SHORT,PRINT 38_46,FRESH,WAYSIDE,GEETA,ODP CUT,GREEN,200,LADIES ETHNICKURTIKURTI SHORTPRINT 38_46FRESHWAYSIDEGEETAODP CUTGREEN200,L/97 cm,HBLADIES ETHNICKURTIKURTI SHORT,19,4,800.00
HB,Sanjay Paul,LADIES ETHNIC,KURTI,KURTI SHORT,PRINT 38_46,FRESH,WAYSIDE,GEETA,ODP CUT,GREEN,200,LADIES ETHNICKURTIKURTI SHORTPRINT 38_46FRESHWAYSIDEGEETAODP CUTGREEN200,M/91 cm,HBLADIES ETHNICKURTIKURTI SHORT,19,4,800.00
HB,Sanjay Paul,LADIES ETHNIC,KURTI,KURTI SHORT,PRINT 38_46,FRESH,WAYSIDE,GEETA,ODP CUT,GREEN,200,LADIES ETHNICKURTIKURTI SHORTPRINT 38_46FRESHWAYSIDEGEETAODP CUTGREEN200,XL/1.02 m,HBLADIES ETHNICKURTIKURTI SHORT,19,3,600.00
HB,Sanjay Paul,LADIES ETHNIC,KURTI,KURTI SHORT,PRINT 38_46,FRESH,WAYSIDE,GEETA,ODP CUT,GREY,200,LADIES ETHNICKURTIKURTI SHORTPRINT 38_46FRESHWAYSIDEGEETAODP CUTGREY200,2XL/1.07 m,HBLADIES ETHNICKURTIKURTI SHORT,19,4,800.00
HB,Sanjay Paul,LADIES ETHNIC,KURTI,KURTI SHORT,PRINT 38_46,FRESH,WAYSIDE,GEETA,ODP CUT,GREY,200,LADIES ETHNICKURTIKURTI SHORTPRINT 38_46FRESHWAYSIDEGEETAODP CUTGREY200,3XL/1.12 m,HBLADIES ETHNICKURTIKURTI SHORT,19,4,800.00
HB,Sanjay Paul,LADIES ETHNIC,KURTI,KURTI SHORT,PRINT 38_46,FRESH,WAYSIDE,GEETA,ODP CUT,GREY,200,LADIES ETHNICKURTIKURTI SHORTPRINT 38_46FRESHWAYSIDEGEETAODP CUTGREY200,L/97 cm,HBLADIES ETHNICKURTIKURTI SHORT,19,4,800.00
HB,Sanjay Paul,LADIES ETHNIC,KURTI,KURTI SHORT,PRINT 38_46,FRESH,WAYSIDE,GEETA,ODP CUT,GREY,200,LADIES ETHNICKURTIKURTI SHORTPRINT 38_46FRESHWAYSIDEGEETAODP CUTGREY200,M/91 cm,HBLADIES ETHNICKURTIKURTI SHORT,19,4,800.00
HB,Sanjay Paul,LADIES ETHNIC,KURTI,KURTI SHORT,PRINT 38_46,FRESH,WAYSIDE,GEETA,ODP CUT,GREY,200,LADIES ETHNICKURTIKURTI SHORTPRINT 38_46FRESHWAYSIDEGEETAODP CUTGREY200,S/86 cm,HBLADIES ETHNICKURTIKURTI SHORT,19,1,200.00
HB,Sanjay Paul,LADIES ETHNIC,KURTI,KURTI SHORT,PRINT 38_46,FRESH,WAYSIDE,GEETA,ODP CUT,GREY,200,LADIES ETHNICKURTIKURTI SHORTPRINT 38_46FRESHWAYSIDEGEETAODP CUTGREY200,XL/1.02 m,HBLADIES ETHNICKURTIKURTI SHORT,19,4,800.00
HB,Sanjay Paul,LADIES ETHNIC,KURTI,KURTI SHORT,PRINT 38_46,FRESH,WAYSIDE,GEETA,ODP CUT,MUSTARD,200,LADIES ETHNICKURTIKURTI SHORTPRINT 38_46FRESHWAYSIDEGEETAODP CUTMUSTARD200,2XL/1.07 m,HBLADIES ETHNICKURTIKURTI SHORT,19,4,800.00
HB,Sanjay Paul,LADIES ETHNIC,KURTI,KURTI SHORT,PRINT 38_46,FRESH,WAYSIDE,GEETA,ODP CUT,MUSTARD,200,LADIES ETHNICKURTIKURTI SHORTPRINT 38_46FRESHWAYSIDEGEETAODP CUTMUSTARD200,3XL/1.12 m,HBLADIES ETHNICKURTIKURTI SHORT,19,2,400.00
HB,Sanjay Paul,LADIES ETHNIC,KURTI,KURTI SHORT,PRINT 38_46,FRESH,WAYSIDE,GEETA,ODP CUT,MUSTARD,200,LADIES ETHNICKURTIKURTI SHORTPRINT 38_46FRESHWAYSIDEGEETAODP CUTMUSTARD200,L/97 cm,HBLADIES ETHNICKURTIKURTI SHORT,19,6,1200.00
HB,Sanjay Paul,LADIES ETHNIC,KURTI,KURTI SHORT,PRINT 38_46,FRESH,WAYSIDE,GEETA,ODP CUT,MUSTARD,200,LADIES ETHNICKURTIKURTI SHORTPRINT 38_46FRESHWAYSIDEGEETAODP CUTMUSTARD200,M/91 cm,HBLADIES ETHNICKURTIKURTI SHORT,19,6,1200.00
HB,Sanjay Paul,LADIES ETHNIC,KURTI,KURTI SHORT,PRINT 38_46,FRESH,WAYSIDE,GEETA,ODP CUT,MUSTARD,200,LADIES ETHNICKURTIKURTI SHORTPRINT 38_46FRESHWAYSIDEGEETAODP CUTMUSTARD200,XL/1.02 m,HBLADIES ETHNICKURTIKURTI SHORT,19,6,1200.00
HB,Sanjay Paul,LADIES ETHNIC,KURTI,KURTI SHORT,PRINT 38_46,FRESH,WAYSIDE,GEETA,ODP CUT,NAVY,200,LADIES ETHNICKURTIKURTI SHORTPRINT 38_46FRESHWAYSIDEGEETAODP CUTNAVY200,L/97 cm,HBLADIES ETHNICKURTIKURTI SHORT,19,2,400.00
HB,Sanjay Paul,LADIES ETHNIC,KURTI,KURTI SHORT,PRINT 38_46,FRESH,WAYSIDE,GEETA,ODP CUT,NAVY,200,LADIES ETHNICKURTIKURTI SHORTPRINT 38_46FRESHWAYSIDEGEETAODP CUTNAVY200,M/91 cm,HBLADIES ETHNICKURTIKURTI SHORT,19,3,600.00
HB,Sanjay Paul,LADIES ETHNIC,KURTI,KURTI SHORT,PRINT 38_46,FRESH,WAYSIDE,GEETA,ODP CUT,PINK,200,LADIES ETHNICKURTIKURTI SHORTPRINT 38_46FRESHWAYSIDEGEETAODP CUTPINK200,2XL/1.07 m,HBLADIES ETHNICKURTIKURTI SHORT,19,4,800.00
HB,Sanjay Paul,LADIES ETHNIC,KURTI,KURTI SHORT,PRINT 38_46,FRESH,WAYSIDE,GEETA,ODP CUT,PINK,200,LADIES ETHNICKURTIKURTI SHORTPRINT 38_46FRESHWAYSIDEGEETAODP CUTPINK200,3XL/1.12 m,HBLADIES ETHNICKURTIKURTI SHORT,19,3,600.00
HB,Sanjay Paul,LADIES ETHNIC,KURTI,KURTI SHORT,PRINT 38_46,FRESH,WAYSIDE,GEETA,ODP CUT,PINK,200,LADIES ETHNICKURTIKURTI SHORTPRINT 38_46FRESHWAYSIDEGEETAODP CUTPINK200,L/97 cm,HBLADIES ETHNICKURTIKURTI SHORT,19,6,1200.00
HB,Sanjay Paul,LADIES ETHNIC,KURTI,KURTI SHORT,PRINT 38_46,FRESH,WAYSIDE,GEETA,ODP CUT,PINK,200,LADIES ETHNICKURTIKURTI SHORTPRINT 38_46FRESHWAYSIDEGEETAODP CUTPINK200,M/91 cm,HBLADIES ETHNICKURTIKURTI SHORT,19,6,1200.00
HB,Sanjay Paul,LADIES ETHNIC,KURTI,KURTI SHORT,PRINT 38_46,FRESH,WAYSIDE,GEETA,ODP CUT,PINK,200,LADIES ETHNICKURTIKURTI SHORTPRINT 38_46FRESHWAYSIDEGEETAODP CUTPINK200,S/86 cm,HBLADIES ETHNICKURTIKURTI SHORT,19,2,400.00
HB,Sanjay Paul,LADIES ETHNIC,KURTI,KURTI SHORT,PRINT 38_46,FRESH,WAYSIDE,GEETA,ODP CUT,PINK,200,LADIES ETHNICKURTIKURTI SHORTPRINT 38_46FRESHWAYSIDEGEETAODP CUTPINK200,XL/1.02 m,HBLADIES ETHNICKURTIKURTI SHORT,19,4,800.00
HB,Sanjay Paul,LADIES ETHNIC,KURTI,KURTI SHORT,PRINT 38_46,FRESH,WAYSIDE,GEETA,ODP CUT,RANI,200,LADIES ETHNICKURTIKURTI SHORTPRINT 38_46FRESHWAYSIDEGEETAODP CUTRANI200,XL/1.02 m,HBLADIES ETHNICKURTIKURTI SHORT,19,1,200.00
HC,Utpal Ray,LADIES ETHNIC,KURTI,KURTI SHORT,PRINT 38_46,FRESH,WAYSIDE,GEETA,ODP CUT,GREEN,200,LADIES ETHNICKURTIKURTI SHORTPRINT 38_46FRESHWAYSIDEGEETAODP CUTGREEN200,2XL/1.07 m,HCLADIES ETHNICKURTIKURTI SHORT,18,4,800.00
HC,Utpal Ray,LADIES ETHNIC,KURTI,KURTI SHORT,PRINT 38_46,FRESH,WAYSIDE,GEETA,ODP CUT,GREEN,200,LADIES ETHNICKURTIKURTI SHORTPRINT 38_46FRESHWAYSIDEGEETAODP CUTGREEN200,3XL/1.12 m,HCLADIES ETHNICKURTIKURTI SHORT,18,8,1600.00
HC,Utpal Ray,LADIES ETHNIC,KURTI,KURTI SHORT,PRINT 38_46,FRESH,WAYSIDE,GEETA,ODP CUT,GREEN,200,LADIES ETHNICKURTIKURTI SHORTPRINT 38_46FRESHWAYSIDEGEETAODP CUTGREEN200,L/97 cm,HCLADIES ETHNICKURTIKURTI SHORT,18,3,600.00
HC,Utpal Ray,LADIES ETHNIC,KURTI,KURTI SHORT,PRINT 38_46,FRESH,WAYSIDE,GEETA,ODP CUT,GREEN,200,LADIES ETHNICKURTIKURTI SHORTPRINT 38_46FRESHWAYSIDEGEETAODP CUTGREEN200,M/91 cm,HCLADIES ETHNICKURTIKURTI SHORT,18,4,800.00
HC,Utpal Ray,LADIES ETHNIC,KURTI,KURTI SHORT,PRINT 38_46,FRESH,WAYSIDE,GEETA,ODP CUT,GREEN,200,LADIES ETHNICKURTIKURTI SHORTPRINT 38_46FRESHWAYSIDEGEETAODP CUTGREEN200,XL/1.02 m,HCLADIES ETHNICKURTIKURTI SHORT,18,1,200.00
HC,Utpal Ray,LADIES ETHNIC,KURTI,KURTI SHORT,PRINT 38_46,FRESH,WAYSIDE,GEETA,ODP CUT,GREY,200,LADIES ETHNICKURTIKURTI SHORTPRINT 38_46FRESHWAYSIDEGEETAODP CUTGREY200,2XL/1.07 m,HCLADIES ETHNICKURTIKURTI SHORT,18,2,400.00
HC,Utpal Ray,LADIES ETHNIC,KURTI,KURTI SHORT,PRINT 38_46,FRESH,WAYSIDE,GEETA,ODP CUT,GREY,200,LADIES ETHNICKURTIKURTI SHORTPRINT 38_46FRESHWAYSIDEGEETAODP CUTGREY200,3XL/1.12 m,HCLADIES ETHNICKURTIKURTI SHORT,18,2,400.00
HC,Utpal Ray,LADIES ETHNIC,KURTI,KURTI SHORT,PRINT 38_46,FRESH,WAYSIDE,GEETA,ODP CUT,GREY,200,LADIES ETHNICKURTIKURTI SHORTPRINT 38_46FRESHWAYSIDEGEETAODP CUTGREY200,L/97 cm,HCLADIES ETHNICKURTIKURTI SHORT,18,3,600.00
HC,Utpal Ray,LADIES ETHNIC,KURTI,KURTI SHORT,PRINT 38_46,FRESH,WAYSIDE,GEETA,ODP CUT,GREY,200,LADIES ETHNICKURTIKURTI SHORTPRINT 38_46FRESHWAYSIDEGEETAODP CUTGREY200,M/91 cm,HCLADIES ETHNICKURTIKURTI SHORT,18,5,1000.00
HC,Utpal Ray,LADIES ETHNIC,KURTI,KURTI SHORT,PRINT 38_46,FRESH,WAYSIDE,GEETA,ODP CUT,GREY,200,LADIES ETHNICKURTIKURTI SHORTPRINT 38_46FRESHWAYSIDEGEETAODP CUTGREY200,S/86 cm,HCLADIES ETHNICKURTIKURTI SHORT,18,4,800.00
HC,Utpal Ray,LADIES ETHNIC,KURTI,KURTI SHORT,PRINT 38_46,FRESH,WAYSIDE,GEETA,ODP CUT,GREY,200,LADIES ETHNICKURTIKURTI SHORTPRINT 38_46FRESHWAYSIDEGEETAODP CUTGREY200,XL/1.02 m,HCLADIES ETHNICKURTIKURTI SHORT,18,2,400.00
HC,Utpal Ray,LADIES ETHNIC,KURTI,KURTI SHORT,PRINT 38_46,FRESH,WAYSIDE,GEETA,ODP CUT,MUSTARD,200,LADIES ETHNICKURTIKURTI SHORTPRINT 38_46FRESHWAYSIDEGEETAODP CUTMUSTARD200,2XL/1.07 m,HCLADIES ETHNICKURTIKURTI SHORT,18,2,400.00
HC,Utpal Ray,LADIES ETHNIC,KURTI,KURTI SHORT,PRINT 38_46,FRESH,WAYSIDE,GEETA,ODP CUT,MUSTARD,200,LADIES ETHNICKURTIKURTI SHORTPRINT 38_46FRESHWAYSIDEGEETAODP CUTMUSTARD200,3XL/1.12 m,HCLADIES ETHNICKURTIKURTI SHORT,18,3,600.00
HC,Utpal Ray,LADIES ETHNIC,KURTI,KURTI SHORT,PRINT 38_46,FRESH,WAYSIDE,GEETA,ODP CUT,MUSTARD,200,LADIES ETHNICKURTIKURTI SHORTPRINT 38_46FRESHWAYSIDEGEETAODP CUTMUSTARD200,M/91 cm,HCLADIES ETHNICKURTIKURTI SHORT,18,2,400.00
HC,Utpal Ray,LADIES ETHNIC,KURTI,KURTI SHORT,PRINT 38_46,FRESH,WAYSIDE,GEETA,ODP CUT,MUSTARD,200,LADIES ETHNICKURTIKURTI SHORTPRINT 38_46FRESHWAYSIDEGEETAODP CUTMUSTARD200,S/86 cm,HCLADIES ETHNICKURTIKURTI SHORT,18,2,400.00
HC,Utpal Ray,LADIES ETHNIC,KURTI,KURTI SHORT,PRINT 38_46,FRESH,WAYSIDE,GEETA,ODP CUT,MUSTARD,200,LADIES ETHNICKURTIKURTI SHORTPRINT 38_46FRESHWAYSIDEGEETAODP CUTMUSTARD200,XL/1.02 m,HCLADIES ETHNICKURTIKURTI SHORT,18,1,200.00
HC,Utpal Ray,LADIES ETHNIC,KURTI,KURTI SHORT,PRINT 38_46,FRESH,WAYSIDE,GEETA,ODP CUT,NAVY,200,LADIES ETHNICKURTIKURTI SHORTPRINT 38_46FRESHWAYSIDEGEETAODP CUTNAVY200,2XL/1.07 m,HCLADIES ETHNICKURTIKURTI SHORT,18,3,600.00
HC,Utpal Ray,LADIES ETHNIC,KURTI,KURTI SHORT,PRINT 38_46,FRESH,WAYSIDE,GEETA,ODP CUT,NAVY,200,LADIES ETHNICKURTIKURTI SHORTPRINT 38_46FRESHWAYSIDEGEETAODP CUTNAVY200,3XL/1.12 m,HCLADIES ETHNICKURTIKURTI SHORT,18,3,600.00
HC,Utpal Ray,LADIES ETHNIC,KURTI,KURTI SHORT,PRINT 38_46,FRESH,WAYSIDE,GEETA,ODP CUT,NAVY,250,LADIES ETHNICKURTIKURTI SHORTPRINT 38_46FRESHWAYSIDEGEETAODP CUTNAVY250,5XL/1.21 m,HCLADIES ETHNICKURTIKURTI SHORT,18,1,250.00
HC,Utpal Ray,LADIES ETHNIC,KURTI,KURTI SHORT,PRINT 38_46,FRESH,WAYSIDE,GEETA,ODP CUT,PINK,200,LADIES ETHNICKURTIKURTI SHORTPRINT 38_46FRESHWAYSIDEGEETAODP CUTPINK200,2XL/1.07 m,HCLADIES ETHNICKURTIKURTI SHORT,18,5,1000.00
HC,Utpal Ray,LADIES ETHNIC,KURTI,KURTI SHORT,PRINT 38_46,FRESH,WAYSIDE,GEETA,ODP CUT,PINK,200,LADIES ETHNICKURTIKURTI SHORTPRINT 38_46FRESHWAYSIDEGEETAODP CUTPINK200,3XL/1.12 m,HCLADIES ETHNICKURTIKURTI SHORT,18,5,1000.00
HC,Utpal Ray,LADIES ETHNIC,KURTI,KURTI SHORT,PRINT 38_46,FRESH,WAYSIDE,GEETA,ODP CUT,PINK,200,LADIES ETHNICKURTIKURTI SHORTPRINT 38_46FRESHWAYSIDEGEETAODP CUTPINK200,L/97 cm,HCLADIES ETHNICKURTIKURTI SHORT,18,4,800.00
HC,Utpal Ray,LADIES ETHNIC,KURTI,KURTI SHORT,PRINT 38_46,FRESH,WAYSIDE,GEETA,ODP CUT,PINK,200,LADIES ETHNICKURTIKURTI SHORTPRINT 38_46FRESHWAYSIDEGEETAODP CUTPINK200,M/91 cm,HCLADIES ETHNICKURTIKURTI SHORT,18,1,200.00
HC,Utpal Ray,LADIES ETHNIC,KURTI,KURTI SHORT,PRINT 38_46,FRESH,WAYSIDE,GEETA,ODP CUT,PINK,200,LADIES ETHNICKURTIKURTI SHORTPRINT 38_46FRESHWAYSIDEGEETAODP CUTPINK200,S/86 cm,HCLADIES ETHNICKURTIKURTI SHORT,18,3,600.00
HC,Utpal Ray,LADIES ETHNIC,KURTI,KURTI SHORT,PRINT 38_46,FRESH,WAYSIDE,GEETA,ODP CUT,PINK,200,LADIES ETHNICKURTIKURTI SHORTPRINT 38_46FRESHWAYSIDEGEETAODP CUTPINK200,XL/1.02 m,HCLADIES ETHNICKURTIKURTI SHORT,18,3,600.00
HC,Utpal Ray,LADIES ETHNIC,KURTI,KURTI SHORT,PRINT 38_46,FRESH,WAYSIDE,GEETA,ODP CUT,RANI,200,LADIES ETHNICKURTIKURTI SHORTPRINT 38_46FRESHWAYSIDEGEETAODP CUTRANI200,XL/1.02 m,HCLADIES ETHNICKURTIKURTI SHORT,18,1,200.00
HC,Utpal Ray,LADIES ETHNIC,KURTI,KURTI SHORT,PRINT 38_46,FRESH,WAYSIDE,GEETA,ODP CUT,RED,200,LADIES ETHNICKURTIKURTI SHORTPRINT 38_46FRESHWAYSIDEGEETAODP CUTRED200,3XL/1.12 m,HCLADIES ETHNICKURTIKURTI SHORT,18,1,200.00
HC,Utpal Ray,LADIES ETHNIC,KURTI,KURTI SHORT,PRINT 38_46,FRESH,WAYSIDE,GEETA,ODP CUT,RED,200,LADIES ETHNICKURTIKURTI SHORTPRINT 38_46FRESHWAYSIDEGEETAODP CUTRED200,L/97 cm,HCLADIES ETHNICKURTIKURTI SHORT,18,1,200.00
HC,Utpal Ray,LADIES ETHNIC,KURTI,KURTI SHORT,PRINT 38_46,FRESH,WAYSIDE,GEETA,ODP CUT,RED,200,LADIES ETHNICKURTIKURTI SHORTPRINT 38_46FRESHWAYSIDEGEETAODP CUTRED200,XL/1.02 m,HCLADIES ETHNICKURTIKURTI SHORT,18,3,600.00
HC,Utpal Ray,LADIES ETHNIC,KURTI,KURTI SHORT,PRINT 38_46,FRESH,WAYSIDE,GEETA,ODP CUT,WHITE,200,LADIES ETHNICKURTIKURTI SHORTPRINT 38_46FRESHWAYSIDEGEETAODP CUTWHITE200,L/97 cm,HCLADIES ETHNICKURTIKURTI SHORT,18,1,200.00
HR,Binay Singh,LADIES ETHNIC,KURTI,KURTI SHORT,PRINT 38_46,FRESH,WAYSIDE,GEETA,ODP CUT,BLACK,200,LADIES ETHNICKURTIKURTI SHORTPRINT 38_46FRESHWAYSIDEGEETAODP CUTBLACK200,2XL/1.07 m,HRLADIES ETHNICKURTIKURTI SHORT,4,4,800.00
HR,Binay Singh,LADIES ETHNIC,KURTI,KURTI SHORT,PRINT 38_46,FRESH,WAYSIDE,GEETA,ODP CUT,BLACK,200,LADIES ETHNICKURTIKURTI SHORTPRINT 38_46FRESHWAYSIDEGEETAODP CUTBLACK200,3XL/1.12 m,HRLADIES ETHNICKURTIKURTI SHORT,4,2,400.00
HR,Binay Singh,LADIES ETHNIC,KURTI,KURTI SHORT,PRINT 38_46,FRESH,WAYSIDE,GEETA,ODP CUT,BROWN,200,LADIES ETHNICKURTIKURTI SHORTPRINT 38_46FRESHWAYSIDEGEETAODP CUTBROWN200,2XL/1.07 m,HRLADIES ETHNICKURTIKURTI SHORT,4,3,600.00
HR,Binay Singh,LADIES ETHNIC,KURTI,KURTI SHORT,PRINT 38_46,FRESH,WAYSIDE,GEETA,ODP CUT,BROWN,200,LADIES ETHNICKURTIKURTI SHORTPRINT 38_46FRESHWAYSIDEGEETAODP CUTBROWN200,3XL/1.12 m,HRLADIES ETHNICKURTIKURTI SHORT,4,1,200.00
HR,Binay Singh,LADIES ETHNIC,KURTI,KURTI SHORT,PRINT 38_46,FRESH,WAYSIDE,GEETA,ODP CUT,BROWN,200,LADIES ETHNICKURTIKURTI SHORTPRINT 38_46FRESHWAYSIDEGEETAODP CUTBROWN200,L/97 cm,HRLADIES ETHNICKURTIKURTI SHORT,4,2,400.00
HR,Binay Singh,LADIES ETHNIC,KURTI,KURTI SHORT,PRINT 38_46,FRESH,WAYSIDE,GEETA,ODP CUT,BROWN,200,LADIES ETHNICKURTIKURTI SHORTPRINT 38_46FRESHWAYSIDEGEETAODP CUTBROWN200,M/91 cm,HRLADIES ETHNICKURTIKURTI SHORT,4,1,200.00
HR,Binay Singh,LADIES ETHNIC,KURTI,KURTI SHORT,PRINT 38_46,FRESH,WAYSIDE,GEETA,ODP CUT,CORAL,200,LADIES ETHNICKURTIKURTI SHORTPRINT 38_46FRESHWAYSIDEGEETAODP CUTCORAL200,2XL/1.07 m,HRLADIES ETHNICKURTIKURTI SHORT,4,2,400.00
HR,Binay Singh,LADIES ETHNIC,KURTI,KURTI SHORT,PRINT 38_46,FRESH,WAYSIDE,GEETA,ODP CUT,CORAL,200,LADIES ETHNICKURTIKURTI SHORTPRINT 38_46FRESHWAYSIDEGEETAODP CUTCORAL200,3XL/1.12 m,HRLADIES ETHNICKURTIKURTI SHORT,4,2,400.00
HR,Binay Singh,LADIES ETHNIC,KURTI,KURTI SHORT,PRINT 38_46,FRESH,WAYSIDE,GEETA,ODP CUT,CORAL,200,LADIES ETHNICKURTIKURTI SHORTPRINT 38_46FRESHWAYSIDEGEETAODP CUTCORAL200,L/97 cm,HRLADIES ETHNICKURTIKURTI SHORT,4,3,600.00
HR,Binay Singh,LADIES ETHNIC,KURTI,KURTI SHORT,PRINT 38_46,FRESH,WAYSIDE,GEETA,ODP CUT,CORAL,200,LADIES ETHNICKURTIKURTI SHORTPRINT 38_46FRESHWAYSIDEGEETAODP CUTCORAL200,M/91 cm,HRLADIES ETHNICKURTIKURTI SHORT,4,3,600.00
HR,Binay Singh,LADIES ETHNIC,KURTI,KURTI SHORT,PRINT 38_46,FRESH,WAYSIDE,GEETA,ODP CUT,CORAL,200,LADIES ETHNICKURTIKURTI SHORTPRINT 38_46FRESHWAYSIDEGEETAODP CUTCORAL200,XL/1.02 m,HRLADIES ETHNICKURTIKURTI SHORT,4,2,400.00
HR,Binay Singh,LADIES ETHNIC,KURTI,KURTI SHORT,PRINT 38_46,FRESH,WAYSIDE,GEETA,ODP CUT,GREEN,200,LADIES ETHNICKURTIKURTI SHORTPRINT 38_46FRESHWAYSIDEGEETAODP CUTGREEN200,2XL/1.07 m,HRLADIES ETHNICKURTIKURTI SHORT,4,8,1600.00
HR,Binay Singh,LADIES ETHNIC,KURTI,KURTI SHORT,PRINT 38_46,FRESH,WAYSIDE,GEETA,ODP CUT,GREEN,200,LADIES ETHNICKURTIKURTI SHORTPRINT 38_46FRESHWAYSIDEGEETAODP CUTGREEN200,3XL/1.12 m,HRLADIES ETHNICKURTIKURTI SHORT,4,4,800.00
HR,Binay Singh,LADIES ETHNIC,KURTI,KURTI SHORT,PRINT 38_46,FRESH,WAYSIDE,GEETA,ODP CUT,GREEN,200,LADIES ETHNICKURTIKURTI SHORTPRINT 38_46FRESHWAYSIDEGEETAODP CUTGREEN200,L/97 cm,HRLADIES ETHNICKURTIKURTI SHORT,4,6,1200.00
HR,Binay Singh,LADIES ETHNIC,KURTI,KURTI SHORT,PRINT 38_46,FRESH,WAYSIDE,GEETA,ODP CUT,GREEN,200,LADIES ETHNICKURTIKURTI SHORTPRINT 38_46FRESHWAYSIDEGEETAODP CUTGREEN200,M/91 cm,HRLADIES ETHNICKURTIKURTI SHORT,4,8,1600.00
HR,Binay Singh,LADIES ETHNIC,KURTI,KURTI SHORT,PRINT 38_46,FRESH,WAYSIDE,GEETA,ODP CUT,GREEN,200,LADIES ETHNICKURTIKURTI SHORTPRINT 38_46FRESHWAYSIDEGEETAODP CUTGREEN200,S/86 cm,HRLADIES ETHNICKURTIKURTI SHORT,4,3,600.00
HR,Binay Singh,LADIES ETHNIC,KURTI,KURTI SHORT,PRINT 38_46,FRESH,WAYSIDE,GEETA,ODP CUT,GREEN,200,LADIES ETHNICKURTIKURTI SHORTPRINT 38_46FRESHWAYSIDEGEETAODP CUTGREEN200,XL/1.02 m,HRLADIES ETHNICKURTIKURTI SHORT,4,3,600.00
HR,Binay Singh,LADIES ETHNIC,KURTI,KURTI SHORT,PRINT 38_46,FRESH,WAYSIDE,GEETA,ODP CUT,LAVENDER,200,LADIES ETHNICKURTIKURTI SHORTPRINT 38_46FRESHWAYSIDEGEETAODP CUTLAVENDER200,2XL/1.07 m,HRLADIES ETHNICKURTIKURTI SHORT,4,3,600.00
HR,Binay Singh,LADIES ETHNIC,KURTI,KURTI SHORT,PRINT 38_46,FRESH,WAYSIDE,GEETA,ODP CUT,LAVENDER,200,LADIES ETHNICKURTIKURTI SHORTPRINT 38_46FRESHWAYSIDEGEETAODP CUTLAVENDER200,3XL/1.12 m,HRLADIES ETHNICKURTIKURTI SHORT,4,2,400.00
HR,Binay Singh,LADIES ETHNIC,KURTI,KURTI SHORT,PRINT 38_46,FRESH,WAYSIDE,GEETA,ODP CUT,LAVENDER,200,LADIES ETHNICKURTIKURTI SHORTPRINT 38_46FRESHWAYSIDEGEETAODP CUTLAVENDER200,L/97 cm,HRLADIES ETHNICKURTIKURTI SHORT,4,3,600.00
HR,Binay Singh,LADIES ETHNIC,KURTI,KURTI SHORT,PRINT 38_46,FRESH,WAYSIDE,GEETA,ODP CUT,LAVENDER,200,LADIES ETHNICKURTIKURTI SHORTPRINT 38_46FRESHWAYSIDEGEETAODP CUTLAVENDER200,M/91 cm,HRLADIES ETHNICKURTIKURTI SHORT,4,2,400.00
HR,Binay Singh,LADIES ETHNIC,KURTI,KURTI SHORT,PRINT 38_46,FRESH,WAYSIDE,GEETA,ODP CUT,LAVENDER,200,LADIES ETHNICKURTIKURTI SHORTPRINT 38_46FRESHWAYSIDEGEETAODP CUTLAVENDER200,XL/1.02 m,HRLADIES ETHNICKURTIKURTI SHORT,4,2,400.00
HR,Binay Singh,LADIES ETHNIC,KURTI,KURTI SHORT,PRINT 38_46,FRESH,WAYSIDE,GEETA,ODP CUT,NAVY,200,LADIES ETHNICKURTIKURTI SHORTPRINT 38_46FRESHWAYSIDEGEETAODP CUTNAVY200,2XL/1.07 m,HRLADIES ETHNICKURTIKURTI SHORT,4,2,400.00
HR,Binay Singh,LADIES ETHNIC,KURTI,KURTI SHORT,PRINT 38_46,FRESH,WAYSIDE,GEETA,ODP CUT,NAVY,200,LADIES ETHNICKURTIKURTI SHORTPRINT 38_46FRESHWAYSIDEGEETAODP CUTNAVY200,3XL/1.12 m,HRLADIES ETHNICKURTIKURTI SHORT,4,2,400.00
HR,Binay Singh,LADIES ETHNIC,KURTI,KURTI SHORT,PRINT 38_46,FRESH,WAYSIDE,GEETA,ODP CUT,NAVY,200,LADIES ETHNICKURTIKURTI SHORTPRINT 38_46FRESHWAYSIDEGEETAODP CUTNAVY200,L/97 cm,HRLADIES ETHNICKURTIKURTI SHORT,4,2,400.00
HR,Binay Singh,LADIES ETHNIC,KURTI,KURTI SHORT,PRINT 38_46,FRESH,WAYSIDE,GEETA,ODP CUT,NAVY,200,LADIES ETHNICKURTIKURTI SHORTPRINT 38_46FRESHWAYSIDEGEETAODP CUTNAVY200,M/91 cm,HRLADIES ETHNICKURTIKURTI SHORT,4,2,400.00
HR,Binay Singh,LADIES ETHNIC,KURTI,KURTI SHORT,PRINT 38_46,FRESH,WAYSIDE,GEETA,ODP CUT,NAVY,200,LADIES ETHNICKURTIKURTI SHORTPRINT 38_46FRESHWAYSIDEGEETAODP CUTNAVY200,S/86 cm,HRLADIES ETHNICKURTIKURTI SHORT,4,2,400.00
HR,Binay Singh,LADIES ETHNIC,KURTI,KURTI SHORT,PRINT 38_46,FRESH,WAYSIDE,GEETA,ODP CUT,NAVY,200,LADIES ETHNICKURTIKURTI SHORTPRINT 38_46FRESHWAYSIDEGEETAODP CUTNAVY200,XL/1.02 m,HRLADIES ETHNICKURTIKURTI SHORT,4,5,1000.00
HR,Binay Singh,LADIES ETHNIC,KURTI,KURTI SHORT,PRINT 38_46,FRESH,WAYSIDE,GEETA,ODP CUT,PINK,200,LADIES ETHNICKURTIKURTI SHORTPRINT 38_46FRESHWAYSIDEGEETAODP CUTPINK200,2XL/1.07 m,HRLADIES ETHNICKURTIKURTI SHORT,4,3,600.00
HR,Binay Singh,LADIES ETHNIC,KURTI,KURTI SHORT,PRINT 38_46,FRESH,WAYSIDE,GEETA,ODP CUT,PINK,200,LADIES ETHNICKURTIKURTI SHORTPRINT 38_46FRESHWAYSIDEGEETAODP CUTPINK200,3XL/1.12 m,HRLADIES ETHNICKURTIKURTI SHORT,4,1,200.00
HR,Binay Singh,LADIES ETHNIC,KURTI,KURTI SHORT,PRINT 38_46,FRESH,WAYSIDE,GEETA,ODP CUT,PINK,200,LADIES ETHNICKURTIKURTI SHORTPRINT 38_46FRESHWAYSIDEGEETAODP CUTPINK200,L/97 cm,HRLADIES ETHNICKURTIKURTI SHORT,4,2,400.00
HR,Binay Singh,LADIES ETHNIC,KURTI,KURTI SHORT,PRINT 38_46,FRESH,WAYSIDE,GEETA,ODP CUT,PINK,200,LADIES ETHNICKURTIKURTI SHORTPRINT 38_46FRESHWAYSIDEGEETAODP CUTPINK200,M/91 cm,HRLADIES ETHNICKURTIKURTI SHORT,4,2,400.00
HR,Binay Singh,LADIES ETHNIC,KURTI,KURTI SHORT,PRINT 38_46,FRESH,WAYSIDE,GEETA,ODP CUT,PINK,200,LADIES ETHNICKURTIKURTI SHORTPRINT 38_46FRESHWAYSIDEGEETAODP CUTPINK200,S/86 cm,HRLADIES ETHNICKURTIKURTI SHORT,4,1,200.00
HR,Binay Singh,LADIES ETHNIC,KURTI,KURTI SHORT,PRINT 38_46,FRESH,WAYSIDE,GEETA,ODP CUT,PINK,200,LADIES ETHNICKURTIKURTI SHORTPRINT 38_46FRESHWAYSIDEGEETAODP CUTPINK200,XL/1.02 m,HRLADIES ETHNICKURTIKURTI SHORT,4,5,1000.00
HR,Binay Singh,LADIES ETHNIC,KURTI,KURTI SHORT,PRINT 38_46,FRESH,WAYSIDE,GEETA,ODP CUT,PISTA,200,LADIES ETHNICKURTIKURTI SHORTPRINT 38_46FRESHWAYSIDEGEETAODP CUTPISTA200,2XL/1.07 m,HRLADIES ETHNICKURTIKURTI SHORT,4,1,200.00
HR,Binay Singh,LADIES ETHNIC,KURTI,KURTI SHORT,PRINT 38_46,FRESH,WAYSIDE,GEETA,ODP CUT,PISTA,200,LADIES ETHNICKURTIKURTI SHORTPRINT 38_46FRESHWAYSIDEGEETAODP CUTPISTA200,3XL/1.12 m,HRLADIES ETHNICKURTIKURTI SHORT,4,2,400.00
HR,Binay Singh,LADIES ETHNIC,KURTI,KURTI SHORT,PRINT 38_46,FRESH,WAYSIDE,GEETA,ODP CUT,PISTA,200,LADIES ETHNICKURTIKURTI SHORTPRINT 38_46FRESHWAYSIDEGEETAODP CUTPISTA200,L/97 cm,HRLADIES ETHNICKURTIKURTI SHORT,4,3,600.00
HR,Binay Singh,LADIES ETHNIC,KURTI,KURTI SHORT,PRINT 38_46,FRESH,WAYSIDE,GEETA,ODP CUT,PISTA,200,LADIES ETHNICKURTIKURTI SHORTPRINT 38_46FRESHWAYSIDEGEETAODP CUTPISTA200,XL/1.02 m,HRLADIES ETHNICKURTIKURTI SHORT,4,1,200.00
HR,Binay Singh,LADIES ETHNIC,KURTI,KURTI SHORT,PRINT 38_46,FRESH,WAYSIDE,GEETA,ODP CUT,RAMA,200,LADIES ETHNICKURTIKURTI SHORTPRINT 38_46FRESHWAYSIDEGEETAODP CUTRAMA200,2XL/1.07 m,HRLADIES ETHNICKURTIKURTI SHORT,4,7,1400.00
HR,Binay Singh,LADIES ETHNIC,KURTI,KURTI SHORT,PRINT 38_46,FRESH,WAYSIDE,GEETA,ODP CUT,RAMA,200,LADIES ETHNICKURTIKURTI SHORTPRINT 38_46FRESHWAYSIDEGEETAODP CUTRAMA200,3XL/1.12 m,HRLADIES ETHNICKURTIKURTI SHORT,4,2,400.00
HR,Binay Singh,LADIES ETHNIC,KURTI,KURTI SHORT,PRINT 38_46,FRESH,WAYSIDE,GEETA,ODP CUT,RAMA,200,LADIES ETHNICKURTIKURTI SHORTPRINT 38_46FRESHWAYSIDEGEETAODP CUTRAMA200,M/91 cm,HRLADIES ETHNICKURTIKURTI SHORT,4,2,400.00
HR,Binay Singh,LADIES ETHNIC,KURTI,KURTI SHORT,PRINT 38_46,FRESH,WAYSIDE,GEETA,ODP CUT,RED,200,LADIES ETHNICKURTIKURTI SHORTPRINT 38_46FRESHWAYSIDEGEETAODP CUTRED200,2XL/1.07 m,HRLADIES ETHNICKURTIKURTI SHORT,4,5,1000.00
HR,Binay Singh,LADIES ETHNIC,KURTI,KURTI SHORT,PRINT 38_46,FRESH,WAYSIDE,GEETA,ODP CUT,RED,200,LADIES ETHNICKURTIKURTI SHORTPRINT 38_46FRESHWAYSIDEGEETAODP CUTRED200,M/91 cm,HRLADIES ETHNICKURTIKURTI SHORT,4,1,200.00
HR,Binay Singh,LADIES ETHNIC,KURTI,KURTI SHORT,PRINT 38_46,FRESH,WAYSIDE,GEETA,ODP CUT,WHITE,200,LADIES ETHNICKURTIKURTI SHORTPRINT 38_46FRESHWAYSIDEGEETAODP CUTWHITE200,L/97 cm,HRLADIES ETHNICKURTIKURTI SHORT,4,2,400.00
HZ,Kumar Vikash,LADIES ETHNIC,KURTI,KURTI SHORT,PRINT 38_46,FRESH,WAYSIDE,GEETA,ODP CUT,GREEN,200,LADIES ETHNICKURTIKURTI SHORTPRINT 38_46FRESHWAYSIDEGEETAODP CUTGREEN200,2XL/1.07 m,HZLADIES ETHNICKURTIKURTI SHORT,11,5,1000.00
HZ,Kumar Vikash,LADIES ETHNIC,KURTI,KURTI SHORT,PRINT 38_46,FRESH,WAYSIDE,GEETA,ODP CUT,GREEN,200,LADIES ETHNICKURTIKURTI SHORTPRINT 38_46FRESHWAYSIDEGEETAODP CUTGREEN200,3XL/1.12 m,HZLADIES ETHNICKURTIKURTI SHORT,11,3,600.00
HZ,Kumar Vikash,LADIES ETHNIC,KURTI,KURTI SHORT,PRINT 38_46,FRESH,WAYSIDE,GEETA,ODP CUT,GREEN,200,LADIES ETHNICKURTIKURTI SHORTPRINT 38_46FRESHWAYSIDEGEETAODP CUTGREEN200,L/97 cm,HZLADIES ETHNICKURTIKURTI SHORT,11,3,600.00
HZ,Kumar Vikash,LADIES ETHNIC,KURTI,KURTI SHORT,PRINT 38_46,FRESH,WAYSIDE,GEETA,ODP CUT,GREEN,200,LADIES ETHNICKURTIKURTI SHORTPRINT 38_46FRESHWAYSIDEGEETAODP CUTGREEN200,M/91 cm,HZLADIES ETHNICKURTIKURTI SHORT,11,4,800.00
HZ,Kumar Vikash,LADIES ETHNIC,KURTI,KURTI SHORT,PRINT 38_46,FRESH,WAYSIDE,GEETA,ODP CUT,GREEN,200,LADIES ETHNICKURTIKURTI SHORTPRINT 38_46FRESHWAYSIDEGEETAODP CUTGREEN200,XL/1.02 m,HZLADIES ETHNICKURTIKURTI SHORT,11,3,600.00
HZ,Kumar Vikash,LADIES ETHNIC,KURTI,KURTI SHORT,PRINT 38_46,FRESH,WAYSIDE,GEETA,ODP CUT,GREY,200,LADIES ETHNICKURTIKURTI SHORTPRINT 38_46FRESHWAYSIDEGEETAODP CUTGREY200,2XL/1.07 m,HZLADIES ETHNICKURTIKURTI SHORT,11,2,400.00
HZ,Kumar Vikash,LADIES ETHNIC,KURTI,KURTI SHORT,PRINT 38_46,FRESH,WAYSIDE,GEETA,ODP CUT,GREY,200,LADIES ETHNICKURTIKURTI SHORTPRINT 38_46FRESHWAYSIDEGEETAODP CUTGREY200,3XL/1.12 m,HZLADIES ETHNICKURTIKURTI SHORT,11,2,400.00
HZ,Kumar Vikash,LADIES ETHNIC,KURTI,KURTI SHORT,PRINT 38_46,FRESH,WAYSIDE,GEETA,ODP CUT,GREY,200,LADIES ETHNICKURTIKURTI SHORTPRINT 38_46FRESHWAYSIDEGEETAODP CUTGREY200,L/97 cm,HZLADIES ETHNICKURTIKURTI SHORT,11,2,400.00
HZ,Kumar Vikash,LADIES ETHNIC,KURTI,KURTI SHORT,PRINT 38_46,FRESH,WAYSIDE,GEETA,ODP CUT,GREY,200,LADIES ETHNICKURTIKURTI SHORTPRINT 38_46FRESHWAYSIDEGEETAODP CUTGREY200,M/91 cm,HZLADIES ETHNICKURTIKURTI SHORT,11,4,800.00
HZ,Kumar Vikash,LADIES ETHNIC,KURTI,KURTI SHORT,PRINT 38_46,FRESH,WAYSIDE,GEETA,ODP CUT,GREY,200,LADIES ETHNICKURTIKURTI SHORTPRINT 38_46FRESHWAYSIDEGEETAODP CUTGREY200,S/86 cm,HZLADIES ETHNICKURTIKURTI SHORT,11,2,400.00
HZ,Kumar Vikash,LADIES ETHNIC,KURTI,KURTI SHORT,PRINT 38_46,FRESH,WAYSIDE,GEETA,ODP CUT,GREY,200,LADIES ETHNICKURTIKURTI SHORTPRINT 38_46FRESHWAYSIDEGEETAODP CUTGREY200,XL/1.02 m,HZLADIES ETHNICKURTIKURTI SHORT,11,2,400.00
HZ,Kumar Vikash,LADIES ETHNIC,KURTI,KURTI SHORT,PRINT 38_46,FRESH,WAYSIDE,GEETA,ODP CUT,LAVENDER,200,LADIES ETHNICKURTIKURTI SHORTPRINT 38_46FRESHWAYSIDEGEETAODP CUTLAVENDER200,2XL/1.07 m,HZLADIES ETHNICKURTIKURTI SHORT,11,1,200.00
HZ,Kumar Vikash,LADIES ETHNIC,KURTI,KURTI SHORT,PRINT 38_46,FRESH,WAYSIDE,GEETA,ODP CUT,MUSTARD,200,LADIES ETHNICKURTIKURTI SHORTPRINT 38_46FRESHWAYSIDEGEETAODP CUTMUSTARD200,2XL/1.07 m,HZLADIES ETHNICKURTIKURTI SHORT,11,2,400.00
HZ,Kumar Vikash,LADIES ETHNIC,KURTI,KURTI SHORT,PRINT 38_46,FRESH,WAYSIDE,GEETA,ODP CUT,MUSTARD,200,LADIES ETHNICKURTIKURTI SHORTPRINT 38_46FRESHWAYSIDEGEETAODP CUTMUSTARD200,3XL/1.12 m,HZLADIES ETHNICKURTIKURTI SHORT,11,2,400.00
HZ,Kumar Vikash,LADIES ETHNIC,KURTI,KURTI SHORT,PRINT 38_46,FRESH,WAYSIDE,GEETA,ODP CUT,MUSTARD,200,LADIES ETHNICKURTIKURTI SHORTPRINT 38_46FRESHWAYSIDEGEETAODP CUTMUSTARD200,L/97 cm,HZLADIES ETHNICKURTIKURTI SHORT,11,4,800.00
HZ,Kumar Vikash,LADIES ETHNIC,KURTI,KURTI SHORT,PRINT 38_46,FRESH,WAYSIDE,GEETA,ODP CUT,MUSTARD,200,LADIES ETHNICKURTIKURTI SHORTPRINT 38_46FRESHWAYSIDEGEETAODP CUTMUSTARD200,M/91 cm,HZLADIES ETHNICKURTIKURTI SHORT,11,1,200.00
HZ,Kumar Vikash,LADIES ETHNIC,KURTI,KURTI SHORT,PRINT 38_46,FRESH,WAYSIDE,GEETA,ODP CUT,MUSTARD,200,LADIES ETHNICKURTIKURTI SHORTPRINT 38_46FRESHWAYSIDEGEETAODP CUTMUSTARD200,S/86 cm,HZLADIES ETHNICKURTIKURTI SHORT,11,2,400.00
HZ,Kumar Vikash,LADIES ETHNIC,KURTI,KURTI SHORT,PRINT 38_46,FRESH,WAYSIDE,GEETA,ODP CUT,MUSTARD,200,LADIES ETHNICKURTIKURTI SHORTPRINT 38_46FRESHWAYSIDEGEETAODP CUTMUSTARD200,XL/1.02 m,HZLADIES ETHNICKURTIKURTI SHORT,11,2,400.00
HZ,Kumar Vikash,LADIES ETHNIC,KURTI,KURTI SHORT,PRINT 38_46,FRESH,WAYSIDE,GEETA,ODP CUT,NAVY,200,LADIES ETHNICKURTIKURTI SHORTPRINT 38_46FRESHWAYSIDEGEETAODP CUTNAVY200,2XL/1.07 m,HZLADIES ETHNICKURTIKURTI SHORT,11,3,600.00
HZ,Kumar Vikash,LADIES ETHNIC,KURTI,KURTI SHORT,PRINT 38_46,FRESH,WAYSIDE,GEETA,ODP CUT,NAVY,200,LADIES ETHNICKURTIKURTI SHORTPRINT 38_46FRESHWAYSIDEGEETAODP CUTNAVY200,L/97 cm,HZLADIES ETHNICKURTIKURTI SHORT,11,2,400.00
HZ,Kumar Vikash,LADIES ETHNIC,KURTI,KURTI SHORT,PRINT 38_46,FRESH,WAYSIDE,GEETA,ODP CUT,NAVY,200,LADIES ETHNICKURTIKURTI SHORTPRINT 38_46FRESHWAYSIDEGEETAODP CUTNAVY200,M/91 cm,HZLADIES ETHNICKURTIKURTI SHORT,11,1,200.00
HZ,Kumar Vikash,LADIES ETHNIC,KURTI,KURTI SHORT,PRINT 38_46,FRESH,WAYSIDE,GEETA,ODP CUT,NAVY,200,LADIES ETHNICKURTIKURTI SHORTPRINT 38_46FRESHWAYSIDEGEETAODP CUTNAVY200,XL/1.02 m,HZLADIES ETHNICKURTIKURTI SHORT,11,3,600.00
HZ,Kumar Vikash,LADIES ETHNIC,KURTI,KURTI SHORT,PRINT 38_46,FRESH,WAYSIDE,GEETA,ODP CUT,PINK,200,LADIES ETHNICKURTIKURTI SHORTPRINT 38_46FRESHWAYSIDEGEETAODP CUTPINK200,2XL/1.07 m,HZLADIES ETHNICKURTIKURTI SHORT,11,5,1000.00
HZ,Kumar Vikash,LADIES ETHNIC,KURTI,KURTI SHORT,PRINT 38_46,FRESH,WAYSIDE,GEETA,ODP CUT,PINK,200,LADIES ETHNICKURTIKURTI SHORTPRINT 38_46FRESHWAYSIDEGEETAODP CUTPINK200,3XL/1.12 m,HZLADIES ETHNICKURTIKURTI SHORT,11,4,800.00
HZ,Kumar Vikash,LADIES ETHNIC,KURTI,KURTI SHORT,PRINT 38_46,FRESH,WAYSIDE,GEETA,ODP CUT,PINK,200,LADIES ETHNICKURTIKURTI SHORTPRINT 38_46FRESHWAYSIDEGEETAODP CUTPINK200,L/97 cm,HZLADIES ETHNICKURTIKURTI SHORT,11,4,800.00
HZ,Kumar Vikash,LADIES ETHNIC,KURTI,KURTI SHORT,PRINT 38_46,FRESH,WAYSIDE,GEETA,ODP CUT,PINK,200,LADIES ETHNICKURTIKURTI SHORTPRINT 38_46FRESHWAYSIDEGEETAODP CUTPINK200,M/91 cm,HZLADIES ETHNICKURTIKURTI SHORT,11,2,400.00
HZ,Kumar Vikash,LADIES ETHNIC,KURTI,KURTI SHORT,PRINT 38_46,FRESH,WAYSIDE,GEETA,ODP CUT,PINK,200,LADIES ETHNICKURTIKURTI SHORTPRINT 38_46FRESHWAYSIDEGEETAODP CUTPINK200,S/86 cm,HZLADIES ETHNICKURTIKURTI SHORT,11,2,400.00
HZ,Kumar Vikash,LADIES ETHNIC,KURTI,KURTI SHORT,PRINT 38_46,FRESH,WAYSIDE,GEETA,ODP CUT,PINK,200,LADIES ETHNICKURTIKURTI SHORTPRINT 38_46FRESHWAYSIDEGEETAODP CUTPINK200,XL/1.02 m,HZLADIES ETHNICKURTIKURTI SHORT,11,5,1000.00
HZ,Kumar Vikash,LADIES ETHNIC,KURTI,KURTI SHORT,PRINT 38_46,FRESH,WAYSIDE,GEETA,ODP CUT,RED,200,LADIES ETHNICKURTIKURTI SHORTPRINT 38_46FRESHWAYSIDEGEETAODP CUTRED200,XL/1.02 m,HZLADIES ETHNICKURTIKURTI SHORT,11,2,400.00
JP,Manish Singh,LADIES ETHNIC,KURTI,KURTI SHORT,PRINT 38_46,FRESH,WAYSIDE,GEETA,ODP CUT,BLACK,200,LADIES ETHNICKURTIKURTI SHORTPRINT 38_46FRESHWAYSIDEGEETAODP CUTBLACK200,L/97 cm,JPLADIES ETHNICKURTIKURTI SHORT,12,1,200.00
JP,Manish Singh,LADIES ETHNIC,KURTI,KURTI SHORT,PRINT 38_46,FRESH,WAYSIDE,GEETA,ODP CUT,BROWN,200,LADIES ETHNICKURTIKURTI SHORTPRINT 38_46FRESHWAYSIDEGEETAODP CUTBROWN200,2XL/1.07 m,JPLADIES ETHNICKURTIKURTI SHORT,12,2,400.00
JP,Manish Singh,LADIES ETHNIC,KURTI,KURTI SHORT,PRINT 38_46,FRESH,WAYSIDE,GEETA,ODP CUT,BROWN,200,LADIES ETHNICKURTIKURTI SHORTPRINT 38_46FRESHWAYSIDEGEETAODP CUTBROWN200,L/97 cm,JPLADIES ETHNICKURTIKURTI SHORT,12,1,200.00
JP,Manish Singh,LADIES ETHNIC,KURTI,KURTI SHORT,PRINT 38_46,FRESH,WAYSIDE,GEETA,ODP CUT,BROWN,200,LADIES ETHNICKURTIKURTI SHORTPRINT 38_46FRESHWAYSIDEGEETAODP CUTBROWN200,XL/1.02 m,JPLADIES ETHNICKURTIKURTI SHORT,12,1,200.00
JP,Manish Singh,LADIES ETHNIC,KURTI,KURTI SHORT,PRINT 38_46,FRESH,WAYSIDE,GEETA,ODP CUT,CREAM,200,LADIES ETHNICKURTIKURTI SHORTPRINT 38_46FRESHWAYSIDEGEETAODP CUTCREAM200,S/86 cm,JPLADIES ETHNICKURTIKURTI SHORT,12,1,200.00
JP,Manish Singh,LADIES ETHNIC,KURTI,KURTI SHORT,PRINT 38_46,FRESH,WAYSIDE,GEETA,ODP CUT,GREEN,200,LADIES ETHNICKURTIKURTI SHORTPRINT 38_46FRESHWAYSIDEGEETAODP CUTGREEN200,2XL/1.07 m,JPLADIES ETHNICKURTIKURTI SHORT,12,6,1200.00
JP,Manish Singh,LADIES ETHNIC,KURTI,KURTI SHORT,PRINT 38_46,FRESH,WAYSIDE,GEETA,ODP CUT,GREEN,200,LADIES ETHNICKURTIKURTI SHORTPRINT 38_46FRESHWAYSIDEGEETAODP CUTGREEN200,3XL/1.12 m,JPLADIES ETHNICKURTIKURTI SHORT,12,4,800.00
JP,Manish Singh,LADIES ETHNIC,KURTI,KURTI SHORT,PRINT 38_46,FRESH,WAYSIDE,GEETA,ODP CUT,GREEN,200,LADIES ETHNICKURTIKURTI SHORTPRINT 38_46FRESHWAYSIDEGEETAODP CUTGREEN200,L/97 cm,JPLADIES ETHNICKURTIKURTI SHORT,12,5,1000.00
JP,Manish Singh,LADIES ETHNIC,KURTI,KURTI SHORT,PRINT 38_46,FRESH,WAYSIDE,GEETA,ODP CUT,GREEN,200,LADIES ETHNICKURTIKURTI SHORTPRINT 38_46FRESHWAYSIDEGEETAODP CUTGREEN200,M/91 cm,JPLADIES ETHNICKURTIKURTI SHORT,12,5,1000.00
JP,Manish Singh,LADIES ETHNIC,KURTI,KURTI SHORT,PRINT 38_46,FRESH,WAYSIDE,GEETA,ODP CUT,GREEN,200,LADIES ETHNICKURTIKURTI SHORTPRINT 38_46FRESHWAYSIDEGEETAODP CUTGREEN200,XL/1.02 m,JPLADIES ETHNICKURTIKURTI SHORT,12,8,1600.00
JP,Manish Singh,LADIES ETHNIC,KURTI,KURTI SHORT,PRINT 38_46,FRESH,WAYSIDE,GEETA,ODP CUT,GREY,200,LADIES ETHNICKURTIKURTI SHORTPRINT 38_46FRESHWAYSIDEGEETAODP CUTGREY200,2XL/1.07 m,JPLADIES ETHNICKURTIKURTI SHORT,12,4,800.00
JP,Manish Singh,LADIES ETHNIC,KURTI,KURTI SHORT,PRINT 38_46,FRESH,WAYSIDE,GEETA,ODP CUT,GREY,200,LADIES ETHNICKURTIKURTI SHORTPRINT 38_46FRESHWAYSIDEGEETAODP CUTGREY200,3XL/1.12 m,JPLADIES ETHNICKURTIKURTI SHORT,12,5,1000.00
JP,Manish Singh,LADIES ETHNIC,KURTI,KURTI SHORT,PRINT 38_46,FRESH,WAYSIDE,GEETA,ODP CUT,GREY,200,LADIES ETHNICKURTIKURTI SHORTPRINT 38_46FRESHWAYSIDEGEETAODP CUTGREY200,L/97 cm,JPLADIES ETHNICKURTIKURTI SHORT,12,4,800.00
JP,Manish Singh,LADIES ETHNIC,KURTI,KURTI SHORT,PRINT 38_46,FRESH,WAYSIDE,GEETA,ODP CUT,GREY,200,LADIES ETHNICKURTIKURTI SHORTPRINT 38_46FRESHWAYSIDEGEETAODP CUTGREY200,M/91 cm,JPLADIES ETHNICKURTIKURTI SHORT,12,5,1000.00
JP,Manish Singh,LADIES ETHNIC,KURTI,KURTI SHORT,PRINT 38_46,FRESH,WAYSIDE,GEETA,ODP CUT,GREY,200,LADIES ETHNICKURTIKURTI SHORTPRINT 38_46FRESHWAYSIDEGEETAODP CUTGREY200,S/86 cm,JPLADIES ETHNICKURTIKURTI SHORT,12,2,400.00
JP,Manish Singh,LADIES ETHNIC,KURTI,KURTI SHORT,PRINT 38_46,FRESH,WAYSIDE,GEETA,ODP CUT,GREY,200,LADIES ETHNICKURTIKURTI SHORTPRINT 38_46FRESHWAYSIDEGEETAODP CUTGREY200,XL/1.02 m,JPLADIES ETHNICKURTIKURTI SHORT,12,4,800.00
JP,Manish Singh,LADIES ETHNIC,KURTI,KURTI SHORT,PRINT 38_46,FRESH,WAYSIDE,GEETA,ODP CUT,LAVENDER,200,LADIES ETHNICKURTIKURTI SHORTPRINT 38_46FRESHWAYSIDEGEETAODP CUTLAVENDER200,XL/1.02 m,JPLADIES ETHNICKURTIKURTI SHORT,12,1,200.00
JP,Manish Singh,LADIES ETHNIC,KURTI,KURTI SHORT,PRINT 38_46,FRESH,WAYSIDE,GEETA,ODP CUT,MUSTARD,200,LADIES ETHNICKURTIKURTI SHORTPRINT 38_46FRESHWAYSIDEGEETAODP CUTMUSTARD200,2XL/1.07 m,JPLADIES ETHNICKURTIKURTI SHORT,12,5,1000.00
JP,Manish Singh,LADIES ETHNIC,KURTI,KURTI SHORT,PRINT 38_46,FRESH,WAYSIDE,GEETA,ODP CUT,MUSTARD,200,LADIES ETHNICKURTIKURTI SHORTPRINT 38_46FRESHWAYSIDEGEETAODP CUTMUSTARD200,3XL/1.12 m,JPLADIES ETHNICKURTIKURTI SHORT,12,2,400.00
JP,Manish Singh,LADIES ETHNIC,KURTI,KURTI SHORT,PRINT 38_46,FRESH,WAYSIDE,GEETA,ODP CUT,MUSTARD,200,LADIES ETHNICKURTIKURTI SHORTPRINT 38_46FRESHWAYSIDEGEETAODP CUTMUSTARD200,L/97 cm,JPLADIES ETHNICKURTIKURTI SHORT,12,4,800.00
JP,Manish Singh,LADIES ETHNIC,KURTI,KURTI SHORT,PRINT 38_46,FRESH,WAYSIDE,GEETA,ODP CUT,MUSTARD,200,LADIES ETHNICKURTIKURTI SHORTPRINT 38_46FRESHWAYSIDEGEETAODP CUTMUSTARD200,M/91 cm,JPLADIES ETHNICKURTIKURTI SHORT,12,4,800.00
JP,Manish Singh,LADIES ETHNIC,KURTI,KURTI SHORT,PRINT 38_46,FRESH,WAYSIDE,GEETA,ODP CUT,MUSTARD,200,LADIES ETHNICKURTIKURTI SHORTPRINT 38_46FRESHWAYSIDEGEETAODP CUTMUSTARD200,S/86 cm,JPLADIES ETHNICKURTIKURTI SHORT,12,4,800.00
JP,Manish Singh,LADIES ETHNIC,KURTI,KURTI SHORT,PRINT 38_46,FRESH,WAYSIDE,GEETA,ODP CUT,MUSTARD,200,LADIES ETHNICKURTIKURTI SHORTPRINT 38_46FRESHWAYSIDEGEETAODP CUTMUSTARD200,XL/1.02 m,JPLADIES ETHNICKURTIKURTI SHORT,12,4,800.00
JP,Manish Singh,LADIES ETHNIC,KURTI,KURTI SHORT,PRINT 38_46,FRESH,WAYSIDE,GEETA,ODP CUT,NAVY,200,LADIES ETHNICKURTIKURTI SHORTPRINT 38_46FRESHWAYSIDEGEETAODP CUTNAVY200,2XL/1.07 m,JPLADIES ETHNICKURTIKURTI SHORT,12,5,1000.00
JP,Manish Singh,LADIES ETHNIC,KURTI,KURTI SHORT,PRINT 38_46,FRESH,WAYSIDE,GEETA,ODP CUT,NAVY,200,LADIES ETHNICKURTIKURTI SHORTPRINT 38_46FRESHWAYSIDEGEETAODP CUTNAVY200,3XL/1.12 m,JPLADIES ETHNICKURTIKURTI SHORT,12,1,200.00
JP,Manish Singh,LADIES ETHNIC,KURTI,KURTI SHORT,PRINT 38_46,FRESH,WAYSIDE,GEETA,ODP CUT,NAVY,200,LADIES ETHNICKURTIKURTI SHORTPRINT 38_46FRESHWAYSIDEGEETAODP CUTNAVY200,L/97 cm,JPLADIES ETHNICKURTIKURTI SHORT,12,2,400.00
JP,Manish Singh,LADIES ETHNIC,KURTI,KURTI SHORT,PRINT 38_46,FRESH,WAYSIDE,GEETA,ODP CUT,NAVY,200,LADIES ETHNICKURTIKURTI SHORTPRINT 38_46FRESHWAYSIDEGEETAODP CUTNAVY200,XL/1.02 m,JPLADIES ETHNICKURTIKURTI SHORT,12,2,400.00
JP,Manish Singh,LADIES ETHNIC,KURTI,KURTI SHORT,PRINT 38_46,FRESH,WAYSIDE,GEETA,ODP CUT,PINK,200,LADIES ETHNICKURTIKURTI SHORTPRINT 38_46FRESHWAYSIDEGEETAODP CUTPINK200,2XL/1.07 m,JPLADIES ETHNICKURTIKURTI SHORT,12,9,1800.00
JP,Manish Singh,LADIES ETHNIC,KURTI,KURTI SHORT,PRINT 38_46,FRESH,WAYSIDE,GEETA,ODP CUT,PINK,200,LADIES ETHNICKURTIKURTI SHORTPRINT 38_46FRESHWAYSIDEGEETAODP CUTPINK200,3XL/1.12 m,JPLADIES ETHNICKURTIKURTI SHORT,12,3,600.00
JP,Manish Singh,LADIES ETHNIC,KURTI,KURTI SHORT,PRINT 38_46,FRESH,WAYSIDE,GEETA,ODP CUT,PINK,200,LADIES ETHNICKURTIKURTI SHORTPRINT 38_46FRESHWAYSIDEGEETAODP CUTPINK200,L/97 cm,JPLADIES ETHNICKURTIKURTI SHORT,12,6,1200.00
JP,Manish Singh,LADIES ETHNIC,KURTI,KURTI SHORT,PRINT 38_46,FRESH,WAYSIDE,GEETA,ODP CUT,PINK,200,LADIES ETHNICKURTIKURTI SHORTPRINT 38_46FRESHWAYSIDEGEETAODP CUTPINK200,M/91 cm,JPLADIES ETHNICKURTIKURTI SHORT,12,6,1200.00
JP,Manish Singh,LADIES ETHNIC,KURTI,KURTI SHORT,PRINT 38_46,FRESH,WAYSIDE,GEETA,ODP CUT,PINK,200,LADIES ETHNICKURTIKURTI SHORTPRINT 38_46FRESHWAYSIDEGEETAODP CUTPINK200,S/86 cm,JPLADIES ETHNICKURTIKURTI SHORT,12,2,400.00
JP,Manish Singh,LADIES ETHNIC,KURTI,KURTI SHORT,PRINT 38_46,FRESH,WAYSIDE,GEETA,ODP CUT,PINK,200,LADIES ETHNICKURTIKURTI SHORTPRINT 38_46FRESHWAYSIDEGEETAODP CUTPINK200,XL/1.02 m,JPLADIES ETHNICKURTIKURTI SHORT,12,11,2200.00
JP,Manish Singh,LADIES ETHNIC,KURTI,KURTI SHORT,PRINT 38_46,FRESH,WAYSIDE,GEETA,ODP CUT,PISTA,200,LADIES ETHNICKURTIKURTI SHORTPRINT 38_46FRESHWAYSIDEGEETAODP CUTPISTA200,M/91 cm,JPLADIES ETHNICKURTIKURTI SHORT,12,1,200.00
JP,Manish Singh,LADIES ETHNIC,KURTI,KURTI SHORT,PRINT 38_46,FRESH,WAYSIDE,GEETA,ODP CUT,RANI,200,LADIES ETHNICKURTIKURTI SHORTPRINT 38_46FRESHWAYSIDEGEETAODP CUTRANI200,XL/1.02 m,JPLADIES ETHNICKURTIKURTI SHORT,12,1,200.00
JR,Binay Singh,LADIES ETHNIC,KURTI,KURTI SHORT,PRINT 38_46,FRESH,WAYSIDE,GEETA,ODP CUT,BLACK,200,LADIES ETHNICKURTIKURTI SHORTPRINT 38_46FRESHWAYSIDEGEETAODP CUTBLACK200,S/86 cm,JRLADIES ETHNICKURTIKURTI SHORT,8,1,200.00
JR,Binay Singh,LADIES ETHNIC,KURTI,KURTI SHORT,PRINT 38_46,FRESH,WAYSIDE,GEETA,ODP CUT,BROWN,200,LADIES ETHNICKURTIKURTI SHORTPRINT 38_46FRESHWAYSIDEGEETAODP CUTBROWN200,L/97 cm,JRLADIES ETHNICKURTIKURTI SHORT,8,1,200.00
JR,Binay Singh,LADIES ETHNIC,KURTI,KURTI SHORT,PRINT 38_46,FRESH,WAYSIDE,GEETA,ODP CUT,CORAL,200,LADIES ETHNICKURTIKURTI SHORTPRINT 38_46FRESHWAYSIDEGEETAODP CUTCORAL200,2XL/1.07 m,JRLADIES ETHNICKURTIKURTI SHORT,8,3,600.00
JR,Binay Singh,LADIES ETHNIC,KURTI,KURTI SHORT,PRINT 38_46,FRESH,WAYSIDE,GEETA,ODP CUT,GREEN,200,LADIES ETHNICKURTIKURTI SHORTPRINT 38_46FRESHWAYSIDEGEETAODP CUTGREEN200,2XL/1.07 m,JRLADIES ETHNICKURTIKURTI SHORT,8,10,2000.00
JR,Binay Singh,LADIES ETHNIC,KURTI,KURTI SHORT,PRINT 38_46,FRESH,WAYSIDE,GEETA,ODP CUT,GREEN,200,LADIES ETHNICKURTIKURTI SHORTPRINT 38_46FRESHWAYSIDEGEETAODP CUTGREEN200,L/97 cm,JRLADIES ETHNICKURTIKURTI SHORT,8,5,1000.00
JR,Binay Singh,LADIES ETHNIC,KURTI,KURTI SHORT,PRINT 38_46,FRESH,WAYSIDE,GEETA,ODP CUT,GREEN,200,LADIES ETHNICKURTIKURTI SHORTPRINT 38_46FRESHWAYSIDEGEETAODP CUTGREEN200,XL/1.02 m,JRLADIES ETHNICKURTIKURTI SHORT,8,4,800.00
JR,Binay Singh,LADIES ETHNIC,KURTI,KURTI SHORT,PRINT 38_46,FRESH,WAYSIDE,GEETA,ODP CUT,GREY,200,LADIES ETHNICKURTIKURTI SHORTPRINT 38_46FRESHWAYSIDEGEETAODP CUTGREY200,2XL/1.07 m,JRLADIES ETHNICKURTIKURTI SHORT,8,2,400.00
JR,Binay Singh,LADIES ETHNIC,KURTI,KURTI SHORT,PRINT 38_46,FRESH,WAYSIDE,GEETA,ODP CUT,GREY,200,LADIES ETHNICKURTIKURTI SHORTPRINT 38_46FRESHWAYSIDEGEETAODP CUTGREY200,3XL/1.12 m,JRLADIES ETHNICKURTIKURTI SHORT,8,3,600.00
JR,Binay Singh,LADIES ETHNIC,KURTI,KURTI SHORT,PRINT 38_46,FRESH,WAYSIDE,GEETA,ODP CUT,GREY,200,LADIES ETHNICKURTIKURTI SHORTPRINT 38_46FRESHWAYSIDEGEETAODP CUTGREY200,L/97 cm,JRLADIES ETHNICKURTIKURTI SHORT,8,2,400.00
JR,Binay Singh,LADIES ETHNIC,KURTI,KURTI SHORT,PRINT 38_46,FRESH,WAYSIDE,GEETA,ODP CUT,GREY,200,LADIES ETHNICKURTIKURTI SHORTPRINT 38_46FRESHWAYSIDEGEETAODP CUTGREY200,M/91 cm,JRLADIES ETHNICKURTIKURTI SHORT,8,2,400.00
JR,Binay Singh,LADIES ETHNIC,KURTI,KURTI SHORT,PRINT 38_46,FRESH,WAYSIDE,GEETA,ODP CUT,GREY,200,LADIES ETHNICKURTIKURTI SHORTPRINT 38_46FRESHWAYSIDEGEETAODP CUTGREY200,XL/1.02 m,JRLADIES ETHNICKURTIKURTI SHORT,8,2,400.00
JR,Binay Singh,LADIES ETHNIC,KURTI,KURTI SHORT,PRINT 38_46,FRESH,WAYSIDE,GEETA,ODP CUT,LAVENDER,200,LADIES ETHNICKURTIKURTI SHORTPRINT 38_46FRESHWAYSIDEGEETAODP CUTLAVENDER200,L/97 cm,JRLADIES ETHNICKURTIKURTI SHORT,8,2,400.00
JR,Binay Singh,LADIES ETHNIC,KURTI,KURTI SHORT,PRINT 38_46,FRESH,WAYSIDE,GEETA,ODP CUT,MUSTARD,200,LADIES ETHNICKURTIKURTI SHORTPRINT 38_46FRESHWAYSIDEGEETAODP CUTMUSTARD200,2XL/1.07 m,JRLADIES ETHNICKURTIKURTI SHORT,8,4,800.00
JR,Binay Singh,LADIES ETHNIC,KURTI,KURTI SHORT,PRINT 38_46,FRESH,WAYSIDE,GEETA,ODP CUT,MUSTARD,200,LADIES ETHNICKURTIKURTI SHORTPRINT 38_46FRESHWAYSIDEGEETAODP CUTMUSTARD200,3XL/1.12 m,JRLADIES ETHNICKURTIKURTI SHORT,8,2,400.00
JR,Binay Singh,LADIES ETHNIC,KURTI,KURTI SHORT,PRINT 38_46,FRESH,WAYSIDE,GEETA,ODP CUT,MUSTARD,200,LADIES ETHNICKURTIKURTI SHORTPRINT 38_46FRESHWAYSIDEGEETAODP CUTMUSTARD200,L/97 cm,JRLADIES ETHNICKURTIKURTI SHORT,8,2,400.00
JR,Binay Singh,LADIES ETHNIC,KURTI,KURTI SHORT,PRINT 38_46,FRESH,WAYSIDE,GEETA,ODP CUT,MUSTARD,200,LADIES ETHNICKURTIKURTI SHORTPRINT 38_46FRESHWAYSIDEGEETAODP CUTMUSTARD200,M/91 cm,JRLADIES ETHNICKURTIKURTI SHORT,8,2,400.00
JR,Binay Singh,LADIES ETHNIC,KURTI,KURTI SHORT,PRINT 38_46,FRESH,WAYSIDE,GEETA,ODP CUT,MUSTARD,200,LADIES ETHNICKURTIKURTI SHORTPRINT 38_46FRESHWAYSIDEGEETAODP CUTMUSTARD200,S/86 cm,JRLADIES ETHNICKURTIKURTI SHORT,8,3,600.00
JR,Binay Singh,LADIES ETHNIC,KURTI,KURTI SHORT,PRINT 38_46,FRESH,WAYSIDE,GEETA,ODP CUT,MUSTARD,200,LADIES ETHNICKURTIKURTI SHORTPRINT 38_46FRESHWAYSIDEGEETAODP CUTMUSTARD200,XL/1.02 m,JRLADIES ETHNICKURTIKURTI SHORT,8,2,400.00
JR,Binay Singh,LADIES ETHNIC,KURTI,KURTI SHORT,PRINT 38_46,FRESH,WAYSIDE,GEETA,ODP CUT,NAVY,200,LADIES ETHNICKURTIKURTI SHORTPRINT 38_46FRESHWAYSIDEGEETAODP CUTNAVY200,2XL/1.07 m,JRLADIES ETHNICKURTIKURTI SHORT,8,1,200.00
JR,Binay Singh,LADIES ETHNIC,KURTI,KURTI SHORT,PRINT 38_46,FRESH,WAYSIDE,GEETA,ODP CUT,NAVY,200,LADIES ETHNICKURTIKURTI SHORTPRINT 38_46FRESHWAYSIDEGEETAODP CUTNAVY200,L/97 cm,JRLADIES ETHNICKURTIKURTI SHORT,8,1,200.00
JR,Binay Singh,LADIES ETHNIC,KURTI,KURTI SHORT,PRINT 38_46,FRESH,WAYSIDE,GEETA,ODP CUT,NAVY,200,LADIES ETHNICKURTIKURTI SHORTPRINT 38_46FRESHWAYSIDEGEETAODP CUTNAVY200,M/91 cm,JRLADIES ETHNICKURTIKURTI SHORT,8,2,400.00
JR,Binay Singh,LADIES ETHNIC,KURTI,KURTI SHORT,PRINT 38_46,FRESH,WAYSIDE,GEETA,ODP CUT,NAVY,200,LADIES ETHNICKURTIKURTI SHORTPRINT 38_46FRESHWAYSIDEGEETAODP CUTNAVY200,S/86 cm,JRLADIES ETHNICKURTIKURTI SHORT,8,2,400.00
JR,Binay Singh,LADIES ETHNIC,KURTI,KURTI SHORT,PRINT 38_46,FRESH,WAYSIDE,GEETA,ODP CUT,PINK,200,LADIES ETHNICKURTIKURTI SHORTPRINT 38_46FRESHWAYSIDEGEETAODP CUTPINK200,2XL/1.07 m,JRLADIES ETHNICKURTIKURTI SHORT,8,5,1000.00
JR,Binay Singh,LADIES ETHNIC,KURTI,KURTI SHORT,PRINT 38_46,FRESH,WAYSIDE,GEETA,ODP CUT,PINK,200,LADIES ETHNICKURTIKURTI SHORTPRINT 38_46FRESHWAYSIDEGEETAODP CUTPINK200,3XL/1.12 m,JRLADIES ETHNICKURTIKURTI SHORT,8,2,400.00
JR,Binay Singh,LADIES ETHNIC,KURTI,KURTI SHORT,PRINT 38_46,FRESH,WAYSIDE,GEETA,ODP CUT,PINK,200,LADIES ETHNICKURTIKURTI SHORTPRINT 38_46FRESHWAYSIDEGEETAODP CUTPINK200,L/97 cm,JRLADIES ETHNICKURTIKURTI SHORT,8,4,800.00
JR,Binay Singh,LADIES ETHNIC,KURTI,KURTI SHORT,PRINT 38_46,FRESH,WAYSIDE,GEETA,ODP CUT,PINK,200,LADIES ETHNICKURTIKURTI SHORTPRINT 38_46FRESHWAYSIDEGEETAODP CUTPINK200,M/91 cm,JRLADIES ETHNICKURTIKURTI SHORT,8,2,400.00
JR,Binay Singh,LADIES ETHNIC,KURTI,KURTI SHORT,PRINT 38_46,FRESH,WAYSIDE,GEETA,ODP CUT,PINK,200,LADIES ETHNICKURTIKURTI SHORTPRINT 38_46FRESHWAYSIDEGEETAODP CUTPINK200,S/86 cm,JRLADIES ETHNICKURTIKURTI SHORT,8,5,1000.00
JR,Binay Singh,LADIES ETHNIC,KURTI,KURTI SHORT,PRINT 38_46,FRESH,WAYSIDE,GEETA,ODP CUT,PINK,200,LADIES ETHNICKURTIKURTI SHORTPRINT 38_46FRESHWAYSIDEGEETAODP CUTPINK200,XL/1.02 m,JRLADIES ETHNICKURTIKURTI SHORT,8,4,800.00
JR,Binay Singh,LADIES ETHNIC,KURTI,KURTI SHORT,PRINT 38_46,FRESH,WAYSIDE,GEETA,ODP CUT,PISTA,200,LADIES ETHNICKURTIKURTI SHORTPRINT 38_46FRESHWAYSIDEGEETAODP CUTPISTA200,L/97 cm,JRLADIES ETHNICKURTIKURTI SHORT,8,1,200.00
JR,Binay Singh,LADIES ETHNIC,KURTI,KURTI SHORT,PRINT 38_46,FRESH,WAYSIDE,GEETA,ODP CUT,RAMA,200,LADIES ETHNICKURTIKURTI SHORTPRINT 38_46FRESHWAYSIDEGEETAODP CUTRAMA200,2XL/1.07 m,JRLADIES ETHNICKURTIKURTI SHORT,8,3,600.00
JR,Binay Singh,LADIES ETHNIC,KURTI,KURTI SHORT,PRINT 38_46,FRESH,WAYSIDE,GEETA,ODP CUT,WHITE,200,LADIES ETHNICKURTIKURTI SHORTPRINT 38_46FRESHWAYSIDEGEETAODP CUTWHITE200,L/97 cm,JRLADIES ETHNICKURTIKURTI SHORT,8,1,200.00
JT,Dipendu Biswas,LADIES ETHNIC,KURTI,KURTI SHORT,PRINT 38_46,FRESH,WAYSIDE,GEETA,ODP CUT,GREEN,200,LADIES ETHNICKURTIKURTI SHORTPRINT 38_46FRESHWAYSIDEGEETAODP CUTGREEN200,2XL/1.07 m,JTLADIES ETHNICKURTIKURTI SHORT,13,3,600.00
JT,Dipendu Biswas,LADIES ETHNIC,KURTI,KURTI SHORT,PRINT 38_46,FRESH,WAYSIDE,GEETA,ODP CUT,GREEN,200,LADIES ETHNICKURTIKURTI SHORTPRINT 38_46FRESHWAYSIDEGEETAODP CUTGREEN200,3XL/1.12 m,JTLADIES ETHNICKURTIKURTI SHORT,13,2,400.00
JT,Dipendu Biswas,LADIES ETHNIC,KURTI,KURTI SHORT,PRINT 38_46,FRESH,WAYSIDE,GEETA,ODP CUT,GREEN,200,LADIES ETHNICKURTIKURTI SHORTPRINT 38_46FRESHWAYSIDEGEETAODP CUTGREEN200,L/97 cm,JTLADIES ETHNICKURTIKURTI SHORT,13,4,800.00
JT,Dipendu Biswas,LADIES ETHNIC,KURTI,KURTI SHORT,PRINT 38_46,FRESH,WAYSIDE,GEETA,ODP CUT,GREEN,200,LADIES ETHNICKURTIKURTI SHORTPRINT 38_46FRESHWAYSIDEGEETAODP CUTGREEN200,M/91 cm,JTLADIES ETHNICKURTIKURTI SHORT,13,1,200.00
JT,Dipendu Biswas,LADIES ETHNIC,KURTI,KURTI SHORT,PRINT 38_46,FRESH,WAYSIDE,GEETA,ODP CUT,GREEN,200,LADIES ETHNICKURTIKURTI SHORTPRINT 38_46FRESHWAYSIDEGEETAODP CUTGREEN200,XL/1.02 m,JTLADIES ETHNICKURTIKURTI SHORT,13,3,600.00
JT,Dipendu Biswas,LADIES ETHNIC,KURTI,KURTI SHORT,PRINT 38_46,FRESH,WAYSIDE,GEETA,ODP CUT,GREY,200,LADIES ETHNICKURTIKURTI SHORTPRINT 38_46FRESHWAYSIDEGEETAODP CUTGREY200,2XL/1.07 m,JTLADIES ETHNICKURTIKURTI SHORT,13,2,400.00
JT,Dipendu Biswas,LADIES ETHNIC,KURTI,KURTI SHORT,PRINT 38_46,FRESH,WAYSIDE,GEETA,ODP CUT,GREY,200,LADIES ETHNICKURTIKURTI SHORTPRINT 38_46FRESHWAYSIDEGEETAODP CUTGREY200,3XL/1.12 m,JTLADIES ETHNICKURTIKURTI SHORT,13,3,600.00
JT,Dipendu Biswas,LADIES ETHNIC,KURTI,KURTI SHORT,PRINT 38_46,FRESH,WAYSIDE,GEETA,ODP CUT,GREY,200,LADIES ETHNICKURTIKURTI SHORTPRINT 38_46FRESHWAYSIDEGEETAODP CUTGREY200,L/97 cm,JTLADIES ETHNICKURTIKURTI SHORT,13,3,600.00
JT,Dipendu Biswas,LADIES ETHNIC,KURTI,KURTI SHORT,PRINT 38_46,FRESH,WAYSIDE,GEETA,ODP CUT,GREY,200,LADIES ETHNICKURTIKURTI SHORTPRINT 38_46FRESHWAYSIDEGEETAODP CUTGREY200,M/91 cm,JTLADIES ETHNICKURTIKURTI SHORT,13,1,200.00
JT,Dipendu Biswas,LADIES ETHNIC,KURTI,KURTI SHORT,PRINT 38_46,FRESH,WAYSIDE,GEETA,ODP CUT,GREY,200,LADIES ETHNICKURTIKURTI SHORTPRINT 38_46FRESHWAYSIDEGEETAODP CUTGREY200,S/86 cm,JTLADIES ETHNICKURTIKURTI SHORT,13,2,400.00
JT,Dipendu Biswas,LADIES ETHNIC,KURTI,KURTI SHORT,PRINT 38_46,FRESH,WAYSIDE,GEETA,ODP CUT,GREY,200,LADIES ETHNICKURTIKURTI SHORTPRINT 38_46FRESHWAYSIDEGEETAODP CUTGREY200,XL/1.02 m,JTLADIES ETHNICKURTIKURTI SHORT,13,3,600.00
JT,Dipendu Biswas,LADIES ETHNIC,KURTI,KURTI SHORT,PRINT 38_46,FRESH,WAYSIDE,GEETA,ODP CUT,MUSTARD,200,LADIES ETHNICKURTIKURTI SHORTPRINT 38_46FRESHWAYSIDEGEETAODP CUTMUSTARD200,2XL/1.07 m,JTLADIES ETHNICKURTIKURTI SHORT,13,2,400.00
JT,Dipendu Biswas,LADIES ETHNIC,KURTI,KURTI SHORT,PRINT 38_46,FRESH,WAYSIDE,GEETA,ODP CUT,MUSTARD,200,LADIES ETHNICKURTIKURTI SHORTPRINT 38_46FRESHWAYSIDEGEETAODP CUTMUSTARD200,3XL/1.12 m,JTLADIES ETHNICKURTIKURTI SHORT,13,2,400.00
JT,Dipendu Biswas,LADIES ETHNIC,KURTI,KURTI SHORT,PRINT 38_46,FRESH,WAYSIDE,GEETA,ODP CUT,MUSTARD,200,LADIES ETHNICKURTIKURTI SHORTPRINT 38_46FRESHWAYSIDEGEETAODP CUTMUSTARD200,L/97 cm,JTLADIES ETHNICKURTIKURTI SHORT,13,4,800.00
JT,Dipendu Biswas,LADIES ETHNIC,KURTI,KURTI SHORT,PRINT 38_46,FRESH,WAYSIDE,GEETA,ODP CUT,MUSTARD,200,LADIES ETHNICKURTIKURTI SHORTPRINT 38_46FRESHWAYSIDEGEETAODP CUTMUSTARD200,M/91 cm,JTLADIES ETHNICKURTIKURTI SHORT,13,3,600.00
JT,Dipendu Biswas,LADIES ETHNIC,KURTI,KURTI SHORT,PRINT 38_46,FRESH,WAYSIDE,GEETA,ODP CUT,MUSTARD,200,LADIES ETHNICKURTIKURTI SHORTPRINT 38_46FRESHWAYSIDEGEETAODP CUTMUSTARD200,S/86 cm,JTLADIES ETHNICKURTIKURTI SHORT,13,2,400.00
JT,Dipendu Biswas,LADIES ETHNIC,KURTI,KURTI SHORT,PRINT 38_46,FRESH,WAYSIDE,GEETA,ODP CUT,MUSTARD,200,LADIES ETHNICKURTIKURTI SHORTPRINT 38_46FRESHWAYSIDEGEETAODP CUTMUSTARD200,XL/1.02 m,JTLADIES ETHNICKURTIKURTI SHORT,13,2,400.00
JT,Dipendu Biswas,LADIES ETHNIC,KURTI,KURTI SHORT,PRINT 38_46,FRESH,WAYSIDE,GEETA,ODP CUT,NAVY,200,LADIES ETHNICKURTIKURTI SHORTPRINT 38_46FRESHWAYSIDEGEETAODP CUTNAVY200,2XL/1.07 m,JTLADIES ETHNICKURTIKURTI SHORT,13,3,600.00
JT,Dipendu Biswas,LADIES ETHNIC,KURTI,KURTI SHORT,PRINT 38_46,FRESH,WAYSIDE,GEETA,ODP CUT,NAVY,200,LADIES ETHNICKURTIKURTI SHORTPRINT 38_46FRESHWAYSIDEGEETAODP CUTNAVY200,3XL/1.12 m,JTLADIES ETHNICKURTIKURTI SHORT,13,1,200.00
JT,Dipendu Biswas,LADIES ETHNIC,KURTI,KURTI SHORT,PRINT 38_46,FRESH,WAYSIDE,GEETA,ODP CUT,PINK,200,LADIES ETHNICKURTIKURTI SHORTPRINT 38_46FRESHWAYSIDEGEETAODP CUTPINK200,2XL/1.07 m,JTLADIES ETHNICKURTIKURTI SHORT,13,3,600.00
JT,Dipendu Biswas,LADIES ETHNIC,KURTI,KURTI SHORT,PRINT 38_46,FRESH,WAYSIDE,GEETA,ODP CUT,PINK,200,LADIES ETHNICKURTIKURTI SHORTPRINT 38_46FRESHWAYSIDEGEETAODP CUTPINK200,3XL/1.12 m,JTLADIES ETHNICKURTIKURTI SHORT,13,2,400.00
JT,Dipendu Biswas,LADIES ETHNIC,KURTI,KURTI SHORT,PRINT 38_46,FRESH,WAYSIDE,GEETA,ODP CUT,PINK,200,LADIES ETHNICKURTIKURTI SHORTPRINT 38_46FRESHWAYSIDEGEETAODP CUTPINK200,L/97 cm,JTLADIES ETHNICKURTIKURTI SHORT,13,4,800.00
JT,Dipendu Biswas,LADIES ETHNIC,KURTI,KURTI SHORT,PRINT 38_46,FRESH,WAYSIDE,GEETA,ODP CUT,PINK,200,LADIES ETHNICKURTIKURTI SHORTPRINT 38_46FRESHWAYSIDEGEETAODP CUTPINK200,M/91 cm,JTLADIES ETHNICKURTIKURTI SHORT,13,4,800.00
JT,Dipendu Biswas,LADIES ETHNIC,KURTI,KURTI SHORT,PRINT 38_46,FRESH,WAYSIDE,GEETA,ODP CUT,PINK,200,LADIES ETHNICKURTIKURTI SHORTPRINT 38_46FRESHWAYSIDEGEETAODP CUTPINK200,S/86 cm,JTLADIES ETHNICKURTIKURTI SHORT,13,2,400.00
JT,Dipendu Biswas,LADIES ETHNIC,KURTI,KURTI SHORT,PRINT 38_46,FRESH,WAYSIDE,GEETA,ODP CUT,PINK,200,LADIES ETHNICKURTIKURTI SHORTPRINT 38_46FRESHWAYSIDEGEETAODP CUTPINK200,XL/1.02 m,JTLADIES ETHNICKURTIKURTI SHORT,13,2,400.00
JT,Dipendu Biswas,LADIES ETHNIC,KURTI,KURTI SHORT,PRINT 38_46,FRESH,WAYSIDE,GEETA,ODP CUT,RED,200,LADIES ETHNICKURTIKURTI SHORTPRINT 38_46FRESHWAYSIDEGEETAODP CUTRED200,2XL/1.07 m,JTLADIES ETHNICKURTIKURTI SHORT,13,2,400.00
JT,Dipendu Biswas,LADIES ETHNIC,KURTI,KURTI SHORT,PRINT 38_46,FRESH,WAYSIDE,GEETA,ODP CUT,RED,200,LADIES ETHNICKURTIKURTI SHORTPRINT 38_46FRESHWAYSIDEGEETAODP CUTRED200,L/97 cm,JTLADIES ETHNICKURTIKURTI SHORT,13,1,200.00
JT,Dipendu Biswas,LADIES ETHNIC,KURTI,KURTI SHORT,PRINT 38_46,FRESH,WAYSIDE,GEETA,ODP CUT,RED,200,LADIES ETHNICKURTIKURTI SHORTPRINT 38_46FRESHWAYSIDEGEETAODP CUTRED200,XL/1.02 m,JTLADIES ETHNICKURTIKURTI SHORT,13,1,200.00
KP,Dipendu Biswas,LADIES ETHNIC,KURTI,KURTI SHORT,PRINT 38_46,FRESH,WAYSIDE,GEETA,ODP CUT,BROWN,200,LADIES ETHNICKURTIKURTI SHORTPRINT 38_46FRESHWAYSIDEGEETAODP CUTBROWN200,3XL/1.12 m,KPLADIES ETHNICKURTIKURTI SHORT,3,1,200.00
KP,Dipendu Biswas,LADIES ETHNIC,KURTI,KURTI SHORT,PRINT 38_46,FRESH,WAYSIDE,GEETA,ODP CUT,BROWN,200,LADIES ETHNICKURTIKURTI SHORTPRINT 38_46FRESHWAYSIDEGEETAODP CUTBROWN200,L/97 cm,KPLADIES ETHNICKURTIKURTI SHORT,3,1,200.00
KP,Dipendu Biswas,LADIES ETHNIC,KURTI,KURTI SHORT,PRINT 38_46,FRESH,WAYSIDE,GEETA,ODP CUT,BROWN,200,LADIES ETHNICKURTIKURTI SHORTPRINT 38_46FRESHWAYSIDEGEETAODP CUTBROWN200,M/91 cm,KPLADIES ETHNICKURTIKURTI SHORT,3,2,400.00
KP,Dipendu Biswas,LADIES ETHNIC,KURTI,KURTI SHORT,PRINT 38_46,FRESH,WAYSIDE,GEETA,ODP CUT,BROWN,200,LADIES ETHNICKURTIKURTI SHORTPRINT 38_46FRESHWAYSIDEGEETAODP CUTBROWN200,XL/1.02 m,KPLADIES ETHNICKURTIKURTI SHORT,3,3,600.00
KP,Dipendu Biswas,LADIES ETHNIC,KURTI,KURTI SHORT,PRINT 38_46,FRESH,WAYSIDE,GEETA,ODP CUT,GREEN,200,LADIES ETHNICKURTIKURTI SHORTPRINT 38_46FRESHWAYSIDEGEETAODP CUTGREEN200,2XL/1.07 m,KPLADIES ETHNICKURTIKURTI SHORT,3,6,1200.00
KP,Dipendu Biswas,LADIES ETHNIC,KURTI,KURTI SHORT,PRINT 38_46,FRESH,WAYSIDE,GEETA,ODP CUT,GREEN,200,LADIES ETHNICKURTIKURTI SHORTPRINT 38_46FRESHWAYSIDEGEETAODP CUTGREEN200,3XL/1.12 m,KPLADIES ETHNICKURTIKURTI SHORT,3,4,800.00
KP,Dipendu Biswas,LADIES ETHNIC,KURTI,KURTI SHORT,PRINT 38_46,FRESH,WAYSIDE,GEETA,ODP CUT,GREEN,200,LADIES ETHNICKURTIKURTI SHORTPRINT 38_46FRESHWAYSIDEGEETAODP CUTGREEN200,L/97 cm,KPLADIES ETHNICKURTIKURTI SHORT,3,6,1200.00
KP,Dipendu Biswas,LADIES ETHNIC,KURTI,KURTI SHORT,PRINT 38_46,FRESH,WAYSIDE,GEETA,ODP CUT,GREEN,200,LADIES ETHNICKURTIKURTI SHORTPRINT 38_46FRESHWAYSIDEGEETAODP CUTGREEN200,M/91 cm,KPLADIES ETHNICKURTIKURTI SHORT,3,5,1000.00
KP,Dipendu Biswas,LADIES ETHNIC,KURTI,KURTI SHORT,PRINT 38_46,FRESH,WAYSIDE,GEETA,ODP CUT,GREEN,200,LADIES ETHNICKURTIKURTI SHORTPRINT 38_46FRESHWAYSIDEGEETAODP CUTGREEN200,XL/1.02 m,KPLADIES ETHNICKURTIKURTI SHORT,3,7,1400.00
KP,Dipendu Biswas,LADIES ETHNIC,KURTI,KURTI SHORT,PRINT 38_46,FRESH,WAYSIDE,GEETA,ODP CUT,GREY,200,LADIES ETHNICKURTIKURTI SHORTPRINT 38_46FRESHWAYSIDEGEETAODP CUTGREY200,2XL/1.07 m,KPLADIES ETHNICKURTIKURTI SHORT,3,4,800.00
KP,Dipendu Biswas,LADIES ETHNIC,KURTI,KURTI SHORT,PRINT 38_46,FRESH,WAYSIDE,GEETA,ODP CUT,GREY,200,LADIES ETHNICKURTIKURTI SHORTPRINT 38_46FRESHWAYSIDEGEETAODP CUTGREY200,L/97 cm,KPLADIES ETHNICKURTIKURTI SHORT,3,4,800.00
KP,Dipendu Biswas,LADIES ETHNIC,KURTI,KURTI SHORT,PRINT 38_46,FRESH,WAYSIDE,GEETA,ODP CUT,GREY,200,LADIES ETHNICKURTIKURTI SHORTPRINT 38_46FRESHWAYSIDEGEETAODP CUTGREY200,M/91 cm,KPLADIES ETHNICKURTIKURTI SHORT,3,2,400.00
KP,Dipendu Biswas,LADIES ETHNIC,KURTI,KURTI SHORT,PRINT 38_46,FRESH,WAYSIDE,GEETA,ODP CUT,GREY,200,LADIES ETHNICKURTIKURTI SHORTPRINT 38_46FRESHWAYSIDEGEETAODP CUTGREY200,XL/1.02 m,KPLADIES ETHNICKURTIKURTI SHORT,3,4,800.00
KP,Dipendu Biswas,LADIES ETHNIC,KURTI,KURTI SHORT,PRINT 38_46,FRESH,WAYSIDE,GEETA,ODP CUT,LAVENDER,200,LADIES ETHNICKURTIKURTI SHORTPRINT 38_46FRESHWAYSIDEGEETAODP CUTLAVENDER200,2XL/1.07 m,KPLADIES ETHNICKURTIKURTI SHORT,3,4,800.00
KP,Dipendu Biswas,LADIES ETHNIC,KURTI,KURTI SHORT,PRINT 38_46,FRESH,WAYSIDE,GEETA,ODP CUT,LAVENDER,200,LADIES ETHNICKURTIKURTI SHORTPRINT 38_46FRESHWAYSIDEGEETAODP CUTLAVENDER200,3XL/1.12 m,KPLADIES ETHNICKURTIKURTI SHORT,3,3,600.00
KP,Dipendu Biswas,LADIES ETHNIC,KURTI,KURTI SHORT,PRINT 38_46,FRESH,WAYSIDE,GEETA,ODP CUT,LAVENDER,200,LADIES ETHNICKURTIKURTI SHORTPRINT 38_46FRESHWAYSIDEGEETAODP CUTLAVENDER200,L/97 cm,KPLADIES ETHNICKURTIKURTI SHORT,3,1,200.00
KP,Dipendu Biswas,LADIES ETHNIC,KURTI,KURTI SHORT,PRINT 38_46,FRESH,WAYSIDE,GEETA,ODP CUT,LAVENDER,200,LADIES ETHNICKURTIKURTI SHORTPRINT 38_46FRESHWAYSIDEGEETAODP CUTLAVENDER200,XL/1.02 m,KPLADIES ETHNICKURTIKURTI SHORT,3,3,600.00
KP,Dipendu Biswas,LADIES ETHNIC,KURTI,KURTI SHORT,PRINT 38_46,FRESH,WAYSIDE,GEETA,ODP CUT,MUSTARD,200,LADIES ETHNICKURTIKURTI SHORTPRINT 38_46FRESHWAYSIDEGEETAODP CUTMUSTARD200,2XL/1.07 m,KPLADIES ETHNICKURTIKURTI SHORT,3,2,400.00
KP,Dipendu Biswas,LADIES ETHNIC,KURTI,KURTI SHORT,PRINT 38_46,FRESH,WAYSIDE,GEETA,ODP CUT,MUSTARD,200,LADIES ETHNICKURTIKURTI SHORTPRINT 38_46FRESHWAYSIDEGEETAODP CUTMUSTARD200,3XL/1.12 m,KPLADIES ETHNICKURTIKURTI SHORT,3,2,400.00
KP,Dipendu Biswas,LADIES ETHNIC,KURTI,KURTI SHORT,PRINT 38_46,FRESH,WAYSIDE,GEETA,ODP CUT,MUSTARD,200,LADIES ETHNICKURTIKURTI SHORTPRINT 38_46FRESHWAYSIDEGEETAODP CUTMUSTARD200,L/97 cm,KPLADIES ETHNICKURTIKURTI SHORT,3,4,800.00
KP,Dipendu Biswas,LADIES ETHNIC,KURTI,KURTI SHORT,PRINT 38_46,FRESH,WAYSIDE,GEETA,ODP CUT,MUSTARD,200,LADIES ETHNICKURTIKURTI SHORTPRINT 38_46FRESHWAYSIDEGEETAODP CUTMUSTARD200,M/91 cm,KPLADIES ETHNICKURTIKURTI SHORT,3,4,800.00
KP,Dipendu Biswas,LADIES ETHNIC,KURTI,KURTI SHORT,PRINT 38_46,FRESH,WAYSIDE,GEETA,ODP CUT,MUSTARD,200,LADIES ETHNICKURTIKURTI SHORTPRINT 38_46FRESHWAYSIDEGEETAODP CUTMUSTARD200,XL/1.02 m,KPLADIES ETHNICKURTIKURTI SHORT,3,4,800.00
KP,Dipendu Biswas,LADIES ETHNIC,KURTI,KURTI SHORT,PRINT 38_46,FRESH,WAYSIDE,GEETA,ODP CUT,NAVY,200,LADIES ETHNICKURTIKURTI SHORTPRINT 38_46FRESHWAYSIDEGEETAODP CUTNAVY200,2XL/1.07 m,KPLADIES ETHNICKURTIKURTI SHORT,3,4,800.00
KP,Dipendu Biswas,LADIES ETHNIC,KURTI,KURTI SHORT,PRINT 38_46,FRESH,WAYSIDE,GEETA,ODP CUT,NAVY,200,LADIES ETHNICKURTIKURTI SHORTPRINT 38_46FRESHWAYSIDEGEETAODP CUTNAVY200,L/97 cm,KPLADIES ETHNICKURTIKURTI SHORT,3,4,800.00
KP,Dipendu Biswas,LADIES ETHNIC,KURTI,KURTI SHORT,PRINT 38_46,FRESH,WAYSIDE,GEETA,ODP CUT,NAVY,200,LADIES ETHNICKURTIKURTI SHORTPRINT 38_46FRESHWAYSIDEGEETAODP CUTNAVY200,M/91 cm,KPLADIES ETHNICKURTIKURTI SHORT,3,3,600.00
KP,Dipendu Biswas,LADIES ETHNIC,KURTI,KURTI SHORT,PRINT 38_46,FRESH,WAYSIDE,GEETA,ODP CUT,NAVY,200,LADIES ETHNICKURTIKURTI SHORTPRINT 38_46FRESHWAYSIDEGEETAODP CUTNAVY200,XL/1.02 m,KPLADIES ETHNICKURTIKURTI SHORT,3,4,800.00
KP,Dipendu Biswas,LADIES ETHNIC,KURTI,KURTI SHORT,PRINT 38_46,FRESH,WAYSIDE,GEETA,ODP CUT,PINK,200,LADIES ETHNICKURTIKURTI SHORTPRINT 38_46FRESHWAYSIDEGEETAODP CUTPINK200,2XL/1.07 m,KPLADIES ETHNICKURTIKURTI SHORT,3,4,800.00
KP,Dipendu Biswas,LADIES ETHNIC,KURTI,KURTI SHORT,PRINT 38_46,FRESH,WAYSIDE,GEETA,ODP CUT,PINK,200,LADIES ETHNICKURTIKURTI SHORTPRINT 38_46FRESHWAYSIDEGEETAODP CUTPINK200,3XL/1.12 m,KPLADIES ETHNICKURTIKURTI SHORT,3,8,1600.00
KP,Dipendu Biswas,LADIES ETHNIC,KURTI,KURTI SHORT,PRINT 38_46,FRESH,WAYSIDE,GEETA,ODP CUT,PINK,200,LADIES ETHNICKURTIKURTI SHORTPRINT 38_46FRESHWAYSIDEGEETAODP CUTPINK200,L/97 cm,KPLADIES ETHNICKURTIKURTI SHORT,3,7,1400.00
KP,Dipendu Biswas,LADIES ETHNIC,KURTI,KURTI SHORT,PRINT 38_46,FRESH,WAYSIDE,GEETA,ODP CUT,PINK,200,LADIES ETHNICKURTIKURTI SHORTPRINT 38_46FRESHWAYSIDEGEETAODP CUTPINK200,M/91 cm,KPLADIES ETHNICKURTIKURTI SHORT,3,5,1000.00
KP,Dipendu Biswas,LADIES ETHNIC,KURTI,KURTI SHORT,PRINT 38_46,FRESH,WAYSIDE,GEETA,ODP CUT,PINK,200,LADIES ETHNICKURTIKURTI SHORTPRINT 38_46FRESHWAYSIDEGEETAODP CUTPINK200,S/86 cm,KPLADIES ETHNICKURTIKURTI SHORT,3,2,400.00
KP,Dipendu Biswas,LADIES ETHNIC,KURTI,KURTI SHORT,PRINT 38_46,FRESH,WAYSIDE,GEETA,ODP CUT,PINK,200,LADIES ETHNICKURTIKURTI SHORTPRINT 38_46FRESHWAYSIDEGEETAODP CUTPINK200,XL/1.02 m,KPLADIES ETHNICKURTIKURTI SHORT,3,8,1600.00
KP,Dipendu Biswas,LADIES ETHNIC,KURTI,KURTI SHORT,PRINT 38_46,FRESH,WAYSIDE,GEETA,ODP CUT,RAMA,200,LADIES ETHNICKURTIKURTI SHORTPRINT 38_46FRESHWAYSIDEGEETAODP CUTRAMA200,3XL/1.12 m,KPLADIES ETHNICKURTIKURTI SHORT,3,2,400.00
KP,Dipendu Biswas,LADIES ETHNIC,KURTI,KURTI SHORT,PRINT 38_46,FRESH,WAYSIDE,GEETA,ODP CUT,RAMA,200,LADIES ETHNICKURTIKURTI SHORTPRINT 38_46FRESHWAYSIDEGEETAODP CUTRAMA200,L/97 cm,KPLADIES ETHNICKURTIKURTI SHORT,3,1,200.00
KR,Utpal Ray,LADIES ETHNIC,KURTI,KURTI SHORT,PRINT 38_46,FRESH,WAYSIDE,GEETA,ODP CUT,BLACK,200,LADIES ETHNICKURTIKURTI SHORTPRINT 38_46FRESHWAYSIDEGEETAODP CUTBLACK200,2XL/1.07 m,KRLADIES ETHNICKURTIKURTI SHORT,8,1,200.00
KR,Utpal Ray,LADIES ETHNIC,KURTI,KURTI SHORT,PRINT 38_46,FRESH,WAYSIDE,GEETA,ODP CUT,BROWN,200,LADIES ETHNICKURTIKURTI SHORTPRINT 38_46FRESHWAYSIDEGEETAODP CUTBROWN200,2XL/1.07 m,KRLADIES ETHNICKURTIKURTI SHORT,8,2,400.00
KR,Utpal Ray,LADIES ETHNIC,KURTI,KURTI SHORT,PRINT 38_46,FRESH,WAYSIDE,GEETA,ODP CUT,BROWN,200,LADIES ETHNICKURTIKURTI SHORTPRINT 38_46FRESHWAYSIDEGEETAODP CUTBROWN200,3XL/1.12 m,KRLADIES ETHNICKURTIKURTI SHORT,8,3,600.00
KR,Utpal Ray,LADIES ETHNIC,KURTI,KURTI SHORT,PRINT 38_46,FRESH,WAYSIDE,GEETA,ODP CUT,CORAL,200,LADIES ETHNICKURTIKURTI SHORTPRINT 38_46FRESHWAYSIDEGEETAODP CUTCORAL200,XL/1.02 m,KRLADIES ETHNICKURTIKURTI SHORT,8,1,200.00
KR,Utpal Ray,LADIES ETHNIC,KURTI,KURTI SHORT,PRINT 38_46,FRESH,WAYSIDE,GEETA,ODP CUT,CREAM,200,LADIES ETHNICKURTIKURTI SHORTPRINT 38_46FRESHWAYSIDEGEETAODP CUTCREAM200,S/86 cm,KRLADIES ETHNICKURTIKURTI SHORT,8,1,200.00
KR,Utpal Ray,LADIES ETHNIC,KURTI,KURTI SHORT,PRINT 38_46,FRESH,WAYSIDE,GEETA,ODP CUT,GREEN,200,LADIES ETHNICKURTIKURTI SHORTPRINT 38_46FRESHWAYSIDEGEETAODP CUTGREEN200,2XL/1.07 m,KRLADIES ETHNICKURTIKURTI SHORT,8,6,1200.00
KR,Utpal Ray,LADIES ETHNIC,KURTI,KURTI SHORT,PRINT 38_46,FRESH,WAYSIDE,GEETA,ODP CUT,GREEN,200,LADIES ETHNICKURTIKURTI SHORTPRINT 38_46FRESHWAYSIDEGEETAODP CUTGREEN200,3XL/1.12 m,KRLADIES ETHNICKURTIKURTI SHORT,8,6,1200.00
KR,Utpal Ray,LADIES ETHNIC,KURTI,KURTI SHORT,PRINT 38_46,FRESH,WAYSIDE,GEETA,ODP CUT,GREEN,200,LADIES ETHNICKURTIKURTI SHORTPRINT 38_46FRESHWAYSIDEGEETAODP CUTGREEN200,L/97 cm,KRLADIES ETHNICKURTIKURTI SHORT,8,4,800.00
KR,Utpal Ray,LADIES ETHNIC,KURTI,KURTI SHORT,PRINT 38_46,FRESH,WAYSIDE,GEETA,ODP CUT,GREEN,200,LADIES ETHNICKURTIKURTI SHORTPRINT 38_46FRESHWAYSIDEGEETAODP CUTGREEN200,M/91 cm,KRLADIES ETHNICKURTIKURTI SHORT,8,3,600.00
KR,Utpal Ray,LADIES ETHNIC,KURTI,KURTI SHORT,PRINT 38_46,FRESH,WAYSIDE,GEETA,ODP CUT,GREEN,200,LADIES ETHNICKURTIKURTI SHORTPRINT 38_46FRESHWAYSIDEGEETAODP CUTGREEN200,S/86 cm,KRLADIES ETHNICKURTIKURTI SHORT,8,2,400.00
KR,Utpal Ray,LADIES ETHNIC,KURTI,KURTI SHORT,PRINT 38_46,FRESH,WAYSIDE,GEETA,ODP CUT,GREEN,200,LADIES ETHNICKURTIKURTI SHORTPRINT 38_46FRESHWAYSIDEGEETAODP CUTGREEN200,XL/1.02 m,KRLADIES ETHNICKURTIKURTI SHORT,8,6,1200.00
KR,Utpal Ray,LADIES ETHNIC,KURTI,KURTI SHORT,PRINT 38_46,FRESH,WAYSIDE,GEETA,ODP CUT,GREY,200,LADIES ETHNICKURTIKURTI SHORTPRINT 38_46FRESHWAYSIDEGEETAODP CUTGREY200,2XL/1.07 m,KRLADIES ETHNICKURTIKURTI SHORT,8,4,800.00
KR,Utpal Ray,LADIES ETHNIC,KURTI,KURTI SHORT,PRINT 38_46,FRESH,WAYSIDE,GEETA,ODP CUT,GREY,200,LADIES ETHNICKURTIKURTI SHORTPRINT 38_46FRESHWAYSIDEGEETAODP CUTGREY200,3XL/1.12 m,KRLADIES ETHNICKURTIKURTI SHORT,8,2,400.00
KR,Utpal Ray,LADIES ETHNIC,KURTI,KURTI SHORT,PRINT 38_46,FRESH,WAYSIDE,GEETA,ODP CUT,GREY,200,LADIES ETHNICKURTIKURTI SHORTPRINT 38_46FRESHWAYSIDEGEETAODP CUTGREY200,L/97 cm,KRLADIES ETHNICKURTIKURTI SHORT,8,3,600.00
KR,Utpal Ray,LADIES ETHNIC,KURTI,KURTI SHORT,PRINT 38_46,FRESH,WAYSIDE,GEETA,ODP CUT,GREY,200,LADIES ETHNICKURTIKURTI SHORTPRINT 38_46FRESHWAYSIDEGEETAODP CUTGREY200,M/91 cm,KRLADIES ETHNICKURTIKURTI SHORT,8,2,400.00
KR,Utpal Ray,LADIES ETHNIC,KURTI,KURTI SHORT,PRINT 38_46,FRESH,WAYSIDE,GEETA,ODP CUT,GREY,200,LADIES ETHNICKURTIKURTI SHORTPRINT 38_46FRESHWAYSIDEGEETAODP CUTGREY200,S/86 cm,KRLADIES ETHNICKURTIKURTI SHORT,8,2,400.00
KR,Utpal Ray,LADIES ETHNIC,KURTI,KURTI SHORT,PRINT 38_46,FRESH,WAYSIDE,GEETA,ODP CUT,GREY,200,LADIES ETHNICKURTIKURTI SHORTPRINT 38_46FRESHWAYSIDEGEETAODP CUTGREY200,XL/1.02 m,KRLADIES ETHNICKURTIKURTI SHORT,8,2,400.00
KR,Utpal Ray,LADIES ETHNIC,KURTI,KURTI SHORT,PRINT 38_46,FRESH,WAYSIDE,GEETA,ODP CUT,LAVENDER,200,LADIES ETHNICKURTIKURTI SHORTPRINT 38_46FRESHWAYSIDEGEETAODP CUTLAVENDER200,2XL/1.07 m,KRLADIES ETHNICKURTIKURTI SHORT,8,6,1200.00
KR,Utpal Ray,LADIES ETHNIC,KURTI,KURTI SHORT,PRINT 38_46,FRESH,WAYSIDE,GEETA,ODP CUT,LAVENDER,200,LADIES ETHNICKURTIKURTI SHORTPRINT 38_46FRESHWAYSIDEGEETAODP CUTLAVENDER200,3XL/1.12 m,KRLADIES ETHNICKURTIKURTI SHORT,8,2,400.00
KR,Utpal Ray,LADIES ETHNIC,KURTI,KURTI SHORT,PRINT 38_46,FRESH,WAYSIDE,GEETA,ODP CUT,LAVENDER,200,LADIES ETHNICKURTIKURTI SHORTPRINT 38_46FRESHWAYSIDEGEETAODP CUTLAVENDER200,XL/1.02 m,KRLADIES ETHNICKURTIKURTI SHORT,8,2,400.00
KR,Utpal Ray,LADIES ETHNIC,KURTI,KURTI SHORT,PRINT 38_46,FRESH,WAYSIDE,GEETA,ODP CUT,MUSTARD,200,LADIES ETHNICKURTIKURTI SHORTPRINT 38_46FRESHWAYSIDEGEETAODP CUTMUSTARD200,2XL/1.07 m,KRLADIES ETHNICKURTIKURTI SHORT,8,4,800.00
KR,Utpal Ray,LADIES ETHNIC,KURTI,KURTI SHORT,PRINT 38_46,FRESH,WAYSIDE,GEETA,ODP CUT,MUSTARD,200,LADIES ETHNICKURTIKURTI SHORTPRINT 38_46FRESHWAYSIDEGEETAODP CUTMUSTARD200,3XL/1.12 m,KRLADIES ETHNICKURTIKURTI SHORT,8,2,400.00
KR,Utpal Ray,LADIES ETHNIC,KURTI,KURTI SHORT,PRINT 38_46,FRESH,WAYSIDE,GEETA,ODP CUT,MUSTARD,200,LADIES ETHNICKURTIKURTI SHORTPRINT 38_46FRESHWAYSIDEGEETAODP CUTMUSTARD200,L/97 cm,KRLADIES ETHNICKURTIKURTI SHORT,8,5,1000.00
KR,Utpal Ray,LADIES ETHNIC,KURTI,KURTI SHORT,PRINT 38_46,FRESH,WAYSIDE,GEETA,ODP CUT,MUSTARD,200,LADIES ETHNICKURTIKURTI SHORTPRINT 38_46FRESHWAYSIDEGEETAODP CUTMUSTARD200,M/91 cm,KRLADIES ETHNICKURTIKURTI SHORT,8,3,600.00
KR,Utpal Ray,LADIES ETHNIC,KURTI,KURTI SHORT,PRINT 38_46,FRESH,WAYSIDE,GEETA,ODP CUT,MUSTARD,200,LADIES ETHNICKURTIKURTI SHORTPRINT 38_46FRESHWAYSIDEGEETAODP CUTMUSTARD200,XL/1.02 m,KRLADIES ETHNICKURTIKURTI SHORT,8,2,400.00
KR,Utpal Ray,LADIES ETHNIC,KURTI,KURTI SHORT,PRINT 38_46,FRESH,WAYSIDE,GEETA,ODP CUT,NAVY,200,LADIES ETHNICKURTIKURTI SHORTPRINT 38_46FRESHWAYSIDEGEETAODP CUTNAVY200,2XL/1.07 m,KRLADIES ETHNICKURTIKURTI SHORT,8,3,600.00
KR,Utpal Ray,LADIES ETHNIC,KURTI,KURTI SHORT,PRINT 38_46,FRESH,WAYSIDE,GEETA,ODP CUT,NAVY,200,LADIES ETHNICKURTIKURTI SHORTPRINT 38_46FRESHWAYSIDEGEETAODP CUTNAVY200,3XL/1.12 m,KRLADIES ETHNICKURTIKURTI SHORT,8,3,600.00
KR,Utpal Ray,LADIES ETHNIC,KURTI,KURTI SHORT,PRINT 38_46,FRESH,WAYSIDE,GEETA,ODP CUT,NAVY,200,LADIES ETHNICKURTIKURTI SHORTPRINT 38_46FRESHWAYSIDEGEETAODP CUTNAVY200,L/97 cm,KRLADIES ETHNICKURTIKURTI SHORT,8,5,1000.00
KR,Utpal Ray,LADIES ETHNIC,KURTI,KURTI SHORT,PRINT 38_46,FRESH,WAYSIDE,GEETA,ODP CUT,NAVY,200,LADIES ETHNICKURTIKURTI SHORTPRINT 38_46FRESHWAYSIDEGEETAODP CUTNAVY200,M/91 cm,KRLADIES ETHNICKURTIKURTI SHORT,8,3,600.00
KR,Utpal Ray,LADIES ETHNIC,KURTI,KURTI SHORT,PRINT 38_46,FRESH,WAYSIDE,GEETA,ODP CUT,NAVY,200,LADIES ETHNICKURTIKURTI SHORTPRINT 38_46FRESHWAYSIDEGEETAODP CUTNAVY200,XL/1.02 m,KRLADIES ETHNICKURTIKURTI SHORT,8,4,800.00
KR,Utpal Ray,LADIES ETHNIC,KURTI,KURTI SHORT,PRINT 38_46,FRESH,WAYSIDE,GEETA,ODP CUT,PINK,200,LADIES ETHNICKURTIKURTI SHORTPRINT 38_46FRESHWAYSIDEGEETAODP CUTPINK200,2XL/1.07 m,KRLADIES ETHNICKURTIKURTI SHORT,8,6,1200.00
KR,Utpal Ray,LADIES ETHNIC,KURTI,KURTI SHORT,PRINT 38_46,FRESH,WAYSIDE,GEETA,ODP CUT,PINK,200,LADIES ETHNICKURTIKURTI SHORTPRINT 38_46FRESHWAYSIDEGEETAODP CUTPINK200,3XL/1.12 m,KRLADIES ETHNICKURTIKURTI SHORT,8,8,1600.00
KR,Utpal Ray,LADIES ETHNIC,KURTI,KURTI SHORT,PRINT 38_46,FRESH,WAYSIDE,GEETA,ODP CUT,PINK,200,LADIES ETHNICKURTIKURTI SHORTPRINT 38_46FRESHWAYSIDEGEETAODP CUTPINK200,L/97 cm,KRLADIES ETHNICKURTIKURTI SHORT,8,7,1400.00
KR,Utpal Ray,LADIES ETHNIC,KURTI,KURTI SHORT,PRINT 38_46,FRESH,WAYSIDE,GEETA,ODP CUT,PINK,200,LADIES ETHNICKURTIKURTI SHORTPRINT 38_46FRESHWAYSIDEGEETAODP CUTPINK200,M/91 cm,KRLADIES ETHNICKURTIKURTI SHORT,8,4,800.00
KR,Utpal Ray,LADIES ETHNIC,KURTI,KURTI SHORT,PRINT 38_46,FRESH,WAYSIDE,GEETA,ODP CUT,PINK,200,LADIES ETHNICKURTIKURTI SHORTPRINT 38_46FRESHWAYSIDEGEETAODP CUTPINK200,S/86 cm,KRLADIES ETHNICKURTIKURTI SHORT,8,1,200.00
KR,Utpal Ray,LADIES ETHNIC,KURTI,KURTI SHORT,PRINT 38_46,FRESH,WAYSIDE,GEETA,ODP CUT,PINK,200,LADIES ETHNICKURTIKURTI SHORTPRINT 38_46FRESHWAYSIDEGEETAODP CUTPINK200,XL/1.02 m,KRLADIES ETHNICKURTIKURTI SHORT,8,3,600.00
KR,Utpal Ray,LADIES ETHNIC,KURTI,KURTI SHORT,PRINT 38_46,FRESH,WAYSIDE,GEETA,ODP CUT,PISTA,200,LADIES ETHNICKURTIKURTI SHORTPRINT 38_46FRESHWAYSIDEGEETAODP CUTPISTA200,2XL/1.07 m,KRLADIES ETHNICKURTIKURTI SHORT,8,2,400.00
KR,Utpal Ray,LADIES ETHNIC,KURTI,KURTI SHORT,PRINT 38_46,FRESH,WAYSIDE,GEETA,ODP CUT,PISTA,200,LADIES ETHNICKURTIKURTI SHORTPRINT 38_46FRESHWAYSIDEGEETAODP CUTPISTA200,3XL/1.12 m,KRLADIES ETHNICKURTIKURTI SHORT,8,2,400.00
KR,Utpal Ray,LADIES ETHNIC,KURTI,KURTI SHORT,PRINT 38_46,FRESH,WAYSIDE,GEETA,ODP CUT,RED,200,LADIES ETHNICKURTIKURTI SHORTPRINT 38_46FRESHWAYSIDEGEETAODP CUTRED200,L/97 cm,KRLADIES ETHNICKURTIKURTI SHORT,8,1,200.00
KS,Binay Singh,LADIES ETHNIC,KURTI,KURTI SHORT,PRINT 38_46,FRESH,WAYSIDE,GEETA,ODP CUT,BROWN,200,LADIES ETHNICKURTIKURTI SHORTPRINT 38_46FRESHWAYSIDEGEETAODP CUTBROWN200,2XL/1.07 m,KSLADIES ETHNICKURTIKURTI SHORT,11,1,200.00
KS,Binay Singh,LADIES ETHNIC,KURTI,KURTI SHORT,PRINT 38_46,FRESH,WAYSIDE,GEETA,ODP CUT,BROWN,200,LADIES ETHNICKURTIKURTI SHORTPRINT 38_46FRESHWAYSIDEGEETAODP CUTBROWN200,XL/1.02 m,KSLADIES ETHNICKURTIKURTI SHORT,11,1,200.00
KS,Binay Singh,LADIES ETHNIC,KURTI,KURTI SHORT,PRINT 38_46,FRESH,WAYSIDE,GEETA,ODP CUT,GREEN,200,LADIES ETHNICKURTIKURTI SHORTPRINT 38_46FRESHWAYSIDEGEETAODP CUTGREEN200,2XL/1.07 m,KSLADIES ETHNICKURTIKURTI SHORT,11,6,1200.00
KS,Binay Singh,LADIES ETHNIC,KURTI,KURTI SHORT,PRINT 38_46,FRESH,WAYSIDE,GEETA,ODP CUT,GREEN,200,LADIES ETHNICKURTIKURTI SHORTPRINT 38_46FRESHWAYSIDEGEETAODP CUTGREEN200,3XL/1.12 m,KSLADIES ETHNICKURTIKURTI SHORT,11,3,600.00
KS,Binay Singh,LADIES ETHNIC,KURTI,KURTI SHORT,PRINT 38_46,FRESH,WAYSIDE,GEETA,ODP CUT,GREEN,200,LADIES ETHNICKURTIKURTI SHORTPRINT 38_46FRESHWAYSIDEGEETAODP CUTGREEN200,L/97 cm,KSLADIES ETHNICKURTIKURTI SHORT,11,5,1000.00
KS,Binay Singh,LADIES ETHNIC,KURTI,KURTI SHORT,PRINT 38_46,FRESH,WAYSIDE,GEETA,ODP CUT,GREEN,200,LADIES ETHNICKURTIKURTI SHORTPRINT 38_46FRESHWAYSIDEGEETAODP CUTGREEN200,M/91 cm,KSLADIES ETHNICKURTIKURTI SHORT,11,1,200.00
KS,Binay Singh,LADIES ETHNIC,KURTI,KURTI SHORT,PRINT 38_46,FRESH,WAYSIDE,GEETA,ODP CUT,GREEN,200,LADIES ETHNICKURTIKURTI SHORTPRINT 38_46FRESHWAYSIDEGEETAODP CUTGREEN200,S/86 cm,KSLADIES ETHNICKURTIKURTI SHORT,11,1,200.00
KS,Binay Singh,LADIES ETHNIC,KURTI,KURTI SHORT,PRINT 38_46,FRESH,WAYSIDE,GEETA,ODP CUT,GREEN,200,LADIES ETHNICKURTIKURTI SHORTPRINT 38_46FRESHWAYSIDEGEETAODP CUTGREEN200,XL/1.02 m,KSLADIES ETHNICKURTIKURTI SHORT,11,3,600.00
KS,Binay Singh,LADIES ETHNIC,KURTI,KURTI SHORT,PRINT 38_46,FRESH,WAYSIDE,GEETA,ODP CUT,GREY,200,LADIES ETHNICKURTIKURTI SHORTPRINT 38_46FRESHWAYSIDEGEETAODP CUTGREY200,2XL/1.07 m,KSLADIES ETHNICKURTIKURTI SHORT,11,1,200.00
KS,Binay Singh,LADIES ETHNIC,KURTI,KURTI SHORT,PRINT 38_46,FRESH,WAYSIDE,GEETA,ODP CUT,GREY,200,LADIES ETHNICKURTIKURTI SHORTPRINT 38_46FRESHWAYSIDEGEETAODP CUTGREY200,3XL/1.12 m,KSLADIES ETHNICKURTIKURTI SHORT,11,2,400.00
KS,Binay Singh,LADIES ETHNIC,KURTI,KURTI SHORT,PRINT 38_46,FRESH,WAYSIDE,GEETA,ODP CUT,GREY,200,LADIES ETHNICKURTIKURTI SHORTPRINT 38_46FRESHWAYSIDEGEETAODP CUTGREY200,L/97 cm,KSLADIES ETHNICKURTIKURTI SHORT,11,4,800.00
KS,Binay Singh,LADIES ETHNIC,KURTI,KURTI SHORT,PRINT 38_46,FRESH,WAYSIDE,GEETA,ODP CUT,GREY,200,LADIES ETHNICKURTIKURTI SHORTPRINT 38_46FRESHWAYSIDEGEETAODP CUTGREY200,M/91 cm,KSLADIES ETHNICKURTIKURTI SHORT,11,2,400.00
KS,Binay Singh,LADIES ETHNIC,KURTI,KURTI SHORT,PRINT 38_46,FRESH,WAYSIDE,GEETA,ODP CUT,GREY,200,LADIES ETHNICKURTIKURTI SHORTPRINT 38_46FRESHWAYSIDEGEETAODP CUTGREY200,S/86 cm,KSLADIES ETHNICKURTIKURTI SHORT,11,2,400.00
KS,Binay Singh,LADIES ETHNIC,KURTI,KURTI SHORT,PRINT 38_46,FRESH,WAYSIDE,GEETA,ODP CUT,GREY,200,LADIES ETHNICKURTIKURTI SHORTPRINT 38_46FRESHWAYSIDEGEETAODP CUTGREY200,XL/1.02 m,KSLADIES ETHNICKURTIKURTI SHORT,11,4,800.00
KS,Binay Singh,LADIES ETHNIC,KURTI,KURTI SHORT,PRINT 38_46,FRESH,WAYSIDE,GEETA,ODP CUT,LAVENDER,200,LADIES ETHNICKURTIKURTI SHORTPRINT 38_46FRESHWAYSIDEGEETAODP CUTLAVENDER200,M/91 cm,KSLADIES ETHNICKURTIKURTI SHORT,11,1,200.00
KS,Binay Singh,LADIES ETHNIC,KURTI,KURTI SHORT,PRINT 38_46,FRESH,WAYSIDE,GEETA,ODP CUT,LAVENDER,200,LADIES ETHNICKURTIKURTI SHORTPRINT 38_46FRESHWAYSIDEGEETAODP CUTLAVENDER200,XL/1.02 m,KSLADIES ETHNICKURTIKURTI SHORT,11,1,200.00
KS,Binay Singh,LADIES ETHNIC,KURTI,KURTI SHORT,PRINT 38_46,FRESH,WAYSIDE,GEETA,ODP CUT,MUSTARD,200,LADIES ETHNICKURTIKURTI SHORTPRINT 38_46FRESHWAYSIDEGEETAODP CUTMUSTARD200,2XL/1.07 m,KSLADIES ETHNICKURTIKURTI SHORT,11,3,600.00
KS,Binay Singh,LADIES ETHNIC,KURTI,KURTI SHORT,PRINT 38_46,FRESH,WAYSIDE,GEETA,ODP CUT,MUSTARD,200,LADIES ETHNICKURTIKURTI SHORTPRINT 38_46FRESHWAYSIDEGEETAODP CUTMUSTARD200,3XL/1.12 m,KSLADIES ETHNICKURTIKURTI SHORT,11,3,600.00
KS,Binay Singh,LADIES ETHNIC,KURTI,KURTI SHORT,PRINT 38_46,FRESH,WAYSIDE,GEETA,ODP CUT,MUSTARD,200,LADIES ETHNICKURTIKURTI SHORTPRINT 38_46FRESHWAYSIDEGEETAODP CUTMUSTARD200,L/97 cm,KSLADIES ETHNICKURTIKURTI SHORT,11,3,600.00
KS,Binay Singh,LADIES ETHNIC,KURTI,KURTI SHORT,PRINT 38_46,FRESH,WAYSIDE,GEETA,ODP CUT,MUSTARD,200,LADIES ETHNICKURTIKURTI SHORTPRINT 38_46FRESHWAYSIDEGEETAODP CUTMUSTARD200,M/91 cm,KSLADIES ETHNICKURTIKURTI SHORT,11,2,400.00
KS,Binay Singh,LADIES ETHNIC,KURTI,KURTI SHORT,PRINT 38_46,FRESH,WAYSIDE,GEETA,ODP CUT,MUSTARD,200,LADIES ETHNICKURTIKURTI SHORTPRINT 38_46FRESHWAYSIDEGEETAODP CUTMUSTARD200,S/86 cm,KSLADIES ETHNICKURTIKURTI SHORT,11,2,400.00
KS,Binay Singh,LADIES ETHNIC,KURTI,KURTI SHORT,PRINT 38_46,FRESH,WAYSIDE,GEETA,ODP CUT,MUSTARD,200,LADIES ETHNICKURTIKURTI SHORTPRINT 38_46FRESHWAYSIDEGEETAODP CUTMUSTARD200,XL/1.02 m,KSLADIES ETHNICKURTIKURTI SHORT,11,3,600.00
KS,Binay Singh,LADIES ETHNIC,KURTI,KURTI SHORT,PRINT 38_46,FRESH,WAYSIDE,GEETA,ODP CUT,NAVY,200,LADIES ETHNICKURTIKURTI SHORTPRINT 38_46FRESHWAYSIDEGEETAODP CUTNAVY200,2XL/1.07 m,KSLADIES ETHNICKURTIKURTI SHORT,11,2,400.00
KS,Binay Singh,LADIES ETHNIC,KURTI,KURTI SHORT,PRINT 38_46,FRESH,WAYSIDE,GEETA,ODP CUT,NAVY,200,LADIES ETHNICKURTIKURTI SHORTPRINT 38_46FRESHWAYSIDEGEETAODP CUTNAVY200,3XL/1.12 m,KSLADIES ETHNICKURTIKURTI SHORT,11,2,400.00
KS,Binay Singh,LADIES ETHNIC,KURTI,KURTI SHORT,PRINT 38_46,FRESH,WAYSIDE,GEETA,ODP CUT,NAVY,200,LADIES ETHNICKURTIKURTI SHORTPRINT 38_46FRESHWAYSIDEGEETAODP CUTNAVY200,L/97 cm,KSLADIES ETHNICKURTIKURTI SHORT,11,4,800.00
KS,Binay Singh,LADIES ETHNIC,KURTI,KURTI SHORT,PRINT 38_46,FRESH,WAYSIDE,GEETA,ODP CUT,NAVY,200,LADIES ETHNICKURTIKURTI SHORTPRINT 38_46FRESHWAYSIDEGEETAODP CUTNAVY200,XL/1.02 m,KSLADIES ETHNICKURTIKURTI SHORT,11,1,200.00
KS,Binay Singh,LADIES ETHNIC,KURTI,KURTI SHORT,PRINT 38_46,FRESH,WAYSIDE,GEETA,ODP CUT,NAVY,250,LADIES ETHNICKURTIKURTI SHORTPRINT 38_46FRESHWAYSIDEGEETAODP CUTNAVY250,4XL/1.17 m,KSLADIES ETHNICKURTIKURTI SHORT,11,1,250.00
KS,Binay Singh,LADIES ETHNIC,KURTI,KURTI SHORT,PRINT 38_46,FRESH,WAYSIDE,GEETA,ODP CUT,NAVY,250,LADIES ETHNICKURTIKURTI SHORTPRINT 38_46FRESHWAYSIDEGEETAODP CUTNAVY250,5XL/1.21 m,KSLADIES ETHNICKURTIKURTI SHORT,11,1,250.00
KS,Binay Singh,LADIES ETHNIC,KURTI,KURTI SHORT,PRINT 38_46,FRESH,WAYSIDE,GEETA,ODP CUT,PINK,200,LADIES ETHNICKURTIKURTI SHORTPRINT 38_46FRESHWAYSIDEGEETAODP CUTPINK200,2XL/1.07 m,KSLADIES ETHNICKURTIKURTI SHORT,11,8,1600.00
KS,Binay Singh,LADIES ETHNIC,KURTI,KURTI SHORT,PRINT 38_46,FRESH,WAYSIDE,GEETA,ODP CUT,PINK,200,LADIES ETHNICKURTIKURTI SHORTPRINT 38_46FRESHWAYSIDEGEETAODP CUTPINK200,3XL/1.12 m,KSLADIES ETHNICKURTIKURTI SHORT,11,2,400.00
KS,Binay Singh,LADIES ETHNIC,KURTI,KURTI SHORT,PRINT 38_46,FRESH,WAYSIDE,GEETA,ODP CUT,PINK,200,LADIES ETHNICKURTIKURTI SHORTPRINT 38_46FRESHWAYSIDEGEETAODP CUTPINK200,L/97 cm,KSLADIES ETHNICKURTIKURTI SHORT,11,5,1000.00
KS,Binay Singh,LADIES ETHNIC,KURTI,KURTI SHORT,PRINT 38_46,FRESH,WAYSIDE,GEETA,ODP CUT,PINK,200,LADIES ETHNICKURTIKURTI SHORTPRINT 38_46FRESHWAYSIDEGEETAODP CUTPINK200,M/91 cm,KSLADIES ETHNICKURTIKURTI SHORT,11,5,1000.00
KS,Binay Singh,LADIES ETHNIC,KURTI,KURTI SHORT,PRINT 38_46,FRESH,WAYSIDE,GEETA,ODP CUT,PINK,200,LADIES ETHNICKURTIKURTI SHORTPRINT 38_46FRESHWAYSIDEGEETAODP CUTPINK200,S/86 cm,KSLADIES ETHNICKURTIKURTI SHORT,11,5,1000.00
KS,Binay Singh,LADIES ETHNIC,KURTI,KURTI SHORT,PRINT 38_46,FRESH,WAYSIDE,GEETA,ODP CUT,PINK,200,LADIES ETHNICKURTIKURTI SHORTPRINT 38_46FRESHWAYSIDEGEETAODP CUTPINK200,XL/1.02 m,KSLADIES ETHNICKURTIKURTI SHORT,11,5,1000.00
KS,Binay Singh,LADIES ETHNIC,KURTI,KURTI SHORT,PRINT 38_46,FRESH,WAYSIDE,GEETA,ODP CUT,RAMA,200,LADIES ETHNICKURTIKURTI SHORTPRINT 38_46FRESHWAYSIDEGEETAODP CUTRAMA200,2XL/1.07 m,KSLADIES ETHNICKURTIKURTI SHORT,11,3,600.00
KS,Binay Singh,LADIES ETHNIC,KURTI,KURTI SHORT,PRINT 38_46,FRESH,WAYSIDE,GEETA,ODP CUT,RAMA,200,LADIES ETHNICKURTIKURTI SHORTPRINT 38_46FRESHWAYSIDEGEETAODP CUTRAMA200,M/91 cm,KSLADIES ETHNICKURTIKURTI SHORT,11,2,400.00
KS,Binay Singh,LADIES ETHNIC,KURTI,KURTI SHORT,PRINT 38_46,FRESH,WAYSIDE,GEETA,ODP CUT,RAMA,200,LADIES ETHNICKURTIKURTI SHORTPRINT 38_46FRESHWAYSIDEGEETAODP CUTRAMA200,XL/1.02 m,KSLADIES ETHNICKURTIKURTI SHORT,11,1,200.00
LD,Kumar Vikash,LADIES ETHNIC,KURTI,KURTI SHORT,PRINT 38_46,FRESH,WAYSIDE,GEETA,ODP CUT,BROWN,200,LADIES ETHNICKURTIKURTI SHORTPRINT 38_46FRESHWAYSIDEGEETAODP CUTBROWN200,2XL/1.07 m,LDLADIES ETHNICKURTIKURTI SHORT,5,1,200.00
LD,Kumar Vikash,LADIES ETHNIC,KURTI,KURTI SHORT,PRINT 38_46,FRESH,WAYSIDE,GEETA,ODP CUT,BROWN,200,LADIES ETHNICKURTIKURTI SHORTPRINT 38_46FRESHWAYSIDEGEETAODP CUTBROWN200,3XL/1.12 m,LDLADIES ETHNICKURTIKURTI SHORT,5,1,200.00
LD,Kumar Vikash,LADIES ETHNIC,KURTI,KURTI SHORT,PRINT 38_46,FRESH,WAYSIDE,GEETA,ODP CUT,BROWN,200,LADIES ETHNICKURTIKURTI SHORTPRINT 38_46FRESHWAYSIDEGEETAODP CUTBROWN200,L/97 cm,LDLADIES ETHNICKURTIKURTI SHORT,5,3,600.00
LD,Kumar Vikash,LADIES ETHNIC,KURTI,KURTI SHORT,PRINT 38_46,FRESH,WAYSIDE,GEETA,ODP CUT,BROWN,200,LADIES ETHNICKURTIKURTI SHORTPRINT 38_46FRESHWAYSIDEGEETAODP CUTBROWN200,XL/1.02 m,LDLADIES ETHNICKURTIKURTI SHORT,5,1,200.00
LD,Kumar Vikash,LADIES ETHNIC,KURTI,KURTI SHORT,PRINT 38_46,FRESH,WAYSIDE,GEETA,ODP CUT,CORAL,200,LADIES ETHNICKURTIKURTI SHORTPRINT 38_46FRESHWAYSIDEGEETAODP CUTCORAL200,M/91 cm,LDLADIES ETHNICKURTIKURTI SHORT,5,1,200.00
LD,Kumar Vikash,LADIES ETHNIC,KURTI,KURTI SHORT,PRINT 38_46,FRESH,WAYSIDE,GEETA,ODP CUT,CORAL,200,LADIES ETHNICKURTIKURTI SHORTPRINT 38_46FRESHWAYSIDEGEETAODP CUTCORAL200,XL/1.02 m,LDLADIES ETHNICKURTIKURTI SHORT,5,2,400.00
LD,Kumar Vikash,LADIES ETHNIC,KURTI,KURTI SHORT,PRINT 38_46,FRESH,WAYSIDE,GEETA,ODP CUT,CREAM,200,LADIES ETHNICKURTIKURTI SHORTPRINT 38_46FRESHWAYSIDEGEETAODP CUTCREAM200,2XL/1.07 m,LDLADIES ETHNICKURTIKURTI SHORT,5,1,200.00
LD,Kumar Vikash,LADIES ETHNIC,KURTI,KURTI SHORT,PRINT 38_46,FRESH,WAYSIDE,GEETA,ODP CUT,CREAM,200,LADIES ETHNICKURTIKURTI SHORTPRINT 38_46FRESHWAYSIDEGEETAODP CUTCREAM200,L/97 cm,LDLADIES ETHNICKURTIKURTI SHORT,5,1,200.00
LD,Kumar Vikash,LADIES ETHNIC,KURTI,KURTI SHORT,PRINT 38_46,FRESH,WAYSIDE,GEETA,ODP CUT,GREEN,200,LADIES ETHNICKURTIKURTI SHORTPRINT 38_46FRESHWAYSIDEGEETAODP CUTGREEN200,2XL/1.07 m,LDLADIES ETHNICKURTIKURTI SHORT,5,4,800.00
LD,Kumar Vikash,LADIES ETHNIC,KURTI,KURTI SHORT,PRINT 38_46,FRESH,WAYSIDE,GEETA,ODP CUT,GREEN,200,LADIES ETHNICKURTIKURTI SHORTPRINT 38_46FRESHWAYSIDEGEETAODP CUTGREEN200,3XL/1.12 m,LDLADIES ETHNICKURTIKURTI SHORT,5,2,400.00
LD,Kumar Vikash,LADIES ETHNIC,KURTI,KURTI SHORT,PRINT 38_46,FRESH,WAYSIDE,GEETA,ODP CUT,GREEN,200,LADIES ETHNICKURTIKURTI SHORTPRINT 38_46FRESHWAYSIDEGEETAODP CUTGREEN200,L/97 cm,LDLADIES ETHNICKURTIKURTI SHORT,5,5,1000.00
LD,Kumar Vikash,LADIES ETHNIC,KURTI,KURTI SHORT,PRINT 38_46,FRESH,WAYSIDE,GEETA,ODP CUT,GREEN,200,LADIES ETHNICKURTIKURTI SHORTPRINT 38_46FRESHWAYSIDEGEETAODP CUTGREEN200,M/91 cm,LDLADIES ETHNICKURTIKURTI SHORT,5,2,400.00
LD,Kumar Vikash,LADIES ETHNIC,KURTI,KURTI SHORT,PRINT 38_46,FRESH,WAYSIDE,GEETA,ODP CUT,GREEN,200,LADIES ETHNICKURTIKURTI SHORTPRINT 38_46FRESHWAYSIDEGEETAODP CUTGREEN200,XL/1.02 m,LDLADIES ETHNICKURTIKURTI SHORT,5,6,1200.00
LD,Kumar Vikash,LADIES ETHNIC,KURTI,KURTI SHORT,PRINT 38_46,FRESH,WAYSIDE,GEETA,ODP CUT,GREY,200,LADIES ETHNICKURTIKURTI SHORTPRINT 38_46FRESHWAYSIDEGEETAODP CUTGREY200,2XL/1.07 m,LDLADIES ETHNICKURTIKURTI SHORT,5,1,200.00
LD,Kumar Vikash,LADIES ETHNIC,KURTI,KURTI SHORT,PRINT 38_46,FRESH,WAYSIDE,GEETA,ODP CUT,GREY,200,LADIES ETHNICKURTIKURTI SHORTPRINT 38_46FRESHWAYSIDEGEETAODP CUTGREY200,3XL/1.12 m,LDLADIES ETHNICKURTIKURTI SHORT,5,2,400.00
LD,Kumar Vikash,LADIES ETHNIC,KURTI,KURTI SHORT,PRINT 38_46,FRESH,WAYSIDE,GEETA,ODP CUT,GREY,200,LADIES ETHNICKURTIKURTI SHORTPRINT 38_46FRESHWAYSIDEGEETAODP CUTGREY200,L/97 cm,LDLADIES ETHNICKURTIKURTI SHORT,5,4,800.00
LD,Kumar Vikash,LADIES ETHNIC,KURTI,KURTI SHORT,PRINT 38_46,FRESH,WAYSIDE,GEETA,ODP CUT,GREY,200,LADIES ETHNICKURTIKURTI SHORTPRINT 38_46FRESHWAYSIDEGEETAODP CUTGREY200,M/91 cm,LDLADIES ETHNICKURTIKURTI SHORT,5,2,400.00
LD,Kumar Vikash,LADIES ETHNIC,KURTI,KURTI SHORT,PRINT 38_46,FRESH,WAYSIDE,GEETA,ODP CUT,GREY,200,LADIES ETHNICKURTIKURTI SHORTPRINT 38_46FRESHWAYSIDEGEETAODP CUTGREY200,XL/1.02 m,LDLADIES ETHNICKURTIKURTI SHORT,5,4,800.00
LD,Kumar Vikash,LADIES ETHNIC,KURTI,KURTI SHORT,PRINT 38_46,FRESH,WAYSIDE,GEETA,ODP CUT,LAVENDER,200,LADIES ETHNICKURTIKURTI SHORTPRINT 38_46FRESHWAYSIDEGEETAODP CUTLAVENDER200,2XL/1.07 m,LDLADIES ETHNICKURTIKURTI SHORT,5,1,200.00
LD,Kumar Vikash,LADIES ETHNIC,KURTI,KURTI SHORT,PRINT 38_46,FRESH,WAYSIDE,GEETA,ODP CUT,LAVENDER,200,LADIES ETHNICKURTIKURTI SHORTPRINT 38_46FRESHWAYSIDEGEETAODP CUTLAVENDER200,3XL/1.12 m,LDLADIES ETHNICKURTIKURTI SHORT,5,2,400.00
LD,Kumar Vikash,LADIES ETHNIC,KURTI,KURTI SHORT,PRINT 38_46,FRESH,WAYSIDE,GEETA,ODP CUT,LAVENDER,200,LADIES ETHNICKURTIKURTI SHORTPRINT 38_46FRESHWAYSIDEGEETAODP CUTLAVENDER200,M/91 cm,LDLADIES ETHNICKURTIKURTI SHORT,5,1,200.00
LD,Kumar Vikash,LADIES ETHNIC,KURTI,KURTI SHORT,PRINT 38_46,FRESH,WAYSIDE,GEETA,ODP CUT,LAVENDER,200,LADIES ETHNICKURTIKURTI SHORTPRINT 38_46FRESHWAYSIDEGEETAODP CUTLAVENDER200,XL/1.02 m,LDLADIES ETHNICKURTIKURTI SHORT,5,2,400.00
LD,Kumar Vikash,LADIES ETHNIC,KURTI,KURTI SHORT,PRINT 38_46,FRESH,WAYSIDE,GEETA,ODP CUT,MUSTARD,200,LADIES ETHNICKURTIKURTI SHORTPRINT 38_46FRESHWAYSIDEGEETAODP CUTMUSTARD200,2XL/1.07 m,LDLADIES ETHNICKURTIKURTI SHORT,5,4,800.00
LD,Kumar Vikash,LADIES ETHNIC,KURTI,KURTI SHORT,PRINT 38_46,FRESH,WAYSIDE,GEETA,ODP CUT,MUSTARD,200,LADIES ETHNICKURTIKURTI SHORTPRINT 38_46FRESHWAYSIDEGEETAODP CUTMUSTARD200,L/97 cm,LDLADIES ETHNICKURTIKURTI SHORT,5,4,800.00
LD,Kumar Vikash,LADIES ETHNIC,KURTI,KURTI SHORT,PRINT 38_46,FRESH,WAYSIDE,GEETA,ODP CUT,MUSTARD,200,LADIES ETHNICKURTIKURTI SHORTPRINT 38_46FRESHWAYSIDEGEETAODP CUTMUSTARD200,M/91 cm,LDLADIES ETHNICKURTIKURTI SHORT,5,2,400.00
LD,Kumar Vikash,LADIES ETHNIC,KURTI,KURTI SHORT,PRINT 38_46,FRESH,WAYSIDE,GEETA,ODP CUT,MUSTARD,200,LADIES ETHNICKURTIKURTI SHORTPRINT 38_46FRESHWAYSIDEGEETAODP CUTMUSTARD200,XL/1.02 m,LDLADIES ETHNICKURTIKURTI SHORT,5,5,1000.00
LD,Kumar Vikash,LADIES ETHNIC,KURTI,KURTI SHORT,PRINT 38_46,FRESH,WAYSIDE,GEETA,ODP CUT,NAVY,200,LADIES ETHNICKURTIKURTI SHORTPRINT 38_46FRESHWAYSIDEGEETAODP CUTNAVY200,2XL/1.07 m,LDLADIES ETHNICKURTIKURTI SHORT,5,1,200.00
LD,Kumar Vikash,LADIES ETHNIC,KURTI,KURTI SHORT,PRINT 38_46,FRESH,WAYSIDE,GEETA,ODP CUT,NAVY,200,LADIES ETHNICKURTIKURTI SHORTPRINT 38_46FRESHWAYSIDEGEETAODP CUTNAVY200,3XL/1.12 m,LDLADIES ETHNICKURTIKURTI SHORT,5,1,200.00
LD,Kumar Vikash,LADIES ETHNIC,KURTI,KURTI SHORT,PRINT 38_46,FRESH,WAYSIDE,GEETA,ODP CUT,NAVY,200,LADIES ETHNICKURTIKURTI SHORTPRINT 38_46FRESHWAYSIDEGEETAODP CUTNAVY200,L/97 cm,LDLADIES ETHNICKURTIKURTI SHORT,5,4,800.00
LD,Kumar Vikash,LADIES ETHNIC,KURTI,KURTI SHORT,PRINT 38_46,FRESH,WAYSIDE,GEETA,ODP CUT,NAVY,200,LADIES ETHNICKURTIKURTI SHORTPRINT 38_46FRESHWAYSIDEGEETAODP CUTNAVY200,M/91 cm,LDLADIES ETHNICKURTIKURTI SHORT,5,3,600.00
LD,Kumar Vikash,LADIES ETHNIC,KURTI,KURTI SHORT,PRINT 38_46,FRESH,WAYSIDE,GEETA,ODP CUT,NAVY,200,LADIES ETHNICKURTIKURTI SHORTPRINT 38_46FRESHWAYSIDEGEETAODP CUTNAVY200,S/86 cm,LDLADIES ETHNICKURTIKURTI SHORT,5,1,200.00
LD,Kumar Vikash,LADIES ETHNIC,KURTI,KURTI SHORT,PRINT 38_46,FRESH,WAYSIDE,GEETA,ODP CUT,NAVY,200,LADIES ETHNICKURTIKURTI SHORTPRINT 38_46FRESHWAYSIDEGEETAODP CUTNAVY200,XL/1.02 m,LDLADIES ETHNICKURTIKURTI SHORT,5,3,600.00
LD,Kumar Vikash,LADIES ETHNIC,KURTI,KURTI SHORT,PRINT 38_46,FRESH,WAYSIDE,GEETA,ODP CUT,PINK,200,LADIES ETHNICKURTIKURTI SHORTPRINT 38_46FRESHWAYSIDEGEETAODP CUTPINK200,2XL/1.07 m,LDLADIES ETHNICKURTIKURTI SHORT,5,9,1800.00
LD,Kumar Vikash,LADIES ETHNIC,KURTI,KURTI SHORT,PRINT 38_46,FRESH,WAYSIDE,GEETA,ODP CUT,PINK,200,LADIES ETHNICKURTIKURTI SHORTPRINT 38_46FRESHWAYSIDEGEETAODP CUTPINK200,3XL/1.12 m,LDLADIES ETHNICKURTIKURTI SHORT,5,5,1000.00
LD,Kumar Vikash,LADIES ETHNIC,KURTI,KURTI SHORT,PRINT 38_46,FRESH,WAYSIDE,GEETA,ODP CUT,PINK,200,LADIES ETHNICKURTIKURTI SHORTPRINT 38_46FRESHWAYSIDEGEETAODP CUTPINK200,L/97 cm,LDLADIES ETHNICKURTIKURTI SHORT,5,7,1400.00
LD,Kumar Vikash,LADIES ETHNIC,KURTI,KURTI SHORT,PRINT 38_46,FRESH,WAYSIDE,GEETA,ODP CUT,PINK,200,LADIES ETHNICKURTIKURTI SHORTPRINT 38_46FRESHWAYSIDEGEETAODP CUTPINK200,M/91 cm,LDLADIES ETHNICKURTIKURTI SHORT,5,2,400.00
LD,Kumar Vikash,LADIES ETHNIC,KURTI,KURTI SHORT,PRINT 38_46,FRESH,WAYSIDE,GEETA,ODP CUT,PINK,200,LADIES ETHNICKURTIKURTI SHORTPRINT 38_46FRESHWAYSIDEGEETAODP CUTPINK200,S/86 cm,LDLADIES ETHNICKURTIKURTI SHORT,5,3,600.00
LD,Kumar Vikash,LADIES ETHNIC,KURTI,KURTI SHORT,PRINT 38_46,FRESH,WAYSIDE,GEETA,ODP CUT,PINK,200,LADIES ETHNICKURTIKURTI SHORTPRINT 38_46FRESHWAYSIDEGEETAODP CUTPINK200,XL/1.02 m,LDLADIES ETHNICKURTIKURTI SHORT,5,6,1200.00
LD,Kumar Vikash,LADIES ETHNIC,KURTI,KURTI SHORT,PRINT 38_46,FRESH,WAYSIDE,GEETA,ODP CUT,PISTA,200,LADIES ETHNICKURTIKURTI SHORTPRINT 38_46FRESHWAYSIDEGEETAODP CUTPISTA200,2XL/1.07 m,LDLADIES ETHNICKURTIKURTI SHORT,5,1,200.00
LD,Kumar Vikash,LADIES ETHNIC,KURTI,KURTI SHORT,PRINT 38_46,FRESH,WAYSIDE,GEETA,ODP CUT,PISTA,200,LADIES ETHNICKURTIKURTI SHORTPRINT 38_46FRESHWAYSIDEGEETAODP CUTPISTA200,3XL/1.12 m,LDLADIES ETHNICKURTIKURTI SHORT,5,2,400.00
LD,Kumar Vikash,LADIES ETHNIC,KURTI,KURTI SHORT,PRINT 38_46,FRESH,WAYSIDE,GEETA,ODP CUT,PISTA,200,LADIES ETHNICKURTIKURTI SHORTPRINT 38_46FRESHWAYSIDEGEETAODP CUTPISTA200,L/97 cm,LDLADIES ETHNICKURTIKURTI SHORT,5,2,400.00
LD,Kumar Vikash,LADIES ETHNIC,KURTI,KURTI SHORT,PRINT 38_46,FRESH,WAYSIDE,GEETA,ODP CUT,PISTA,200,LADIES ETHNICKURTIKURTI SHORTPRINT 38_46FRESHWAYSIDEGEETAODP CUTPISTA200,XL/1.02 m,LDLADIES ETHNICKURTIKURTI SHORT,5,2,400.00
LD,Kumar Vikash,LADIES ETHNIC,KURTI,KURTI SHORT,PRINT 38_46,FRESH,WAYSIDE,GEETA,ODP CUT,RAMA,200,LADIES ETHNICKURTIKURTI SHORTPRINT 38_46FRESHWAYSIDEGEETAODP CUTRAMA200,2XL/1.07 m,LDLADIES ETHNICKURTIKURTI SHORT,5,2,400.00
LD,Kumar Vikash,LADIES ETHNIC,KURTI,KURTI SHORT,PRINT 38_46,FRESH,WAYSIDE,GEETA,ODP CUT,RAMA,200,LADIES ETHNICKURTIKURTI SHORTPRINT 38_46FRESHWAYSIDEGEETAODP CUTRAMA200,3XL/1.12 m,LDLADIES ETHNICKURTIKURTI SHORT,5,2,400.00
LD,Kumar Vikash,LADIES ETHNIC,KURTI,KURTI SHORT,PRINT 38_46,FRESH,WAYSIDE,GEETA,ODP CUT,RANI,200,LADIES ETHNICKURTIKURTI SHORTPRINT 38_46FRESHWAYSIDEGEETAODP CUTRANI200,2XL/1.07 m,LDLADIES ETHNICKURTIKURTI SHORT,5,4,800.00
LD,Kumar Vikash,LADIES ETHNIC,KURTI,KURTI SHORT,PRINT 38_46,FRESH,WAYSIDE,GEETA,ODP CUT,RANI,200,LADIES ETHNICKURTIKURTI SHORTPRINT 38_46FRESHWAYSIDEGEETAODP CUTRANI200,XL/1.02 m,LDLADIES ETHNICKURTIKURTI SHORT,5,1,200.00
LD,Kumar Vikash,LADIES ETHNIC,KURTI,KURTI SHORT,PRINT 38_46,FRESH,WAYSIDE,GEETA,ODP CUT,RED,200,LADIES ETHNICKURTIKURTI SHORTPRINT 38_46FRESHWAYSIDEGEETAODP CUTRED200,2XL/1.07 m,LDLADIES ETHNICKURTIKURTI SHORT,5,3,600.00
LD,Kumar Vikash,LADIES ETHNIC,KURTI,KURTI SHORT,PRINT 38_46,FRESH,WAYSIDE,GEETA,ODP CUT,RED,200,LADIES ETHNICKURTIKURTI SHORTPRINT 38_46FRESHWAYSIDEGEETAODP CUTRED200,L/97 cm,LDLADIES ETHNICKURTIKURTI SHORT,5,2,400.00
LD,Kumar Vikash,LADIES ETHNIC,KURTI,KURTI SHORT,PRINT 38_46,FRESH,WAYSIDE,GEETA,ODP CUT,RED,200,LADIES ETHNICKURTIKURTI SHORTPRINT 38_46FRESHWAYSIDEGEETAODP CUTRED200,M/91 cm,LDLADIES ETHNICKURTIKURTI SHORT,5,2,400.00
LD,Kumar Vikash,LADIES ETHNIC,KURTI,KURTI SHORT,PRINT 38_46,FRESH,WAYSIDE,GEETA,ODP CUT,RED,200,LADIES ETHNICKURTIKURTI SHORTPRINT 38_46FRESHWAYSIDEGEETAODP CUTRED200,S/86 cm,LDLADIES ETHNICKURTIKURTI SHORT,5,1,200.00
LD,Kumar Vikash,LADIES ETHNIC,KURTI,KURTI SHORT,PRINT 38_46,FRESH,WAYSIDE,GEETA,ODP CUT,RED,200,LADIES ETHNICKURTIKURTI SHORTPRINT 38_46FRESHWAYSIDEGEETAODP CUTRED200,XL/1.02 m,LDLADIES ETHNICKURTIKURTI SHORT,5,4,800.00
LD,Kumar Vikash,LADIES ETHNIC,KURTI,KURTI SHORT,PRINT 38_46,FRESH,WAYSIDE,GEETA,ODP CUT,SEA GREEN,200,LADIES ETHNICKURTIKURTI SHORTPRINT 38_46FRESHWAYSIDEGEETAODP CUTSEA GREEN200,2XL/1.07 m,LDLADIES ETHNICKURTIKURTI SHORT,5,3,600.00
LD,Kumar Vikash,LADIES ETHNIC,KURTI,KURTI SHORT,PRINT 38_46,FRESH,WAYSIDE,GEETA,ODP CUT,SEA GREEN,200,LADIES ETHNICKURTIKURTI SHORTPRINT 38_46FRESHWAYSIDEGEETAODP CUTSEA GREEN200,L/97 cm,LDLADIES ETHNICKURTIKURTI SHORT,5,2,400.00
LD,Kumar Vikash,LADIES ETHNIC,KURTI,KURTI SHORT,PRINT 38_46,FRESH,WAYSIDE,GEETA,ODP CUT,SEA GREEN,200,LADIES ETHNICKURTIKURTI SHORTPRINT 38_46FRESHWAYSIDEGEETAODP CUTSEA GREEN200,XL/1.02 m,LDLADIES ETHNICKURTIKURTI SHORT,5,1,200.00
LD,Kumar Vikash,LADIES ETHNIC,KURTI,KURTI SHORT,PRINT 38_46,FRESH,WAYSIDE,GEETA,ODP CUT,WHITE,200,LADIES ETHNICKURTIKURTI SHORTPRINT 38_46FRESHWAYSIDEGEETAODP CUTWHITE200,2XL/1.07 m,LDLADIES ETHNICKURTIKURTI SHORT,5,2,400.00
LD,Kumar Vikash,LADIES ETHNIC,KURTI,KURTI SHORT,PRINT 38_46,FRESH,WAYSIDE,GEETA,ODP CUT,WHITE,200,LADIES ETHNICKURTIKURTI SHORTPRINT 38_46FRESHWAYSIDEGEETAODP CUTWHITE200,L/97 cm,LDLADIES ETHNICKURTIKURTI SHORT,5,1,200.00
LD,Kumar Vikash,LADIES ETHNIC,KURTI,KURTI SHORT,PRINT 38_46,FRESH,WAYSIDE,GEETA,ODP CUT,WHITE,200,LADIES ETHNICKURTIKURTI SHORTPRINT 38_46FRESHWAYSIDEGEETAODP CUTWHITE200,XL/1.02 m,LDLADIES ETHNICKURTIKURTI SHORT,5,2,400.00
MD,Pintu Singh,LADIES ETHNIC,KURTI,KURTI SHORT,PRINT 38_46,FRESH,WAYSIDE,GEETA,ODP CUT,BLACK,200,LADIES ETHNICKURTIKURTI SHORTPRINT 38_46FRESHWAYSIDEGEETAODP CUTBLACK200,2XL/1.07 m,MDLADIES ETHNICKURTIKURTI SHORT,10,1,200.00
MD,Pintu Singh,LADIES ETHNIC,KURTI,KURTI SHORT,PRINT 38_46,FRESH,WAYSIDE,GEETA,ODP CUT,BLACK,200,LADIES ETHNICKURTIKURTI SHORTPRINT 38_46FRESHWAYSIDEGEETAODP CUTBLACK200,M/91 cm,MDLADIES ETHNICKURTIKURTI SHORT,10,3,600.00
MD,Pintu Singh,LADIES ETHNIC,KURTI,KURTI SHORT,PRINT 38_46,FRESH,WAYSIDE,GEETA,ODP CUT,BLACK,200,LADIES ETHNICKURTIKURTI SHORTPRINT 38_46FRESHWAYSIDEGEETAODP CUTBLACK200,S/86 cm,MDLADIES ETHNICKURTIKURTI SHORT,10,1,200.00
MD,Pintu Singh,LADIES ETHNIC,KURTI,KURTI SHORT,PRINT 38_46,FRESH,WAYSIDE,GEETA,ODP CUT,BROWN,200,LADIES ETHNICKURTIKURTI SHORTPRINT 38_46FRESHWAYSIDEGEETAODP CUTBROWN200,2XL/1.07 m,MDLADIES ETHNICKURTIKURTI SHORT,10,2,400.00
MD,Pintu Singh,LADIES ETHNIC,KURTI,KURTI SHORT,PRINT 38_46,FRESH,WAYSIDE,GEETA,ODP CUT,BROWN,200,LADIES ETHNICKURTIKURTI SHORTPRINT 38_46FRESHWAYSIDEGEETAODP CUTBROWN200,3XL/1.12 m,MDLADIES ETHNICKURTIKURTI SHORT,10,1,200.00
MD,Pintu Singh,LADIES ETHNIC,KURTI,KURTI SHORT,PRINT 38_46,FRESH,WAYSIDE,GEETA,ODP CUT,BROWN,200,LADIES ETHNICKURTIKURTI SHORTPRINT 38_46FRESHWAYSIDEGEETAODP CUTBROWN200,XL/1.02 m,MDLADIES ETHNICKURTIKURTI SHORT,10,2,400.00
MD,Pintu Singh,LADIES ETHNIC,KURTI,KURTI SHORT,PRINT 38_46,FRESH,WAYSIDE,GEETA,ODP CUT,CORAL,200,LADIES ETHNICKURTIKURTI SHORTPRINT 38_46FRESHWAYSIDEGEETAODP CUTCORAL200,2XL/1.07 m,MDLADIES ETHNICKURTIKURTI SHORT,10,1,200.00
MD,Pintu Singh,LADIES ETHNIC,KURTI,KURTI SHORT,PRINT 38_46,FRESH,WAYSIDE,GEETA,ODP CUT,CREAM,200,LADIES ETHNICKURTIKURTI SHORTPRINT 38_46FRESHWAYSIDEGEETAODP CUTCREAM200,2XL/1.07 m,MDLADIES ETHNICKURTIKURTI SHORT,10,1,200.00
MD,Pintu Singh,LADIES ETHNIC,KURTI,KURTI SHORT,PRINT 38_46,FRESH,WAYSIDE,GEETA,ODP CUT,CREAM,200,LADIES ETHNICKURTIKURTI SHORTPRINT 38_46FRESHWAYSIDEGEETAODP CUTCREAM200,3XL/1.12 m,MDLADIES ETHNICKURTIKURTI SHORT,10,2,400.00
MD,Pintu Singh,LADIES ETHNIC,KURTI,KURTI SHORT,PRINT 38_46,FRESH,WAYSIDE,GEETA,ODP CUT,CREAM,200,LADIES ETHNICKURTIKURTI SHORTPRINT 38_46FRESHWAYSIDEGEETAODP CUTCREAM200,XL/1.02 m,MDLADIES ETHNICKURTIKURTI SHORT,10,1,200.00
MD,Pintu Singh,LADIES ETHNIC,KURTI,KURTI SHORT,PRINT 38_46,FRESH,WAYSIDE,GEETA,ODP CUT,GREEN,200,LADIES ETHNICKURTIKURTI SHORTPRINT 38_46FRESHWAYSIDEGEETAODP CUTGREEN200,2XL/1.07 m,MDLADIES ETHNICKURTIKURTI SHORT,10,2,400.00
MD,Pintu Singh,LADIES ETHNIC,KURTI,KURTI SHORT,PRINT 38_46,FRESH,WAYSIDE,GEETA,ODP CUT,GREEN,200,LADIES ETHNICKURTIKURTI SHORTPRINT 38_46FRESHWAYSIDEGEETAODP CUTGREEN200,3XL/1.12 m,MDLADIES ETHNICKURTIKURTI SHORT,10,3,600.00
MD,Pintu Singh,LADIES ETHNIC,KURTI,KURTI SHORT,PRINT 38_46,FRESH,WAYSIDE,GEETA,ODP CUT,GREEN,200,LADIES ETHNICKURTIKURTI SHORTPRINT 38_46FRESHWAYSIDEGEETAODP CUTGREEN200,XL/1.02 m,MDLADIES ETHNICKURTIKURTI SHORT,10,1,200.00
MD,Pintu Singh,LADIES ETHNIC,KURTI,KURTI SHORT,PRINT 38_46,FRESH,WAYSIDE,GEETA,ODP CUT,GREY,200,LADIES ETHNICKURTIKURTI SHORTPRINT 38_46FRESHWAYSIDEGEETAODP CUTGREY200,2XL/1.07 m,MDLADIES ETHNICKURTIKURTI SHORT,10,1,200.00
MD,Pintu Singh,LADIES ETHNIC,KURTI,KURTI SHORT,PRINT 38_46,FRESH,WAYSIDE,GEETA,ODP CUT,GREY,200,LADIES ETHNICKURTIKURTI SHORTPRINT 38_46FRESHWAYSIDEGEETAODP CUTGREY200,3XL/1.12 m,MDLADIES ETHNICKURTIKURTI SHORT,10,2,400.00
MD,Pintu Singh,LADIES ETHNIC,KURTI,KURTI SHORT,PRINT 38_46,FRESH,WAYSIDE,GEETA,ODP CUT,GREY,200,LADIES ETHNICKURTIKURTI SHORTPRINT 38_46FRESHWAYSIDEGEETAODP CUTGREY200,L/97 cm,MDLADIES ETHNICKURTIKURTI SHORT,10,2,400.00
MD,Pintu Singh,LADIES ETHNIC,KURTI,KURTI SHORT,PRINT 38_46,FRESH,WAYSIDE,GEETA,ODP CUT,GREY,200,LADIES ETHNICKURTIKURTI SHORTPRINT 38_46FRESHWAYSIDEGEETAODP CUTGREY200,M/91 cm,MDLADIES ETHNICKURTIKURTI SHORT,10,1,200.00
MD,Pintu Singh,LADIES ETHNIC,KURTI,KURTI SHORT,PRINT 38_46,FRESH,WAYSIDE,GEETA,ODP CUT,GREY,200,LADIES ETHNICKURTIKURTI SHORTPRINT 38_46FRESHWAYSIDEGEETAODP CUTGREY200,S/86 cm,MDLADIES ETHNICKURTIKURTI SHORT,10,1,200.00
MD,Pintu Singh,LADIES ETHNIC,KURTI,KURTI SHORT,PRINT 38_46,FRESH,WAYSIDE,GEETA,ODP CUT,GREY,200,LADIES ETHNICKURTIKURTI SHORTPRINT 38_46FRESHWAYSIDEGEETAODP CUTGREY200,XL/1.02 m,MDLADIES ETHNICKURTIKURTI SHORT,10,2,400.00
MD,Pintu Singh,LADIES ETHNIC,KURTI,KURTI SHORT,PRINT 38_46,FRESH,WAYSIDE,GEETA,ODP CUT,LAVENDER,200,LADIES ETHNICKURTIKURTI SHORTPRINT 38_46FRESHWAYSIDEGEETAODP CUTLAVENDER200,3XL/1.12 m,MDLADIES ETHNICKURTIKURTI SHORT,10,1,200.00
MD,Pintu Singh,LADIES ETHNIC,KURTI,KURTI SHORT,PRINT 38_46,FRESH,WAYSIDE,GEETA,ODP CUT,MUSTARD,200,LADIES ETHNICKURTIKURTI SHORTPRINT 38_46FRESHWAYSIDEGEETAODP CUTMUSTARD200,2XL/1.07 m,MDLADIES ETHNICKURTIKURTI SHORT,10,4,800.00
MD,Pintu Singh,LADIES ETHNIC,KURTI,KURTI SHORT,PRINT 38_46,FRESH,WAYSIDE,GEETA,ODP CUT,MUSTARD,200,LADIES ETHNICKURTIKURTI SHORTPRINT 38_46FRESHWAYSIDEGEETAODP CUTMUSTARD200,3XL/1.12 m,MDLADIES ETHNICKURTIKURTI SHORT,10,2,400.00
MD,Pintu Singh,LADIES ETHNIC,KURTI,KURTI SHORT,PRINT 38_46,FRESH,WAYSIDE,GEETA,ODP CUT,MUSTARD,200,LADIES ETHNICKURTIKURTI SHORTPRINT 38_46FRESHWAYSIDEGEETAODP CUTMUSTARD200,L/97 cm,MDLADIES ETHNICKURTIKURTI SHORT,10,2,400.00
MD,Pintu Singh,LADIES ETHNIC,KURTI,KURTI SHORT,PRINT 38_46,FRESH,WAYSIDE,GEETA,ODP CUT,MUSTARD,200,LADIES ETHNICKURTIKURTI SHORTPRINT 38_46FRESHWAYSIDEGEETAODP CUTMUSTARD200,S/86 cm,MDLADIES ETHNICKURTIKURTI SHORT,10,3,600.00
MD,Pintu Singh,LADIES ETHNIC,KURTI,KURTI SHORT,PRINT 38_46,FRESH,WAYSIDE,GEETA,ODP CUT,MUSTARD,200,LADIES ETHNICKURTIKURTI SHORTPRINT 38_46FRESHWAYSIDEGEETAODP CUTMUSTARD200,XL/1.02 m,MDLADIES ETHNICKURTIKURTI SHORT,10,3,600.00
MD,Pintu Singh,LADIES ETHNIC,KURTI,KURTI SHORT,PRINT 38_46,FRESH,WAYSIDE,GEETA,ODP CUT,NAVY,200,LADIES ETHNICKURTIKURTI SHORTPRINT 38_46FRESHWAYSIDEGEETAODP CUTNAVY200,2XL/1.07 m,MDLADIES ETHNICKURTIKURTI SHORT,10,3,600.00
MD,Pintu Singh,LADIES ETHNIC,KURTI,KURTI SHORT,PRINT 38_46,FRESH,WAYSIDE,GEETA,ODP CUT,NAVY,200,LADIES ETHNICKURTIKURTI SHORTPRINT 38_46FRESHWAYSIDEGEETAODP CUTNAVY200,3XL/1.12 m,MDLADIES ETHNICKURTIKURTI SHORT,10,4,800.00
MD,Pintu Singh,LADIES ETHNIC,KURTI,KURTI SHORT,PRINT 38_46,FRESH,WAYSIDE,GEETA,ODP CUT,NAVY,200,LADIES ETHNICKURTIKURTI SHORTPRINT 38_46FRESHWAYSIDEGEETAODP CUTNAVY200,L/97 cm,MDLADIES ETHNICKURTIKURTI SHORT,10,4,800.00
MD,Pintu Singh,LADIES ETHNIC,KURTI,KURTI SHORT,PRINT 38_46,FRESH,WAYSIDE,GEETA,ODP CUT,NAVY,200,LADIES ETHNICKURTIKURTI SHORTPRINT 38_46FRESHWAYSIDEGEETAODP CUTNAVY200,M/91 cm,MDLADIES ETHNICKURTIKURTI SHORT,10,3,600.00
MD,Pintu Singh,LADIES ETHNIC,KURTI,KURTI SHORT,PRINT 38_46,FRESH,WAYSIDE,GEETA,ODP CUT,NAVY,200,LADIES ETHNICKURTIKURTI SHORTPRINT 38_46FRESHWAYSIDEGEETAODP CUTNAVY200,S/86 cm,MDLADIES ETHNICKURTIKURTI SHORT,10,1,200.00
MD,Pintu Singh,LADIES ETHNIC,KURTI,KURTI SHORT,PRINT 38_46,FRESH,WAYSIDE,GEETA,ODP CUT,NAVY,200,LADIES ETHNICKURTIKURTI SHORTPRINT 38_46FRESHWAYSIDEGEETAODP CUTNAVY200,XL/1.02 m,MDLADIES ETHNICKURTIKURTI SHORT,10,4,800.00
MD,Pintu Singh,LADIES ETHNIC,KURTI,KURTI SHORT,PRINT 38_46,FRESH,WAYSIDE,GEETA,ODP CUT,PINK,200,LADIES ETHNICKURTIKURTI SHORTPRINT 38_46FRESHWAYSIDEGEETAODP CUTPINK200,2XL/1.07 m,MDLADIES ETHNICKURTIKURTI SHORT,10,4,800.00
MD,Pintu Singh,LADIES ETHNIC,KURTI,KURTI SHORT,PRINT 38_46,FRESH,WAYSIDE,GEETA,ODP CUT,PINK,200,LADIES ETHNICKURTIKURTI SHORTPRINT 38_46FRESHWAYSIDEGEETAODP CUTPINK200,3XL/1.12 m,MDLADIES ETHNICKURTIKURTI SHORT,10,1,200.00
MD,Pintu Singh,LADIES ETHNIC,KURTI,KURTI SHORT,PRINT 38_46,FRESH,WAYSIDE,GEETA,ODP CUT,PINK,200,LADIES ETHNICKURTIKURTI SHORTPRINT 38_46FRESHWAYSIDEGEETAODP CUTPINK200,L/97 cm,MDLADIES ETHNICKURTIKURTI SHORT,10,2,400.00
MD,Pintu Singh,LADIES ETHNIC,KURTI,KURTI SHORT,PRINT 38_46,FRESH,WAYSIDE,GEETA,ODP CUT,PINK,200,LADIES ETHNICKURTIKURTI SHORTPRINT 38_46FRESHWAYSIDEGEETAODP CUTPINK200,M/91 cm,MDLADIES ETHNICKURTIKURTI SHORT,10,2,400.00
MD,Pintu Singh,LADIES ETHNIC,KURTI,KURTI SHORT,PRINT 38_46,FRESH,WAYSIDE,GEETA,ODP CUT,PINK,200,LADIES ETHNICKURTIKURTI SHORTPRINT 38_46FRESHWAYSIDEGEETAODP CUTPINK200,S/86 cm,MDLADIES ETHNICKURTIKURTI SHORT,10,2,400.00
MD,Pintu Singh,LADIES ETHNIC,KURTI,KURTI SHORT,PRINT 38_46,FRESH,WAYSIDE,GEETA,ODP CUT,PINK,200,LADIES ETHNICKURTIKURTI SHORTPRINT 38_46FRESHWAYSIDEGEETAODP CUTPINK200,XL/1.02 m,MDLADIES ETHNICKURTIKURTI SHORT,10,2,400.00
MD,Pintu Singh,LADIES ETHNIC,KURTI,KURTI SHORT,PRINT 38_46,FRESH,WAYSIDE,GEETA,ODP CUT,WHITE,200,LADIES ETHNICKURTIKURTI SHORTPRINT 38_46FRESHWAYSIDEGEETAODP CUTWHITE200,3XL/1.12 m,MDLADIES ETHNICKURTIKURTI SHORT,10,1,200.00
MD,Pintu Singh,LADIES ETHNIC,KURTI,KURTI SHORT,PRINT 38_46,FRESH,WAYSIDE,GEETA,ODP CUT,WHITE,200,LADIES ETHNICKURTIKURTI SHORTPRINT 38_46FRESHWAYSIDEGEETAODP CUTWHITE200,M/91 cm,MDLADIES ETHNICKURTIKURTI SHORT,10,1,200.00
PH,Pravin Pandey,LADIES ETHNIC,KURTI,KURTI SHORT,PRINT 38_46,FRESH,WAYSIDE,GEETA,ODP CUT,BROWN,200,LADIES ETHNICKURTIKURTI SHORTPRINT 38_46FRESHWAYSIDEGEETAODP CUTBROWN200,2XL/1.07 m,PHLADIES ETHNICKURTIKURTI SHORT,4,4,800.00
PH,Pravin Pandey,LADIES ETHNIC,KURTI,KURTI SHORT,PRINT 38_46,FRESH,WAYSIDE,GEETA,ODP CUT,BROWN,200,LADIES ETHNICKURTIKURTI SHORTPRINT 38_46FRESHWAYSIDEGEETAODP CUTBROWN200,3XL/1.12 m,PHLADIES ETHNICKURTIKURTI SHORT,4,4,800.00
PH,Pravin Pandey,LADIES ETHNIC,KURTI,KURTI SHORT,PRINT 38_46,FRESH,WAYSIDE,GEETA,ODP CUT,BROWN,200,LADIES ETHNICKURTIKURTI SHORTPRINT 38_46FRESHWAYSIDEGEETAODP CUTBROWN200,L/97 cm,PHLADIES ETHNICKURTIKURTI SHORT,4,1,200.00
PH,Pravin Pandey,LADIES ETHNIC,KURTI,KURTI SHORT,PRINT 38_46,FRESH,WAYSIDE,GEETA,ODP CUT,BROWN,200,LADIES ETHNICKURTIKURTI SHORTPRINT 38_46FRESHWAYSIDEGEETAODP CUTBROWN200,XL/1.02 m,PHLADIES ETHNICKURTIKURTI SHORT,4,2,400.00
PH,Pravin Pandey,LADIES ETHNIC,KURTI,KURTI SHORT,PRINT 38_46,FRESH,WAYSIDE,GEETA,ODP CUT,GREEN,200,LADIES ETHNICKURTIKURTI SHORTPRINT 38_46FRESHWAYSIDEGEETAODP CUTGREEN200,2XL/1.07 m,PHLADIES ETHNICKURTIKURTI SHORT,4,2,400.00
PH,Pravin Pandey,LADIES ETHNIC,KURTI,KURTI SHORT,PRINT 38_46,FRESH,WAYSIDE,GEETA,ODP CUT,GREEN,200,LADIES ETHNICKURTIKURTI SHORTPRINT 38_46FRESHWAYSIDEGEETAODP CUTGREEN200,L/97 cm,PHLADIES ETHNICKURTIKURTI SHORT,4,4,800.00
PH,Pravin Pandey,LADIES ETHNIC,KURTI,KURTI SHORT,PRINT 38_46,FRESH,WAYSIDE,GEETA,ODP CUT,GREEN,200,LADIES ETHNICKURTIKURTI SHORTPRINT 38_46FRESHWAYSIDEGEETAODP CUTGREEN200,M/91 cm,PHLADIES ETHNICKURTIKURTI SHORT,4,2,400.00
PH,Pravin Pandey,LADIES ETHNIC,KURTI,KURTI SHORT,PRINT 38_46,FRESH,WAYSIDE,GEETA,ODP CUT,GREEN,200,LADIES ETHNICKURTIKURTI SHORTPRINT 38_46FRESHWAYSIDEGEETAODP CUTGREEN200,XL/1.02 m,PHLADIES ETHNICKURTIKURTI SHORT,4,6,1200.00
PH,Pravin Pandey,LADIES ETHNIC,KURTI,KURTI SHORT,PRINT 38_46,FRESH,WAYSIDE,GEETA,ODP CUT,GREY,200,LADIES ETHNICKURTIKURTI SHORTPRINT 38_46FRESHWAYSIDEGEETAODP CUTGREY200,2XL/1.07 m,PHLADIES ETHNICKURTIKURTI SHORT,4,2,400.00
PH,Pravin Pandey,LADIES ETHNIC,KURTI,KURTI SHORT,PRINT 38_46,FRESH,WAYSIDE,GEETA,ODP CUT,GREY,200,LADIES ETHNICKURTIKURTI SHORTPRINT 38_46FRESHWAYSIDEGEETAODP CUTGREY200,L/97 cm,PHLADIES ETHNICKURTIKURTI SHORT,4,4,800.00
PH,Pravin Pandey,LADIES ETHNIC,KURTI,KURTI SHORT,PRINT 38_46,FRESH,WAYSIDE,GEETA,ODP CUT,GREY,200,LADIES ETHNICKURTIKURTI SHORTPRINT 38_46FRESHWAYSIDEGEETAODP CUTGREY200,M/91 cm,PHLADIES ETHNICKURTIKURTI SHORT,4,2,400.00
PH,Pravin Pandey,LADIES ETHNIC,KURTI,KURTI SHORT,PRINT 38_46,FRESH,WAYSIDE,GEETA,ODP CUT,GREY,200,LADIES ETHNICKURTIKURTI SHORTPRINT 38_46FRESHWAYSIDEGEETAODP CUTGREY200,XL/1.02 m,PHLADIES ETHNICKURTIKURTI SHORT,4,4,800.00
PH,Pravin Pandey,LADIES ETHNIC,KURTI,KURTI SHORT,PRINT 38_46,FRESH,WAYSIDE,GEETA,ODP CUT,MUSTARD,200,LADIES ETHNICKURTIKURTI SHORTPRINT 38_46FRESHWAYSIDEGEETAODP CUTMUSTARD200,2XL/1.07 m,PHLADIES ETHNICKURTIKURTI SHORT,4,2,400.00
PH,Pravin Pandey,LADIES ETHNIC,KURTI,KURTI SHORT,PRINT 38_46,FRESH,WAYSIDE,GEETA,ODP CUT,MUSTARD,200,LADIES ETHNICKURTIKURTI SHORTPRINT 38_46FRESHWAYSIDEGEETAODP CUTMUSTARD200,L/97 cm,PHLADIES ETHNICKURTIKURTI SHORT,4,4,800.00
PH,Pravin Pandey,LADIES ETHNIC,KURTI,KURTI SHORT,PRINT 38_46,FRESH,WAYSIDE,GEETA,ODP CUT,MUSTARD,200,LADIES ETHNICKURTIKURTI SHORTPRINT 38_46FRESHWAYSIDEGEETAODP CUTMUSTARD200,M/91 cm,PHLADIES ETHNICKURTIKURTI SHORT,4,2,400.00
PH,Pravin Pandey,LADIES ETHNIC,KURTI,KURTI SHORT,PRINT 38_46,FRESH,WAYSIDE,GEETA,ODP CUT,MUSTARD,200,LADIES ETHNICKURTIKURTI SHORTPRINT 38_46FRESHWAYSIDEGEETAODP CUTMUSTARD200,XL/1.02 m,PHLADIES ETHNICKURTIKURTI SHORT,4,4,800.00
PH,Pravin Pandey,LADIES ETHNIC,KURTI,KURTI SHORT,PRINT 38_46,FRESH,WAYSIDE,GEETA,ODP CUT,NAVY,200,LADIES ETHNICKURTIKURTI SHORTPRINT 38_46FRESHWAYSIDEGEETAODP CUTNAVY200,L/97 cm,PHLADIES ETHNICKURTIKURTI SHORT,4,3,600.00
PH,Pravin Pandey,LADIES ETHNIC,KURTI,KURTI SHORT,PRINT 38_46,FRESH,WAYSIDE,GEETA,ODP CUT,NAVY,200,LADIES ETHNICKURTIKURTI SHORTPRINT 38_46FRESHWAYSIDEGEETAODP CUTNAVY200,M/91 cm,PHLADIES ETHNICKURTIKURTI SHORT,4,1,200.00
PH,Pravin Pandey,LADIES ETHNIC,KURTI,KURTI SHORT,PRINT 38_46,FRESH,WAYSIDE,GEETA,ODP CUT,NAVY,200,LADIES ETHNICKURTIKURTI SHORTPRINT 38_46FRESHWAYSIDEGEETAODP CUTNAVY200,XL/1.02 m,PHLADIES ETHNICKURTIKURTI SHORT,4,2,400.00
PH,Pravin Pandey,LADIES ETHNIC,KURTI,KURTI SHORT,PRINT 38_46,FRESH,WAYSIDE,GEETA,ODP CUT,PINK,200,LADIES ETHNICKURTIKURTI SHORTPRINT 38_46FRESHWAYSIDEGEETAODP CUTPINK200,2XL/1.07 m,PHLADIES ETHNICKURTIKURTI SHORT,4,7,1400.00
PH,Pravin Pandey,LADIES ETHNIC,KURTI,KURTI SHORT,PRINT 38_46,FRESH,WAYSIDE,GEETA,ODP CUT,PINK,200,LADIES ETHNICKURTIKURTI SHORTPRINT 38_46FRESHWAYSIDEGEETAODP CUTPINK200,3XL/1.12 m,PHLADIES ETHNICKURTIKURTI SHORT,4,2,400.00
PH,Pravin Pandey,LADIES ETHNIC,KURTI,KURTI SHORT,PRINT 38_46,FRESH,WAYSIDE,GEETA,ODP CUT,PINK,200,LADIES ETHNICKURTIKURTI SHORTPRINT 38_46FRESHWAYSIDEGEETAODP CUTPINK200,L/97 cm,PHLADIES ETHNICKURTIKURTI SHORT,4,3,600.00
PH,Pravin Pandey,LADIES ETHNIC,KURTI,KURTI SHORT,PRINT 38_46,FRESH,WAYSIDE,GEETA,ODP CUT,PINK,200,LADIES ETHNICKURTIKURTI SHORTPRINT 38_46FRESHWAYSIDEGEETAODP CUTPINK200,M/91 cm,PHLADIES ETHNICKURTIKURTI SHORT,4,3,600.00
PH,Pravin Pandey,LADIES ETHNIC,KURTI,KURTI SHORT,PRINT 38_46,FRESH,WAYSIDE,GEETA,ODP CUT,PINK,200,LADIES ETHNICKURTIKURTI SHORTPRINT 38_46FRESHWAYSIDEGEETAODP CUTPINK200,S/86 cm,PHLADIES ETHNICKURTIKURTI SHORT,4,2,400.00
PH,Pravin Pandey,LADIES ETHNIC,KURTI,KURTI SHORT,PRINT 38_46,FRESH,WAYSIDE,GEETA,ODP CUT,PINK,200,LADIES ETHNICKURTIKURTI SHORTPRINT 38_46FRESHWAYSIDEGEETAODP CUTPINK200,XL/1.02 m,PHLADIES ETHNICKURTIKURTI SHORT,4,2,400.00
PH,Pravin Pandey,LADIES ETHNIC,KURTI,KURTI SHORT,PRINT 38_46,FRESH,WAYSIDE,GEETA,ODP CUT,PISTA,200,LADIES ETHNICKURTIKURTI SHORTPRINT 38_46FRESHWAYSIDEGEETAODP CUTPISTA200,2XL/1.07 m,PHLADIES ETHNICKURTIKURTI SHORT,4,4,800.00
PH,Pravin Pandey,LADIES ETHNIC,KURTI,KURTI SHORT,PRINT 38_46,FRESH,WAYSIDE,GEETA,ODP CUT,RED,200,LADIES ETHNICKURTIKURTI SHORTPRINT 38_46FRESHWAYSIDEGEETAODP CUTRED200,2XL/1.07 m,PHLADIES ETHNICKURTIKURTI SHORT,4,1,200.00
PH,Pravin Pandey,LADIES ETHNIC,KURTI,KURTI SHORT,PRINT 38_46,FRESH,WAYSIDE,GEETA,ODP CUT,RED,200,LADIES ETHNICKURTIKURTI SHORTPRINT 38_46FRESHWAYSIDEGEETAODP CUTRED200,3XL/1.12 m,PHLADIES ETHNICKURTIKURTI SHORT,4,1,200.00
PH,Pravin Pandey,LADIES ETHNIC,KURTI,KURTI SHORT,PRINT 38_46,FRESH,WAYSIDE,GEETA,ODP CUT,RED,200,LADIES ETHNICKURTIKURTI SHORTPRINT 38_46FRESHWAYSIDEGEETAODP CUTRED200,L/97 cm,PHLADIES ETHNICKURTIKURTI SHORT,4,3,600.00
PH,Pravin Pandey,LADIES ETHNIC,KURTI,KURTI SHORT,PRINT 38_46,FRESH,WAYSIDE,GEETA,ODP CUT,RED,200,LADIES ETHNICKURTIKURTI SHORTPRINT 38_46FRESHWAYSIDEGEETAODP CUTRED200,M/91 cm,PHLADIES ETHNICKURTIKURTI SHORT,4,1,200.00
PH,Pravin Pandey,LADIES ETHNIC,KURTI,KURTI SHORT,PRINT 38_46,FRESH,WAYSIDE,GEETA,ODP CUT,RED,200,LADIES ETHNICKURTIKURTI SHORTPRINT 38_46FRESHWAYSIDEGEETAODP CUTRED200,XL/1.02 m,PHLADIES ETHNICKURTIKURTI SHORT,4,1,200.00
PL,Manas Purohit,LADIES ETHNIC,KURTI,KURTI SHORT,PRINT 38_46,FRESH,WAYSIDE,GEETA,ODP CUT,CREAM,200,LADIES ETHNICKURTIKURTI SHORTPRINT 38_46FRESHWAYSIDEGEETAODP CUTCREAM200,2XL/1.07 m,PLLADIES ETHNICKURTIKURTI SHORT,13,1,200.00
PL,Manas Purohit,LADIES ETHNIC,KURTI,KURTI SHORT,PRINT 38_46,FRESH,WAYSIDE,GEETA,ODP CUT,CREAM,200,LADIES ETHNICKURTIKURTI SHORTPRINT 38_46FRESHWAYSIDEGEETAODP CUTCREAM200,L/97 cm,PLLADIES ETHNICKURTIKURTI SHORT,13,1,200.00
PL,Manas Purohit,LADIES ETHNIC,KURTI,KURTI SHORT,PRINT 38_46,FRESH,WAYSIDE,GEETA,ODP CUT,GREEN,200,LADIES ETHNICKURTIKURTI SHORTPRINT 38_46FRESHWAYSIDEGEETAODP CUTGREEN200,2XL/1.07 m,PLLADIES ETHNICKURTIKURTI SHORT,13,1,200.00
PL,Manas Purohit,LADIES ETHNIC,KURTI,KURTI SHORT,PRINT 38_46,FRESH,WAYSIDE,GEETA,ODP CUT,GREEN,200,LADIES ETHNICKURTIKURTI SHORTPRINT 38_46FRESHWAYSIDEGEETAODP CUTGREEN200,3XL/1.12 m,PLLADIES ETHNICKURTIKURTI SHORT,13,4,800.00
PL,Manas Purohit,LADIES ETHNIC,KURTI,KURTI SHORT,PRINT 38_46,FRESH,WAYSIDE,GEETA,ODP CUT,GREEN,200,LADIES ETHNICKURTIKURTI SHORTPRINT 38_46FRESHWAYSIDEGEETAODP CUTGREEN200,L/97 cm,PLLADIES ETHNICKURTIKURTI SHORT,13,3,600.00
PL,Manas Purohit,LADIES ETHNIC,KURTI,KURTI SHORT,PRINT 38_46,FRESH,WAYSIDE,GEETA,ODP CUT,GREEN,200,LADIES ETHNICKURTIKURTI SHORTPRINT 38_46FRESHWAYSIDEGEETAODP CUTGREEN200,M/91 cm,PLLADIES ETHNICKURTIKURTI SHORT,13,4,800.00
PL,Manas Purohit,LADIES ETHNIC,KURTI,KURTI SHORT,PRINT 38_46,FRESH,WAYSIDE,GEETA,ODP CUT,GREEN,200,LADIES ETHNICKURTIKURTI SHORTPRINT 38_46FRESHWAYSIDEGEETAODP CUTGREEN200,XL/1.02 m,PLLADIES ETHNICKURTIKURTI SHORT,13,4,800.00
PL,Manas Purohit,LADIES ETHNIC,KURTI,KURTI SHORT,PRINT 38_46,FRESH,WAYSIDE,GEETA,ODP CUT,GREY,200,LADIES ETHNICKURTIKURTI SHORTPRINT 38_46FRESHWAYSIDEGEETAODP CUTGREY200,2XL/1.07 m,PLLADIES ETHNICKURTIKURTI SHORT,13,2,400.00
PL,Manas Purohit,LADIES ETHNIC,KURTI,KURTI SHORT,PRINT 38_46,FRESH,WAYSIDE,GEETA,ODP CUT,GREY,200,LADIES ETHNICKURTIKURTI SHORTPRINT 38_46FRESHWAYSIDEGEETAODP CUTGREY200,3XL/1.12 m,PLLADIES ETHNICKURTIKURTI SHORT,13,2,400.00
PL,Manas Purohit,LADIES ETHNIC,KURTI,KURTI SHORT,PRINT 38_46,FRESH,WAYSIDE,GEETA,ODP CUT,GREY,200,LADIES ETHNICKURTIKURTI SHORTPRINT 38_46FRESHWAYSIDEGEETAODP CUTGREY200,L/97 cm,PLLADIES ETHNICKURTIKURTI SHORT,13,2,400.00
PL,Manas Purohit,LADIES ETHNIC,KURTI,KURTI SHORT,PRINT 38_46,FRESH,WAYSIDE,GEETA,ODP CUT,GREY,200,LADIES ETHNICKURTIKURTI SHORTPRINT 38_46FRESHWAYSIDEGEETAODP CUTGREY200,M/91 cm,PLLADIES ETHNICKURTIKURTI SHORT,13,3,600.00
PL,Manas Purohit,LADIES ETHNIC,KURTI,KURTI SHORT,PRINT 38_46,FRESH,WAYSIDE,GEETA,ODP CUT,GREY,200,LADIES ETHNICKURTIKURTI SHORTPRINT 38_46FRESHWAYSIDEGEETAODP CUTGREY200,S/86 cm,PLLADIES ETHNICKURTIKURTI SHORT,13,2,400.00
PL,Manas Purohit,LADIES ETHNIC,KURTI,KURTI SHORT,PRINT 38_46,FRESH,WAYSIDE,GEETA,ODP CUT,GREY,200,LADIES ETHNICKURTIKURTI SHORTPRINT 38_46FRESHWAYSIDEGEETAODP CUTGREY200,XL/1.02 m,PLLADIES ETHNICKURTIKURTI SHORT,13,2,400.00
PL,Manas Purohit,LADIES ETHNIC,KURTI,KURTI SHORT,PRINT 38_46,FRESH,WAYSIDE,GEETA,ODP CUT,MUSTARD,200,LADIES ETHNICKURTIKURTI SHORTPRINT 38_46FRESHWAYSIDEGEETAODP CUTMUSTARD200,2XL/1.07 m,PLLADIES ETHNICKURTIKURTI SHORT,13,2,400.00
PL,Manas Purohit,LADIES ETHNIC,KURTI,KURTI SHORT,PRINT 38_46,FRESH,WAYSIDE,GEETA,ODP CUT,MUSTARD,200,LADIES ETHNICKURTIKURTI SHORTPRINT 38_46FRESHWAYSIDEGEETAODP CUTMUSTARD200,3XL/1.12 m,PLLADIES ETHNICKURTIKURTI SHORT,13,2,400.00
PL,Manas Purohit,LADIES ETHNIC,KURTI,KURTI SHORT,PRINT 38_46,FRESH,WAYSIDE,GEETA,ODP CUT,MUSTARD,200,LADIES ETHNICKURTIKURTI SHORTPRINT 38_46FRESHWAYSIDEGEETAODP CUTMUSTARD200,L/97 cm,PLLADIES ETHNICKURTIKURTI SHORT,13,5,1000.00
PL,Manas Purohit,LADIES ETHNIC,KURTI,KURTI SHORT,PRINT 38_46,FRESH,WAYSIDE,GEETA,ODP CUT,MUSTARD,200,LADIES ETHNICKURTIKURTI SHORTPRINT 38_46FRESHWAYSIDEGEETAODP CUTMUSTARD200,M/91 cm,PLLADIES ETHNICKURTIKURTI SHORT,13,4,800.00
PL,Manas Purohit,LADIES ETHNIC,KURTI,KURTI SHORT,PRINT 38_46,FRESH,WAYSIDE,GEETA,ODP CUT,MUSTARD,200,LADIES ETHNICKURTIKURTI SHORTPRINT 38_46FRESHWAYSIDEGEETAODP CUTMUSTARD200,XL/1.02 m,PLLADIES ETHNICKURTIKURTI SHORT,13,1,200.00
PL,Manas Purohit,LADIES ETHNIC,KURTI,KURTI SHORT,PRINT 38_46,FRESH,WAYSIDE,GEETA,ODP CUT,MUSTARD,250,LADIES ETHNICKURTIKURTI SHORTPRINT 38_46FRESHWAYSIDEGEETAODP CUTMUSTARD250,4XL/1.17 m,PLLADIES ETHNICKURTIKURTI SHORT,13,1,250.00
PL,Manas Purohit,LADIES ETHNIC,KURTI,KURTI SHORT,PRINT 38_46,FRESH,WAYSIDE,GEETA,ODP CUT,NAVY,200,LADIES ETHNICKURTIKURTI SHORTPRINT 38_46FRESHWAYSIDEGEETAODP CUTNAVY200,2XL/1.07 m,PLLADIES ETHNICKURTIKURTI SHORT,13,4,800.00
PL,Manas Purohit,LADIES ETHNIC,KURTI,KURTI SHORT,PRINT 38_46,FRESH,WAYSIDE,GEETA,ODP CUT,NAVY,200,LADIES ETHNICKURTIKURTI SHORTPRINT 38_46FRESHWAYSIDEGEETAODP CUTNAVY200,3XL/1.12 m,PLLADIES ETHNICKURTIKURTI SHORT,13,1,200.00
PL,Manas Purohit,LADIES ETHNIC,KURTI,KURTI SHORT,PRINT 38_46,FRESH,WAYSIDE,GEETA,ODP CUT,NAVY,200,LADIES ETHNICKURTIKURTI SHORTPRINT 38_46FRESHWAYSIDEGEETAODP CUTNAVY200,L/97 cm,PLLADIES ETHNICKURTIKURTI SHORT,13,1,200.00
PL,Manas Purohit,LADIES ETHNIC,KURTI,KURTI SHORT,PRINT 38_46,FRESH,WAYSIDE,GEETA,ODP CUT,NAVY,200,LADIES ETHNICKURTIKURTI SHORTPRINT 38_46FRESHWAYSIDEGEETAODP CUTNAVY200,M/91 cm,PLLADIES ETHNICKURTIKURTI SHORT,13,2,400.00
PL,Manas Purohit,LADIES ETHNIC,KURTI,KURTI SHORT,PRINT 38_46,FRESH,WAYSIDE,GEETA,ODP CUT,NAVY,200,LADIES ETHNICKURTIKURTI SHORTPRINT 38_46FRESHWAYSIDEGEETAODP CUTNAVY200,XL/1.02 m,PLLADIES ETHNICKURTIKURTI SHORT,13,3,600.00
PL,Manas Purohit,LADIES ETHNIC,KURTI,KURTI SHORT,PRINT 38_46,FRESH,WAYSIDE,GEETA,ODP CUT,NAVY,250,LADIES ETHNICKURTIKURTI SHORTPRINT 38_46FRESHWAYSIDEGEETAODP CUTNAVY250,4XL/1.17 m,PLLADIES ETHNICKURTIKURTI SHORT,13,1,250.00
PL,Manas Purohit,LADIES ETHNIC,KURTI,KURTI SHORT,PRINT 38_46,FRESH,WAYSIDE,GEETA,ODP CUT,NAVY,250,LADIES ETHNICKURTIKURTI SHORTPRINT 38_46FRESHWAYSIDEGEETAODP CUTNAVY250,5XL/1.21 m,PLLADIES ETHNICKURTIKURTI SHORT,13,2,500.00
PL,Manas Purohit,LADIES ETHNIC,KURTI,KURTI SHORT,PRINT 38_46,FRESH,WAYSIDE,GEETA,ODP CUT,OLIVE,250,LADIES ETHNICKURTIKURTI SHORTPRINT 38_46FRESHWAYSIDEGEETAODP CUTOLIVE250,4XL/1.17 m,PLLADIES ETHNICKURTIKURTI SHORT,13,1,250.00
PL,Manas Purohit,LADIES ETHNIC,KURTI,KURTI SHORT,PRINT 38_46,FRESH,WAYSIDE,GEETA,ODP CUT,PINK,200,LADIES ETHNICKURTIKURTI SHORTPRINT 38_46FRESHWAYSIDEGEETAODP CUTPINK200,2XL/1.07 m,PLLADIES ETHNICKURTIKURTI SHORT,13,5,1000.00
PL,Manas Purohit,LADIES ETHNIC,KURTI,KURTI SHORT,PRINT 38_46,FRESH,WAYSIDE,GEETA,ODP CUT,PINK,200,LADIES ETHNICKURTIKURTI SHORTPRINT 38_46FRESHWAYSIDEGEETAODP CUTPINK200,3XL/1.12 m,PLLADIES ETHNICKURTIKURTI SHORT,13,4,800.00
PL,Manas Purohit,LADIES ETHNIC,KURTI,KURTI SHORT,PRINT 38_46,FRESH,WAYSIDE,GEETA,ODP CUT,PINK,200,LADIES ETHNICKURTIKURTI SHORTPRINT 38_46FRESHWAYSIDEGEETAODP CUTPINK200,L/97 cm,PLLADIES ETHNICKURTIKURTI SHORT,13,2,400.00
PL,Manas Purohit,LADIES ETHNIC,KURTI,KURTI SHORT,PRINT 38_46,FRESH,WAYSIDE,GEETA,ODP CUT,PINK,200,LADIES ETHNICKURTIKURTI SHORTPRINT 38_46FRESHWAYSIDEGEETAODP CUTPINK200,M/91 cm,PLLADIES ETHNICKURTIKURTI SHORT,13,2,400.00
PL,Manas Purohit,LADIES ETHNIC,KURTI,KURTI SHORT,PRINT 38_46,FRESH,WAYSIDE,GEETA,ODP CUT,PINK,200,LADIES ETHNICKURTIKURTI SHORTPRINT 38_46FRESHWAYSIDEGEETAODP CUTPINK200,S/86 cm,PLLADIES ETHNICKURTIKURTI SHORT,13,3,600.00
PL,Manas Purohit,LADIES ETHNIC,KURTI,KURTI SHORT,PRINT 38_46,FRESH,WAYSIDE,GEETA,ODP CUT,PINK,200,LADIES ETHNICKURTIKURTI SHORTPRINT 38_46FRESHWAYSIDEGEETAODP CUTPINK200,XL/1.02 m,PLLADIES ETHNICKURTIKURTI SHORT,13,3,600.00
PL,Manas Purohit,LADIES ETHNIC,KURTI,KURTI SHORT,PRINT 38_46,FRESH,WAYSIDE,GEETA,ODP CUT,WHITE,250,LADIES ETHNICKURTIKURTI SHORTPRINT 38_46FRESHWAYSIDEGEETAODP CUTWHITE250,4XL/1.17 m,PLLADIES ETHNICKURTIKURTI SHORT,13,1,250.00
PL,Manas Purohit,LADIES ETHNIC,KURTI,KURTI SHORT,PRINT 38_46,FRESH,WAYSIDE,GEETA,ODP CUT,WHITE,250,LADIES ETHNICKURTIKURTI SHORTPRINT 38_46FRESHWAYSIDEGEETAODP CUTWHITE250,5XL/1.21 m,PLLADIES ETHNICKURTIKURTI SHORT,13,2,500.00
RB,Dipendu Biswas,LADIES ETHNIC,KURTI,KURTI SHORT,PRINT 38_46,FRESH,WAYSIDE,GEETA,ODP CUT,BROWN,200,LADIES ETHNICKURTIKURTI SHORTPRINT 38_46FRESHWAYSIDEGEETAODP CUTBROWN200,S/86 cm,RBLADIES ETHNICKURTIKURTI SHORT,31,1,200.00
RB,Dipendu Biswas,LADIES ETHNIC,KURTI,KURTI SHORT,PRINT 38_46,FRESH,WAYSIDE,GEETA,ODP CUT,GREEN,200,LADIES ETHNICKURTIKURTI SHORTPRINT 38_46FRESHWAYSIDEGEETAODP CUTGREEN200,2XL/1.07 m,RBLADIES ETHNICKURTIKURTI SHORT,31,5,1000.00
RB,Dipendu Biswas,LADIES ETHNIC,KURTI,KURTI SHORT,PRINT 38_46,FRESH,WAYSIDE,GEETA,ODP CUT,GREEN,200,LADIES ETHNICKURTIKURTI SHORTPRINT 38_46FRESHWAYSIDEGEETAODP CUTGREEN200,3XL/1.12 m,RBLADIES ETHNICKURTIKURTI SHORT,31,3,600.00
RB,Dipendu Biswas,LADIES ETHNIC,KURTI,KURTI SHORT,PRINT 38_46,FRESH,WAYSIDE,GEETA,ODP CUT,GREEN,200,LADIES ETHNICKURTIKURTI SHORTPRINT 38_46FRESHWAYSIDEGEETAODP CUTGREEN200,L/97 cm,RBLADIES ETHNICKURTIKURTI SHORT,31,3,600.00
RB,Dipendu Biswas,LADIES ETHNIC,KURTI,KURTI SHORT,PRINT 38_46,FRESH,WAYSIDE,GEETA,ODP CUT,GREEN,200,LADIES ETHNICKURTIKURTI SHORTPRINT 38_46FRESHWAYSIDEGEETAODP CUTGREEN200,M/91 cm,RBLADIES ETHNICKURTIKURTI SHORT,31,5,1000.00
RB,Dipendu Biswas,LADIES ETHNIC,KURTI,KURTI SHORT,PRINT 38_46,FRESH,WAYSIDE,GEETA,ODP CUT,GREEN,200,LADIES ETHNICKURTIKURTI SHORTPRINT 38_46FRESHWAYSIDEGEETAODP CUTGREEN200,XL/1.02 m,RBLADIES ETHNICKURTIKURTI SHORT,31,3,600.00
RB,Dipendu Biswas,LADIES ETHNIC,KURTI,KURTI SHORT,PRINT 38_46,FRESH,WAYSIDE,GEETA,ODP CUT,GREY,200,LADIES ETHNICKURTIKURTI SHORTPRINT 38_46FRESHWAYSIDEGEETAODP CUTGREY200,2XL/1.07 m,RBLADIES ETHNICKURTIKURTI SHORT,31,5,1000.00
RB,Dipendu Biswas,LADIES ETHNIC,KURTI,KURTI SHORT,PRINT 38_46,FRESH,WAYSIDE,GEETA,ODP CUT,GREY,200,LADIES ETHNICKURTIKURTI SHORTPRINT 38_46FRESHWAYSIDEGEETAODP CUTGREY200,3XL/1.12 m,RBLADIES ETHNICKURTIKURTI SHORT,31,4,800.00
RB,Dipendu Biswas,LADIES ETHNIC,KURTI,KURTI SHORT,PRINT 38_46,FRESH,WAYSIDE,GEETA,ODP CUT,GREY,200,LADIES ETHNICKURTIKURTI SHORTPRINT 38_46FRESHWAYSIDEGEETAODP CUTGREY200,L/97 cm,RBLADIES ETHNICKURTIKURTI SHORT,31,5,1000.00
RB,Dipendu Biswas,LADIES ETHNIC,KURTI,KURTI SHORT,PRINT 38_46,FRESH,WAYSIDE,GEETA,ODP CUT,GREY,200,LADIES ETHNICKURTIKURTI SHORTPRINT 38_46FRESHWAYSIDEGEETAODP CUTGREY200,M/91 cm,RBLADIES ETHNICKURTIKURTI SHORT,31,4,800.00
RB,Dipendu Biswas,LADIES ETHNIC,KURTI,KURTI SHORT,PRINT 38_46,FRESH,WAYSIDE,GEETA,ODP CUT,GREY,200,LADIES ETHNICKURTIKURTI SHORTPRINT 38_46FRESHWAYSIDEGEETAODP CUTGREY200,S/86 cm,RBLADIES ETHNICKURTIKURTI SHORT,31,2,400.00
RB,Dipendu Biswas,LADIES ETHNIC,KURTI,KURTI SHORT,PRINT 38_46,FRESH,WAYSIDE,GEETA,ODP CUT,GREY,200,LADIES ETHNICKURTIKURTI SHORTPRINT 38_46FRESHWAYSIDEGEETAODP CUTGREY200,XL/1.02 m,RBLADIES ETHNICKURTIKURTI SHORT,31,5,1000.00
RB,Dipendu Biswas,LADIES ETHNIC,KURTI,KURTI SHORT,PRINT 38_46,FRESH,WAYSIDE,GEETA,ODP CUT,LAVENDER,200,LADIES ETHNICKURTIKURTI SHORTPRINT 38_46FRESHWAYSIDEGEETAODP CUTLAVENDER200,L/97 cm,RBLADIES ETHNICKURTIKURTI SHORT,31,1,200.00
RB,Dipendu Biswas,LADIES ETHNIC,KURTI,KURTI SHORT,PRINT 38_46,FRESH,WAYSIDE,GEETA,ODP CUT,MUSTARD,200,LADIES ETHNICKURTIKURTI SHORTPRINT 38_46FRESHWAYSIDEGEETAODP CUTMUSTARD200,2XL/1.07 m,RBLADIES ETHNICKURTIKURTI SHORT,31,5,1000.00
RB,Dipendu Biswas,LADIES ETHNIC,KURTI,KURTI SHORT,PRINT 38_46,FRESH,WAYSIDE,GEETA,ODP CUT,MUSTARD,200,LADIES ETHNICKURTIKURTI SHORTPRINT 38_46FRESHWAYSIDEGEETAODP CUTMUSTARD200,3XL/1.12 m,RBLADIES ETHNICKURTIKURTI SHORT,31,3,600.00
RB,Dipendu Biswas,LADIES ETHNIC,KURTI,KURTI SHORT,PRINT 38_46,FRESH,WAYSIDE,GEETA,ODP CUT,MUSTARD,200,LADIES ETHNICKURTIKURTI SHORTPRINT 38_46FRESHWAYSIDEGEETAODP CUTMUSTARD200,L/97 cm,RBLADIES ETHNICKURTIKURTI SHORT,31,2,400.00
RB,Dipendu Biswas,LADIES ETHNIC,KURTI,KURTI SHORT,PRINT 38_46,FRESH,WAYSIDE,GEETA,ODP CUT,MUSTARD,200,LADIES ETHNICKURTIKURTI SHORTPRINT 38_46FRESHWAYSIDEGEETAODP CUTMUSTARD200,M/91 cm,RBLADIES ETHNICKURTIKURTI SHORT,31,4,800.00
RB,Dipendu Biswas,LADIES ETHNIC,KURTI,KURTI SHORT,PRINT 38_46,FRESH,WAYSIDE,GEETA,ODP CUT,MUSTARD,200,LADIES ETHNICKURTIKURTI SHORTPRINT 38_46FRESHWAYSIDEGEETAODP CUTMUSTARD200,S/86 cm,RBLADIES ETHNICKURTIKURTI SHORT,31,2,400.00
RB,Dipendu Biswas,LADIES ETHNIC,KURTI,KURTI SHORT,PRINT 38_46,FRESH,WAYSIDE,GEETA,ODP CUT,MUSTARD,200,LADIES ETHNICKURTIKURTI SHORTPRINT 38_46FRESHWAYSIDEGEETAODP CUTMUSTARD200,XL/1.02 m,RBLADIES ETHNICKURTIKURTI SHORT,31,4,800.00
RB,Dipendu Biswas,LADIES ETHNIC,KURTI,KURTI SHORT,PRINT 38_46,FRESH,WAYSIDE,GEETA,ODP CUT,NAVY,200,LADIES ETHNICKURTIKURTI SHORTPRINT 38_46FRESHWAYSIDEGEETAODP CUTNAVY200,2XL/1.07 m,RBLADIES ETHNICKURTIKURTI SHORT,31,2,400.00
RB,Dipendu Biswas,LADIES ETHNIC,KURTI,KURTI SHORT,PRINT 38_46,FRESH,WAYSIDE,GEETA,ODP CUT,NAVY,200,LADIES ETHNICKURTIKURTI SHORTPRINT 38_46FRESHWAYSIDEGEETAODP CUTNAVY200,3XL/1.12 m,RBLADIES ETHNICKURTIKURTI SHORT,31,3,600.00
RB,Dipendu Biswas,LADIES ETHNIC,KURTI,KURTI SHORT,PRINT 38_46,FRESH,WAYSIDE,GEETA,ODP CUT,NAVY,200,LADIES ETHNICKURTIKURTI SHORTPRINT 38_46FRESHWAYSIDEGEETAODP CUTNAVY200,M/91 cm,RBLADIES ETHNICKURTIKURTI SHORT,31,2,400.00
RB,Dipendu Biswas,LADIES ETHNIC,KURTI,KURTI SHORT,PRINT 38_46,FRESH,WAYSIDE,GEETA,ODP CUT,NAVY,200,LADIES ETHNICKURTIKURTI SHORTPRINT 38_46FRESHWAYSIDEGEETAODP CUTNAVY200,S/86 cm,RBLADIES ETHNICKURTIKURTI SHORT,31,2,400.00
RB,Dipendu Biswas,LADIES ETHNIC,KURTI,KURTI SHORT,PRINT 38_46,FRESH,WAYSIDE,GEETA,ODP CUT,PINK,200,LADIES ETHNICKURTIKURTI SHORTPRINT 38_46FRESHWAYSIDEGEETAODP CUTPINK200,2XL/1.07 m,RBLADIES ETHNICKURTIKURTI SHORT,31,5,1000.00
RB,Dipendu Biswas,LADIES ETHNIC,KURTI,KURTI SHORT,PRINT 38_46,FRESH,WAYSIDE,GEETA,ODP CUT,PINK,200,LADIES ETHNICKURTIKURTI SHORTPRINT 38_46FRESHWAYSIDEGEETAODP CUTPINK200,3XL/1.12 m,RBLADIES ETHNICKURTIKURTI SHORT,31,2,400.00
RB,Dipendu Biswas,LADIES ETHNIC,KURTI,KURTI SHORT,PRINT 38_46,FRESH,WAYSIDE,GEETA,ODP CUT,PINK,200,LADIES ETHNICKURTIKURTI SHORTPRINT 38_46FRESHWAYSIDEGEETAODP CUTPINK200,L/97 cm,RBLADIES ETHNICKURTIKURTI SHORT,31,6,1200.00
RB,Dipendu Biswas,LADIES ETHNIC,KURTI,KURTI SHORT,PRINT 38_46,FRESH,WAYSIDE,GEETA,ODP CUT,PINK,200,LADIES ETHNICKURTIKURTI SHORTPRINT 38_46FRESHWAYSIDEGEETAODP CUTPINK200,M/91 cm,RBLADIES ETHNICKURTIKURTI SHORT,31,3,600.00
RB,Dipendu Biswas,LADIES ETHNIC,KURTI,KURTI SHORT,PRINT 38_46,FRESH,WAYSIDE,GEETA,ODP CUT,PINK,200,LADIES ETHNICKURTIKURTI SHORTPRINT 38_46FRESHWAYSIDEGEETAODP CUTPINK200,S/86 cm,RBLADIES ETHNICKURTIKURTI SHORT,31,2,400.00
RB,Dipendu Biswas,LADIES ETHNIC,KURTI,KURTI SHORT,PRINT 38_46,FRESH,WAYSIDE,GEETA,ODP CUT,PINK,200,LADIES ETHNICKURTIKURTI SHORTPRINT 38_46FRESHWAYSIDEGEETAODP CUTPINK200,XL/1.02 m,RBLADIES ETHNICKURTIKURTI SHORT,31,6,1200.00
RG,Kumar Vikash,LADIES ETHNIC,KURTI,KURTI SHORT,PRINT 38_46,FRESH,WAYSIDE,GEETA,ODP CUT,BLACK,200,LADIES ETHNICKURTIKURTI SHORTPRINT 38_46FRESHWAYSIDEGEETAODP CUTBLACK200,2XL/1.07 m,RGLADIES ETHNICKURTIKURTI SHORT,11,1,200.00
RG,Kumar Vikash,LADIES ETHNIC,KURTI,KURTI SHORT,PRINT 38_46,FRESH,WAYSIDE,GEETA,ODP CUT,BROWN,200,LADIES ETHNICKURTIKURTI SHORTPRINT 38_46FRESHWAYSIDEGEETAODP CUTBROWN200,3XL/1.12 m,RGLADIES ETHNICKURTIKURTI SHORT,11,4,800.00
RG,Kumar Vikash,LADIES ETHNIC,KURTI,KURTI SHORT,PRINT 38_46,FRESH,WAYSIDE,GEETA,ODP CUT,BROWN,200,LADIES ETHNICKURTIKURTI SHORTPRINT 38_46FRESHWAYSIDEGEETAODP CUTBROWN200,XL/1.02 m,RGLADIES ETHNICKURTIKURTI SHORT,11,1,200.00
RG,Kumar Vikash,LADIES ETHNIC,KURTI,KURTI SHORT,PRINT 38_46,FRESH,WAYSIDE,GEETA,ODP CUT,CORAL,200,LADIES ETHNICKURTIKURTI SHORTPRINT 38_46FRESHWAYSIDEGEETAODP CUTCORAL200,2XL/1.07 m,RGLADIES ETHNICKURTIKURTI SHORT,11,6,1200.00
RG,Kumar Vikash,LADIES ETHNIC,KURTI,KURTI SHORT,PRINT 38_46,FRESH,WAYSIDE,GEETA,ODP CUT,CORAL,200,LADIES ETHNICKURTIKURTI SHORTPRINT 38_46FRESHWAYSIDEGEETAODP CUTCORAL200,3XL/1.12 m,RGLADIES ETHNICKURTIKURTI SHORT,11,1,200.00
RG,Kumar Vikash,LADIES ETHNIC,KURTI,KURTI SHORT,PRINT 38_46,FRESH,WAYSIDE,GEETA,ODP CUT,CORAL,200,LADIES ETHNICKURTIKURTI SHORTPRINT 38_46FRESHWAYSIDEGEETAODP CUTCORAL200,XL/1.02 m,RGLADIES ETHNICKURTIKURTI SHORT,11,3,600.00
RG,Kumar Vikash,LADIES ETHNIC,KURTI,KURTI SHORT,PRINT 38_46,FRESH,WAYSIDE,GEETA,ODP CUT,CREAM,200,LADIES ETHNICKURTIKURTI SHORTPRINT 38_46FRESHWAYSIDEGEETAODP CUTCREAM200,2XL/1.07 m,RGLADIES ETHNICKURTIKURTI SHORT,11,1,200.00
RG,Kumar Vikash,LADIES ETHNIC,KURTI,KURTI SHORT,PRINT 38_46,FRESH,WAYSIDE,GEETA,ODP CUT,CREAM,200,LADIES ETHNICKURTIKURTI SHORTPRINT 38_46FRESHWAYSIDEGEETAODP CUTCREAM200,3XL/1.12 m,RGLADIES ETHNICKURTIKURTI SHORT,11,2,400.00
RG,Kumar Vikash,LADIES ETHNIC,KURTI,KURTI SHORT,PRINT 38_46,FRESH,WAYSIDE,GEETA,ODP CUT,GREEN,200,LADIES ETHNICKURTIKURTI SHORTPRINT 38_46FRESHWAYSIDEGEETAODP CUTGREEN200,2XL/1.07 m,RGLADIES ETHNICKURTIKURTI SHORT,11,9,1800.00
RG,Kumar Vikash,LADIES ETHNIC,KURTI,KURTI SHORT,PRINT 38_46,FRESH,WAYSIDE,GEETA,ODP CUT,GREEN,200,LADIES ETHNICKURTIKURTI SHORTPRINT 38_46FRESHWAYSIDEGEETAODP CUTGREEN200,3XL/1.12 m,RGLADIES ETHNICKURTIKURTI SHORT,11,1,200.00
RG,Kumar Vikash,LADIES ETHNIC,KURTI,KURTI SHORT,PRINT 38_46,FRESH,WAYSIDE,GEETA,ODP CUT,GREEN,200,LADIES ETHNICKURTIKURTI SHORTPRINT 38_46FRESHWAYSIDEGEETAODP CUTGREEN200,L/97 cm,RGLADIES ETHNICKURTIKURTI SHORT,11,3,600.00
RG,Kumar Vikash,LADIES ETHNIC,KURTI,KURTI SHORT,PRINT 38_46,FRESH,WAYSIDE,GEETA,ODP CUT,GREEN,200,LADIES ETHNICKURTIKURTI SHORTPRINT 38_46FRESHWAYSIDEGEETAODP CUTGREEN200,M/91 cm,RGLADIES ETHNICKURTIKURTI SHORT,11,3,600.00
RG,Kumar Vikash,LADIES ETHNIC,KURTI,KURTI SHORT,PRINT 38_46,FRESH,WAYSIDE,GEETA,ODP CUT,GREEN,200,LADIES ETHNICKURTIKURTI SHORTPRINT 38_46FRESHWAYSIDEGEETAODP CUTGREEN200,XL/1.02 m,RGLADIES ETHNICKURTIKURTI SHORT,11,4,800.00
RG,Kumar Vikash,LADIES ETHNIC,KURTI,KURTI SHORT,PRINT 38_46,FRESH,WAYSIDE,GEETA,ODP CUT,GREY,200,LADIES ETHNICKURTIKURTI SHORTPRINT 38_46FRESHWAYSIDEGEETAODP CUTGREY200,2XL/1.07 m,RGLADIES ETHNICKURTIKURTI SHORT,11,4,800.00
RG,Kumar Vikash,LADIES ETHNIC,KURTI,KURTI SHORT,PRINT 38_46,FRESH,WAYSIDE,GEETA,ODP CUT,GREY,200,LADIES ETHNICKURTIKURTI SHORTPRINT 38_46FRESHWAYSIDEGEETAODP CUTGREY200,3XL/1.12 m,RGLADIES ETHNICKURTIKURTI SHORT,11,2,400.00
RG,Kumar Vikash,LADIES ETHNIC,KURTI,KURTI SHORT,PRINT 38_46,FRESH,WAYSIDE,GEETA,ODP CUT,GREY,200,LADIES ETHNICKURTIKURTI SHORTPRINT 38_46FRESHWAYSIDEGEETAODP CUTGREY200,L/97 cm,RGLADIES ETHNICKURTIKURTI SHORT,11,4,800.00
RG,Kumar Vikash,LADIES ETHNIC,KURTI,KURTI SHORT,PRINT 38_46,FRESH,WAYSIDE,GEETA,ODP CUT,GREY,200,LADIES ETHNICKURTIKURTI SHORTPRINT 38_46FRESHWAYSIDEGEETAODP CUTGREY200,M/91 cm,RGLADIES ETHNICKURTIKURTI SHORT,11,2,400.00
RG,Kumar Vikash,LADIES ETHNIC,KURTI,KURTI SHORT,PRINT 38_46,FRESH,WAYSIDE,GEETA,ODP CUT,GREY,200,LADIES ETHNICKURTIKURTI SHORTPRINT 38_46FRESHWAYSIDEGEETAODP CUTGREY200,XL/1.02 m,RGLADIES ETHNICKURTIKURTI SHORT,11,4,800.00
RG,Kumar Vikash,LADIES ETHNIC,KURTI,KURTI SHORT,PRINT 38_46,FRESH,WAYSIDE,GEETA,ODP CUT,LAVENDER,200,LADIES ETHNICKURTIKURTI SHORTPRINT 38_46FRESHWAYSIDEGEETAODP CUTLAVENDER200,2XL/1.07 m,RGLADIES ETHNICKURTIKURTI SHORT,11,3,600.00
RG,Kumar Vikash,LADIES ETHNIC,KURTI,KURTI SHORT,PRINT 38_46,FRESH,WAYSIDE,GEETA,ODP CUT,LAVENDER,200,LADIES ETHNICKURTIKURTI SHORTPRINT 38_46FRESHWAYSIDEGEETAODP CUTLAVENDER200,3XL/1.12 m,RGLADIES ETHNICKURTIKURTI SHORT,11,2,400.00
RG,Kumar Vikash,LADIES ETHNIC,KURTI,KURTI SHORT,PRINT 38_46,FRESH,WAYSIDE,GEETA,ODP CUT,LAVENDER,200,LADIES ETHNICKURTIKURTI SHORTPRINT 38_46FRESHWAYSIDEGEETAODP CUTLAVENDER200,L/97 cm,RGLADIES ETHNICKURTIKURTI SHORT,11,1,200.00
RG,Kumar Vikash,LADIES ETHNIC,KURTI,KURTI SHORT,PRINT 38_46,FRESH,WAYSIDE,GEETA,ODP CUT,MUSTARD,200,LADIES ETHNICKURTIKURTI SHORTPRINT 38_46FRESHWAYSIDEGEETAODP CUTMUSTARD200,2XL/1.07 m,RGLADIES ETHNICKURTIKURTI SHORT,11,3,600.00
RG,Kumar Vikash,LADIES ETHNIC,KURTI,KURTI SHORT,PRINT 38_46,FRESH,WAYSIDE,GEETA,ODP CUT,MUSTARD,200,LADIES ETHNICKURTIKURTI SHORTPRINT 38_46FRESHWAYSIDEGEETAODP CUTMUSTARD200,L/97 cm,RGLADIES ETHNICKURTIKURTI SHORT,11,4,800.00
RG,Kumar Vikash,LADIES ETHNIC,KURTI,KURTI SHORT,PRINT 38_46,FRESH,WAYSIDE,GEETA,ODP CUT,MUSTARD,200,LADIES ETHNICKURTIKURTI SHORTPRINT 38_46FRESHWAYSIDEGEETAODP CUTMUSTARD200,M/91 cm,RGLADIES ETHNICKURTIKURTI SHORT,11,4,800.00
RG,Kumar Vikash,LADIES ETHNIC,KURTI,KURTI SHORT,PRINT 38_46,FRESH,WAYSIDE,GEETA,ODP CUT,MUSTARD,200,LADIES ETHNICKURTIKURTI SHORTPRINT 38_46FRESHWAYSIDEGEETAODP CUTMUSTARD200,XL/1.02 m,RGLADIES ETHNICKURTIKURTI SHORT,11,4,800.00
RG,Kumar Vikash,LADIES ETHNIC,KURTI,KURTI SHORT,PRINT 38_46,FRESH,WAYSIDE,GEETA,ODP CUT,NAVY,200,LADIES ETHNICKURTIKURTI SHORTPRINT 38_46FRESHWAYSIDEGEETAODP CUTNAVY200,2XL/1.07 m,RGLADIES ETHNICKURTIKURTI SHORT,11,6,1200.00
RG,Kumar Vikash,LADIES ETHNIC,KURTI,KURTI SHORT,PRINT 38_46,FRESH,WAYSIDE,GEETA,ODP CUT,NAVY,200,LADIES ETHNICKURTIKURTI SHORTPRINT 38_46FRESHWAYSIDEGEETAODP CUTNAVY200,3XL/1.12 m,RGLADIES ETHNICKURTIKURTI SHORT,11,3,600.00
RG,Kumar Vikash,LADIES ETHNIC,KURTI,KURTI SHORT,PRINT 38_46,FRESH,WAYSIDE,GEETA,ODP CUT,NAVY,200,LADIES ETHNICKURTIKURTI SHORTPRINT 38_46FRESHWAYSIDEGEETAODP CUTNAVY200,L/97 cm,RGLADIES ETHNICKURTIKURTI SHORT,11,3,600.00
RG,Kumar Vikash,LADIES ETHNIC,KURTI,KURTI SHORT,PRINT 38_46,FRESH,WAYSIDE,GEETA,ODP CUT,NAVY,200,LADIES ETHNICKURTIKURTI SHORTPRINT 38_46FRESHWAYSIDEGEETAODP CUTNAVY200,M/91 cm,RGLADIES ETHNICKURTIKURTI SHORT,11,3,600.00
RG,Kumar Vikash,LADIES ETHNIC,KURTI,KURTI SHORT,PRINT 38_46,FRESH,WAYSIDE,GEETA,ODP CUT,NAVY,200,LADIES ETHNICKURTIKURTI SHORTPRINT 38_46FRESHWAYSIDEGEETAODP CUTNAVY200,XL/1.02 m,RGLADIES ETHNICKURTIKURTI SHORT,11,5,1000.00
RG,Kumar Vikash,LADIES ETHNIC,KURTI,KURTI SHORT,PRINT 38_46,FRESH,WAYSIDE,GEETA,ODP CUT,NAVY,250,LADIES ETHNICKURTIKURTI SHORTPRINT 38_46FRESHWAYSIDEGEETAODP CUTNAVY250,5XL/1.21 m,RGLADIES ETHNICKURTIKURTI SHORT,11,1,250.00
RG,Kumar Vikash,LADIES ETHNIC,KURTI,KURTI SHORT,PRINT 38_46,FRESH,WAYSIDE,GEETA,ODP CUT,PINK,200,LADIES ETHNICKURTIKURTI SHORTPRINT 38_46FRESHWAYSIDEGEETAODP CUTPINK200,2XL/1.07 m,RGLADIES ETHNICKURTIKURTI SHORT,11,7,1400.00
RG,Kumar Vikash,LADIES ETHNIC,KURTI,KURTI SHORT,PRINT 38_46,FRESH,WAYSIDE,GEETA,ODP CUT,PINK,200,LADIES ETHNICKURTIKURTI SHORTPRINT 38_46FRESHWAYSIDEGEETAODP CUTPINK200,3XL/1.12 m,RGLADIES ETHNICKURTIKURTI SHORT,11,4,800.00
RG,Kumar Vikash,LADIES ETHNIC,KURTI,KURTI SHORT,PRINT 38_46,FRESH,WAYSIDE,GEETA,ODP CUT,PINK,200,LADIES ETHNICKURTIKURTI SHORTPRINT 38_46FRESHWAYSIDEGEETAODP CUTPINK200,L/97 cm,RGLADIES ETHNICKURTIKURTI SHORT,11,4,800.00
RG,Kumar Vikash,LADIES ETHNIC,KURTI,KURTI SHORT,PRINT 38_46,FRESH,WAYSIDE,GEETA,ODP CUT,PINK,200,LADIES ETHNICKURTIKURTI SHORTPRINT 38_46FRESHWAYSIDEGEETAODP CUTPINK200,M/91 cm,RGLADIES ETHNICKURTIKURTI SHORT,11,4,800.00
RG,Kumar Vikash,LADIES ETHNIC,KURTI,KURTI SHORT,PRINT 38_46,FRESH,WAYSIDE,GEETA,ODP CUT,PINK,200,LADIES ETHNICKURTIKURTI SHORTPRINT 38_46FRESHWAYSIDEGEETAODP CUTPINK200,S/86 cm,RGLADIES ETHNICKURTIKURTI SHORT,11,1,200.00
RG,Kumar Vikash,LADIES ETHNIC,KURTI,KURTI SHORT,PRINT 38_46,FRESH,WAYSIDE,GEETA,ODP CUT,PINK,200,LADIES ETHNICKURTIKURTI SHORTPRINT 38_46FRESHWAYSIDEGEETAODP CUTPINK200,XL/1.02 m,RGLADIES ETHNICKURTIKURTI SHORT,11,5,1000.00
RG,Kumar Vikash,LADIES ETHNIC,KURTI,KURTI SHORT,PRINT 38_46,FRESH,WAYSIDE,GEETA,ODP CUT,PISTA,200,LADIES ETHNICKURTIKURTI SHORTPRINT 38_46FRESHWAYSIDEGEETAODP CUTPISTA200,3XL/1.12 m,RGLADIES ETHNICKURTIKURTI SHORT,11,2,400.00
RG,Kumar Vikash,LADIES ETHNIC,KURTI,KURTI SHORT,PRINT 38_46,FRESH,WAYSIDE,GEETA,ODP CUT,RED,200,LADIES ETHNICKURTIKURTI SHORTPRINT 38_46FRESHWAYSIDEGEETAODP CUTRED200,2XL/1.07 m,RGLADIES ETHNICKURTIKURTI SHORT,11,2,400.00
RG,Kumar Vikash,LADIES ETHNIC,KURTI,KURTI SHORT,PRINT 38_46,FRESH,WAYSIDE,GEETA,ODP CUT,RED,200,LADIES ETHNICKURTIKURTI SHORTPRINT 38_46FRESHWAYSIDEGEETAODP CUTRED200,3XL/1.12 m,RGLADIES ETHNICKURTIKURTI SHORT,11,3,600.00
RG,Kumar Vikash,LADIES ETHNIC,KURTI,KURTI SHORT,PRINT 38_46,FRESH,WAYSIDE,GEETA,ODP CUT,SEA GREEN,200,LADIES ETHNICKURTIKURTI SHORTPRINT 38_46FRESHWAYSIDEGEETAODP CUTSEA GREEN200,2XL/1.07 m,RGLADIES ETHNICKURTIKURTI SHORT,11,2,400.00
RJ,Pintu Singh,LADIES ETHNIC,KURTI,KURTI SHORT,PRINT 38_46,FRESH,WAYSIDE,GEETA,ODP CUT,GREEN,200,LADIES ETHNICKURTIKURTI SHORTPRINT 38_46FRESHWAYSIDEGEETAODP CUTGREEN200,2XL/1.07 m,RJLADIES ETHNICKURTIKURTI SHORT,9,3,600.00
RJ,Pintu Singh,LADIES ETHNIC,KURTI,KURTI SHORT,PRINT 38_46,FRESH,WAYSIDE,GEETA,ODP CUT,GREEN,200,LADIES ETHNICKURTIKURTI SHORTPRINT 38_46FRESHWAYSIDEGEETAODP CUTGREEN200,3XL/1.12 m,RJLADIES ETHNICKURTIKURTI SHORT,9,3,600.00
RJ,Pintu Singh,LADIES ETHNIC,KURTI,KURTI SHORT,PRINT 38_46,FRESH,WAYSIDE,GEETA,ODP CUT,GREEN,200,LADIES ETHNICKURTIKURTI SHORTPRINT 38_46FRESHWAYSIDEGEETAODP CUTGREEN200,L/97 cm,RJLADIES ETHNICKURTIKURTI SHORT,9,2,400.00
RJ,Pintu Singh,LADIES ETHNIC,KURTI,KURTI SHORT,PRINT 38_46,FRESH,WAYSIDE,GEETA,ODP CUT,GREEN,200,LADIES ETHNICKURTIKURTI SHORTPRINT 38_46FRESHWAYSIDEGEETAODP CUTGREEN200,M/91 cm,RJLADIES ETHNICKURTIKURTI SHORT,9,2,400.00
RJ,Pintu Singh,LADIES ETHNIC,KURTI,KURTI SHORT,PRINT 38_46,FRESH,WAYSIDE,GEETA,ODP CUT,GREEN,200,LADIES ETHNICKURTIKURTI SHORTPRINT 38_46FRESHWAYSIDEGEETAODP CUTGREEN200,S/86 cm,RJLADIES ETHNICKURTIKURTI SHORT,9,3,600.00
RJ,Pintu Singh,LADIES ETHNIC,KURTI,KURTI SHORT,PRINT 38_46,FRESH,WAYSIDE,GEETA,ODP CUT,GREEN,200,LADIES ETHNICKURTIKURTI SHORTPRINT 38_46FRESHWAYSIDEGEETAODP CUTGREEN200,XL/1.02 m,RJLADIES ETHNICKURTIKURTI SHORT,9,2,400.00
RJ,Pintu Singh,LADIES ETHNIC,KURTI,KURTI SHORT,PRINT 38_46,FRESH,WAYSIDE,GEETA,ODP CUT,GREY,200,LADIES ETHNICKURTIKURTI SHORTPRINT 38_46FRESHWAYSIDEGEETAODP CUTGREY200,2XL/1.07 m,RJLADIES ETHNICKURTIKURTI SHORT,9,4,800.00
RJ,Pintu Singh,LADIES ETHNIC,KURTI,KURTI SHORT,PRINT 38_46,FRESH,WAYSIDE,GEETA,ODP CUT,GREY,200,LADIES ETHNICKURTIKURTI SHORTPRINT 38_46FRESHWAYSIDEGEETAODP CUTGREY200,3XL/1.12 m,RJLADIES ETHNICKURTIKURTI SHORT,9,2,400.00
RJ,Pintu Singh,LADIES ETHNIC,KURTI,KURTI SHORT,PRINT 38_46,FRESH,WAYSIDE,GEETA,ODP CUT,GREY,200,LADIES ETHNICKURTIKURTI SHORTPRINT 38_46FRESHWAYSIDEGEETAODP CUTGREY200,L/97 cm,RJLADIES ETHNICKURTIKURTI SHORT,9,3,600.00
RJ,Pintu Singh,LADIES ETHNIC,KURTI,KURTI SHORT,PRINT 38_46,FRESH,WAYSIDE,GEETA,ODP CUT,GREY,200,LADIES ETHNICKURTIKURTI SHORTPRINT 38_46FRESHWAYSIDEGEETAODP CUTGREY200,M/91 cm,RJLADIES ETHNICKURTIKURTI SHORT,9,2,400.00
RJ,Pintu Singh,LADIES ETHNIC,KURTI,KURTI SHORT,PRINT 38_46,FRESH,WAYSIDE,GEETA,ODP CUT,GREY,200,LADIES ETHNICKURTIKURTI SHORTPRINT 38_46FRESHWAYSIDEGEETAODP CUTGREY200,S/86 cm,RJLADIES ETHNICKURTIKURTI SHORT,9,2,400.00
RJ,Pintu Singh,LADIES ETHNIC,KURTI,KURTI SHORT,PRINT 38_46,FRESH,WAYSIDE,GEETA,ODP CUT,GREY,200,LADIES ETHNICKURTIKURTI SHORTPRINT 38_46FRESHWAYSIDEGEETAODP CUTGREY200,XL/1.02 m,RJLADIES ETHNICKURTIKURTI SHORT,9,3,600.00
RJ,Pintu Singh,LADIES ETHNIC,KURTI,KURTI SHORT,PRINT 38_46,FRESH,WAYSIDE,GEETA,ODP CUT,LAVENDER,200,LADIES ETHNICKURTIKURTI SHORTPRINT 38_46FRESHWAYSIDEGEETAODP CUTLAVENDER200,3XL/1.12 m,RJLADIES ETHNICKURTIKURTI SHORT,9,1,200.00
RJ,Pintu Singh,LADIES ETHNIC,KURTI,KURTI SHORT,PRINT 38_46,FRESH,WAYSIDE,GEETA,ODP CUT,MUSTARD,200,LADIES ETHNICKURTIKURTI SHORTPRINT 38_46FRESHWAYSIDEGEETAODP CUTMUSTARD200,2XL/1.07 m,RJLADIES ETHNICKURTIKURTI SHORT,9,2,400.00
RJ,Pintu Singh,LADIES ETHNIC,KURTI,KURTI SHORT,PRINT 38_46,FRESH,WAYSIDE,GEETA,ODP CUT,MUSTARD,200,LADIES ETHNICKURTIKURTI SHORTPRINT 38_46FRESHWAYSIDEGEETAODP CUTMUSTARD200,3XL/1.12 m,RJLADIES ETHNICKURTIKURTI SHORT,9,1,200.00
RJ,Pintu Singh,LADIES ETHNIC,KURTI,KURTI SHORT,PRINT 38_46,FRESH,WAYSIDE,GEETA,ODP CUT,MUSTARD,200,LADIES ETHNICKURTIKURTI SHORTPRINT 38_46FRESHWAYSIDEGEETAODP CUTMUSTARD200,L/97 cm,RJLADIES ETHNICKURTIKURTI SHORT,9,5,1000.00
RJ,Pintu Singh,LADIES ETHNIC,KURTI,KURTI SHORT,PRINT 38_46,FRESH,WAYSIDE,GEETA,ODP CUT,MUSTARD,200,LADIES ETHNICKURTIKURTI SHORTPRINT 38_46FRESHWAYSIDEGEETAODP CUTMUSTARD200,M/91 cm,RJLADIES ETHNICKURTIKURTI SHORT,9,2,400.00
RJ,Pintu Singh,LADIES ETHNIC,KURTI,KURTI SHORT,PRINT 38_46,FRESH,WAYSIDE,GEETA,ODP CUT,MUSTARD,200,LADIES ETHNICKURTIKURTI SHORTPRINT 38_46FRESHWAYSIDEGEETAODP CUTMUSTARD200,S/86 cm,RJLADIES ETHNICKURTIKURTI SHORT,9,1,200.00
RJ,Pintu Singh,LADIES ETHNIC,KURTI,KURTI SHORT,PRINT 38_46,FRESH,WAYSIDE,GEETA,ODP CUT,MUSTARD,200,LADIES ETHNICKURTIKURTI SHORTPRINT 38_46FRESHWAYSIDEGEETAODP CUTMUSTARD200,XL/1.02 m,RJLADIES ETHNICKURTIKURTI SHORT,9,4,800.00
RJ,Pintu Singh,LADIES ETHNIC,KURTI,KURTI SHORT,PRINT 38_46,FRESH,WAYSIDE,GEETA,ODP CUT,NAVY,200,LADIES ETHNICKURTIKURTI SHORTPRINT 38_46FRESHWAYSIDEGEETAODP CUTNAVY200,2XL/1.07 m,RJLADIES ETHNICKURTIKURTI SHORT,9,2,400.00
RJ,Pintu Singh,LADIES ETHNIC,KURTI,KURTI SHORT,PRINT 38_46,FRESH,WAYSIDE,GEETA,ODP CUT,NAVY,200,LADIES ETHNICKURTIKURTI SHORTPRINT 38_46FRESHWAYSIDEGEETAODP CUTNAVY200,3XL/1.12 m,RJLADIES ETHNICKURTIKURTI SHORT,9,2,400.00
RJ,Pintu Singh,LADIES ETHNIC,KURTI,KURTI SHORT,PRINT 38_46,FRESH,WAYSIDE,GEETA,ODP CUT,NAVY,200,LADIES ETHNICKURTIKURTI SHORTPRINT 38_46FRESHWAYSIDEGEETAODP CUTNAVY200,L/97 cm,RJLADIES ETHNICKURTIKURTI SHORT,9,2,400.00
RJ,Pintu Singh,LADIES ETHNIC,KURTI,KURTI SHORT,PRINT 38_46,FRESH,WAYSIDE,GEETA,ODP CUT,NAVY,200,LADIES ETHNICKURTIKURTI SHORTPRINT 38_46FRESHWAYSIDEGEETAODP CUTNAVY200,M/91 cm,RJLADIES ETHNICKURTIKURTI SHORT,9,3,600.00
RJ,Pintu Singh,LADIES ETHNIC,KURTI,KURTI SHORT,PRINT 38_46,FRESH,WAYSIDE,GEETA,ODP CUT,NAVY,200,LADIES ETHNICKURTIKURTI SHORTPRINT 38_46FRESHWAYSIDEGEETAODP CUTNAVY200,S/86 cm,RJLADIES ETHNICKURTIKURTI SHORT,9,2,400.00
RJ,Pintu Singh,LADIES ETHNIC,KURTI,KURTI SHORT,PRINT 38_46,FRESH,WAYSIDE,GEETA,ODP CUT,NAVY,200,LADIES ETHNICKURTIKURTI SHORTPRINT 38_46FRESHWAYSIDEGEETAODP CUTNAVY200,XL/1.02 m,RJLADIES ETHNICKURTIKURTI SHORT,9,1,200.00
RJ,Pintu Singh,LADIES ETHNIC,KURTI,KURTI SHORT,PRINT 38_46,FRESH,WAYSIDE,GEETA,ODP CUT,NAVY,250,LADIES ETHNICKURTIKURTI SHORTPRINT 38_46FRESHWAYSIDEGEETAODP CUTNAVY250,4XL/1.17 m,RJLADIES ETHNICKURTIKURTI SHORT,9,1,250.00
RJ,Pintu Singh,LADIES ETHNIC,KURTI,KURTI SHORT,PRINT 38_46,FRESH,WAYSIDE,GEETA,ODP CUT,PINK,200,LADIES ETHNICKURTIKURTI SHORTPRINT 38_46FRESHWAYSIDEGEETAODP CUTPINK200,2XL/1.07 m,RJLADIES ETHNICKURTIKURTI SHORT,9,2,400.00
RJ,Pintu Singh,LADIES ETHNIC,KURTI,KURTI SHORT,PRINT 38_46,FRESH,WAYSIDE,GEETA,ODP CUT,PINK,200,LADIES ETHNICKURTIKURTI SHORTPRINT 38_46FRESHWAYSIDEGEETAODP CUTPINK200,3XL/1.12 m,RJLADIES ETHNICKURTIKURTI SHORT,9,2,400.00
RJ,Pintu Singh,LADIES ETHNIC,KURTI,KURTI SHORT,PRINT 38_46,FRESH,WAYSIDE,GEETA,ODP CUT,PINK,200,LADIES ETHNICKURTIKURTI SHORTPRINT 38_46FRESHWAYSIDEGEETAODP CUTPINK200,L/97 cm,RJLADIES ETHNICKURTIKURTI SHORT,9,4,800.00
RJ,Pintu Singh,LADIES ETHNIC,KURTI,KURTI SHORT,PRINT 38_46,FRESH,WAYSIDE,GEETA,ODP CUT,PINK,200,LADIES ETHNICKURTIKURTI SHORTPRINT 38_46FRESHWAYSIDEGEETAODP CUTPINK200,M/91 cm,RJLADIES ETHNICKURTIKURTI SHORT,9,2,400.00
RJ,Pintu Singh,LADIES ETHNIC,KURTI,KURTI SHORT,PRINT 38_46,FRESH,WAYSIDE,GEETA,ODP CUT,PINK,200,LADIES ETHNICKURTIKURTI SHORTPRINT 38_46FRESHWAYSIDEGEETAODP CUTPINK200,S/86 cm,RJLADIES ETHNICKURTIKURTI SHORT,9,4,800.00
RJ,Pintu Singh,LADIES ETHNIC,KURTI,KURTI SHORT,PRINT 38_46,FRESH,WAYSIDE,GEETA,ODP CUT,PINK,200,LADIES ETHNICKURTIKURTI SHORTPRINT 38_46FRESHWAYSIDEGEETAODP CUTPINK200,XL/1.02 m,RJLADIES ETHNICKURTIKURTI SHORT,9,1,200.00
RJ,Pintu Singh,LADIES ETHNIC,KURTI,KURTI SHORT,PRINT 38_46,FRESH,WAYSIDE,GEETA,ODP CUT,RED,200,LADIES ETHNICKURTIKURTI SHORTPRINT 38_46FRESHWAYSIDEGEETAODP CUTRED200,2XL/1.07 m,RJLADIES ETHNICKURTIKURTI SHORT,9,1,200.00
RN,Utpal Ray,LADIES ETHNIC,KURTI,KURTI SHORT,PRINT 38_46,FRESH,WAYSIDE,GEETA,ODP CUT,BROWN,200,LADIES ETHNICKURTIKURTI SHORTPRINT 38_46FRESHWAYSIDEGEETAODP CUTBROWN200,2XL/1.07 m,RNLADIES ETHNICKURTIKURTI SHORT,11,1,200.00
RN,Utpal Ray,LADIES ETHNIC,KURTI,KURTI SHORT,PRINT 38_46,FRESH,WAYSIDE,GEETA,ODP CUT,CREAM,200,LADIES ETHNICKURTIKURTI SHORTPRINT 38_46FRESHWAYSIDEGEETAODP CUTCREAM200,2XL/1.07 m,RNLADIES ETHNICKURTIKURTI SHORT,11,1,200.00
RN,Utpal Ray,LADIES ETHNIC,KURTI,KURTI SHORT,PRINT 38_46,FRESH,WAYSIDE,GEETA,ODP CUT,CREAM,200,LADIES ETHNICKURTIKURTI SHORTPRINT 38_46FRESHWAYSIDEGEETAODP CUTCREAM200,3XL/1.12 m,RNLADIES ETHNICKURTIKURTI SHORT,11,3,600.00
RN,Utpal Ray,LADIES ETHNIC,KURTI,KURTI SHORT,PRINT 38_46,FRESH,WAYSIDE,GEETA,ODP CUT,CREAM,200,LADIES ETHNICKURTIKURTI SHORTPRINT 38_46FRESHWAYSIDEGEETAODP CUTCREAM200,L/97 cm,RNLADIES ETHNICKURTIKURTI SHORT,11,1,200.00
RN,Utpal Ray,LADIES ETHNIC,KURTI,KURTI SHORT,PRINT 38_46,FRESH,WAYSIDE,GEETA,ODP CUT,GREEN,200,LADIES ETHNICKURTIKURTI SHORTPRINT 38_46FRESHWAYSIDEGEETAODP CUTGREEN200,2XL/1.07 m,RNLADIES ETHNICKURTIKURTI SHORT,11,9,1800.00
RN,Utpal Ray,LADIES ETHNIC,KURTI,KURTI SHORT,PRINT 38_46,FRESH,WAYSIDE,GEETA,ODP CUT,GREEN,200,LADIES ETHNICKURTIKURTI SHORTPRINT 38_46FRESHWAYSIDEGEETAODP CUTGREEN200,3XL/1.12 m,RNLADIES ETHNICKURTIKURTI SHORT,11,1,200.00
RN,Utpal Ray,LADIES ETHNIC,KURTI,KURTI SHORT,PRINT 38_46,FRESH,WAYSIDE,GEETA,ODP CUT,GREEN,200,LADIES ETHNICKURTIKURTI SHORTPRINT 38_46FRESHWAYSIDEGEETAODP CUTGREEN200,L/97 cm,RNLADIES ETHNICKURTIKURTI SHORT,11,3,600.00
RN,Utpal Ray,LADIES ETHNIC,KURTI,KURTI SHORT,PRINT 38_46,FRESH,WAYSIDE,GEETA,ODP CUT,GREEN,200,LADIES ETHNICKURTIKURTI SHORTPRINT 38_46FRESHWAYSIDEGEETAODP CUTGREEN200,M/91 cm,RNLADIES ETHNICKURTIKURTI SHORT,11,2,400.00
RN,Utpal Ray,LADIES ETHNIC,KURTI,KURTI SHORT,PRINT 38_46,FRESH,WAYSIDE,GEETA,ODP CUT,GREEN,200,LADIES ETHNICKURTIKURTI SHORTPRINT 38_46FRESHWAYSIDEGEETAODP CUTGREEN200,XL/1.02 m,RNLADIES ETHNICKURTIKURTI SHORT,11,4,800.00
RN,Utpal Ray,LADIES ETHNIC,KURTI,KURTI SHORT,PRINT 38_46,FRESH,WAYSIDE,GEETA,ODP CUT,GREY,200,LADIES ETHNICKURTIKURTI SHORTPRINT 38_46FRESHWAYSIDEGEETAODP CUTGREY200,2XL/1.07 m,RNLADIES ETHNICKURTIKURTI SHORT,11,2,400.00
RN,Utpal Ray,LADIES ETHNIC,KURTI,KURTI SHORT,PRINT 38_46,FRESH,WAYSIDE,GEETA,ODP CUT,GREY,200,LADIES ETHNICKURTIKURTI SHORTPRINT 38_46FRESHWAYSIDEGEETAODP CUTGREY200,3XL/1.12 m,RNLADIES ETHNICKURTIKURTI SHORT,11,2,400.00
RN,Utpal Ray,LADIES ETHNIC,KURTI,KURTI SHORT,PRINT 38_46,FRESH,WAYSIDE,GEETA,ODP CUT,GREY,200,LADIES ETHNICKURTIKURTI SHORTPRINT 38_46FRESHWAYSIDEGEETAODP CUTGREY200,L/97 cm,RNLADIES ETHNICKURTIKURTI SHORT,11,3,600.00
RN,Utpal Ray,LADIES ETHNIC,KURTI,KURTI SHORT,PRINT 38_46,FRESH,WAYSIDE,GEETA,ODP CUT,GREY,200,LADIES ETHNICKURTIKURTI SHORTPRINT 38_46FRESHWAYSIDEGEETAODP CUTGREY200,M/91 cm,RNLADIES ETHNICKURTIKURTI SHORT,11,2,400.00
RN,Utpal Ray,LADIES ETHNIC,KURTI,KURTI SHORT,PRINT 38_46,FRESH,WAYSIDE,GEETA,ODP CUT,GREY,200,LADIES ETHNICKURTIKURTI SHORTPRINT 38_46FRESHWAYSIDEGEETAODP CUTGREY200,XL/1.02 m,RNLADIES ETHNICKURTIKURTI SHORT,11,4,800.00
RN,Utpal Ray,LADIES ETHNIC,KURTI,KURTI SHORT,PRINT 38_46,FRESH,WAYSIDE,GEETA,ODP CUT,MUSTARD,200,LADIES ETHNICKURTIKURTI SHORTPRINT 38_46FRESHWAYSIDEGEETAODP CUTMUSTARD200,2XL/1.07 m,RNLADIES ETHNICKURTIKURTI SHORT,11,4,800.00
RN,Utpal Ray,LADIES ETHNIC,KURTI,KURTI SHORT,PRINT 38_46,FRESH,WAYSIDE,GEETA,ODP CUT,MUSTARD,200,LADIES ETHNICKURTIKURTI SHORTPRINT 38_46FRESHWAYSIDEGEETAODP CUTMUSTARD200,3XL/1.12 m,RNLADIES ETHNICKURTIKURTI SHORT,11,3,600.00
RN,Utpal Ray,LADIES ETHNIC,KURTI,KURTI SHORT,PRINT 38_46,FRESH,WAYSIDE,GEETA,ODP CUT,MUSTARD,200,LADIES ETHNICKURTIKURTI SHORTPRINT 38_46FRESHWAYSIDEGEETAODP CUTMUSTARD200,L/97 cm,RNLADIES ETHNICKURTIKURTI SHORT,11,2,400.00
RN,Utpal Ray,LADIES ETHNIC,KURTI,KURTI SHORT,PRINT 38_46,FRESH,WAYSIDE,GEETA,ODP CUT,MUSTARD,200,LADIES ETHNICKURTIKURTI SHORTPRINT 38_46FRESHWAYSIDEGEETAODP CUTMUSTARD200,M/91 cm,RNLADIES ETHNICKURTIKURTI SHORT,11,2,400.00
RN,Utpal Ray,LADIES ETHNIC,KURTI,KURTI SHORT,PRINT 38_46,FRESH,WAYSIDE,GEETA,ODP CUT,MUSTARD,200,LADIES ETHNICKURTIKURTI SHORTPRINT 38_46FRESHWAYSIDEGEETAODP CUTMUSTARD200,XL/1.02 m,RNLADIES ETHNICKURTIKURTI SHORT,11,4,800.00
RN,Utpal Ray,LADIES ETHNIC,KURTI,KURTI SHORT,PRINT 38_46,FRESH,WAYSIDE,GEETA,ODP CUT,NAVY,200,LADIES ETHNICKURTIKURTI SHORTPRINT 38_46FRESHWAYSIDEGEETAODP CUTNAVY200,2XL/1.07 m,RNLADIES ETHNICKURTIKURTI SHORT,11,2,400.00
RN,Utpal Ray,LADIES ETHNIC,KURTI,KURTI SHORT,PRINT 38_46,FRESH,WAYSIDE,GEETA,ODP CUT,NAVY,200,LADIES ETHNICKURTIKURTI SHORTPRINT 38_46FRESHWAYSIDEGEETAODP CUTNAVY200,3XL/1.12 m,RNLADIES ETHNICKURTIKURTI SHORT,11,1,200.00
RN,Utpal Ray,LADIES ETHNIC,KURTI,KURTI SHORT,PRINT 38_46,FRESH,WAYSIDE,GEETA,ODP CUT,NAVY,200,LADIES ETHNICKURTIKURTI SHORTPRINT 38_46FRESHWAYSIDEGEETAODP CUTNAVY200,L/97 cm,RNLADIES ETHNICKURTIKURTI SHORT,11,1,200.00
RN,Utpal Ray,LADIES ETHNIC,KURTI,KURTI SHORT,PRINT 38_46,FRESH,WAYSIDE,GEETA,ODP CUT,NAVY,200,LADIES ETHNICKURTIKURTI SHORTPRINT 38_46FRESHWAYSIDEGEETAODP CUTNAVY200,M/91 cm,RNLADIES ETHNICKURTIKURTI SHORT,11,2,400.00
RN,Utpal Ray,LADIES ETHNIC,KURTI,KURTI SHORT,PRINT 38_46,FRESH,WAYSIDE,GEETA,ODP CUT,NAVY,200,LADIES ETHNICKURTIKURTI SHORTPRINT 38_46FRESHWAYSIDEGEETAODP CUTNAVY200,XL/1.02 m,RNLADIES ETHNICKURTIKURTI SHORT,11,3,600.00
RN,Utpal Ray,LADIES ETHNIC,KURTI,KURTI SHORT,PRINT 38_46,FRESH,WAYSIDE,GEETA,ODP CUT,PINK,200,LADIES ETHNICKURTIKURTI SHORTPRINT 38_46FRESHWAYSIDEGEETAODP CUTPINK200,2XL/1.07 m,RNLADIES ETHNICKURTIKURTI SHORT,11,7,1400.00
RN,Utpal Ray,LADIES ETHNIC,KURTI,KURTI SHORT,PRINT 38_46,FRESH,WAYSIDE,GEETA,ODP CUT,PINK,200,LADIES ETHNICKURTIKURTI SHORTPRINT 38_46FRESHWAYSIDEGEETAODP CUTPINK200,3XL/1.12 m,RNLADIES ETHNICKURTIKURTI SHORT,11,4,800.00
RN,Utpal Ray,LADIES ETHNIC,KURTI,KURTI SHORT,PRINT 38_46,FRESH,WAYSIDE,GEETA,ODP CUT,PINK,200,LADIES ETHNICKURTIKURTI SHORTPRINT 38_46FRESHWAYSIDEGEETAODP CUTPINK200,L/97 cm,RNLADIES ETHNICKURTIKURTI SHORT,11,4,800.00
RN,Utpal Ray,LADIES ETHNIC,KURTI,KURTI SHORT,PRINT 38_46,FRESH,WAYSIDE,GEETA,ODP CUT,PINK,200,LADIES ETHNICKURTIKURTI SHORTPRINT 38_46FRESHWAYSIDEGEETAODP CUTPINK200,M/91 cm,RNLADIES ETHNICKURTIKURTI SHORT,11,2,400.00
RN,Utpal Ray,LADIES ETHNIC,KURTI,KURTI SHORT,PRINT 38_46,FRESH,WAYSIDE,GEETA,ODP CUT,PINK,200,LADIES ETHNICKURTIKURTI SHORTPRINT 38_46FRESHWAYSIDEGEETAODP CUTPINK200,S/86 cm,RNLADIES ETHNICKURTIKURTI SHORT,11,2,400.00
RN,Utpal Ray,LADIES ETHNIC,KURTI,KURTI SHORT,PRINT 38_46,FRESH,WAYSIDE,GEETA,ODP CUT,PINK,200,LADIES ETHNICKURTIKURTI SHORTPRINT 38_46FRESHWAYSIDEGEETAODP CUTPINK200,XL/1.02 m,RNLADIES ETHNICKURTIKURTI SHORT,11,6,1200.00
RN,Utpal Ray,LADIES ETHNIC,KURTI,KURTI SHORT,PRINT 38_46,FRESH,WAYSIDE,GEETA,ODP CUT,PISTA,200,LADIES ETHNICKURTIKURTI SHORTPRINT 38_46FRESHWAYSIDEGEETAODP CUTPISTA200,2XL/1.07 m,RNLADIES ETHNICKURTIKURTI SHORT,11,2,400.00
RN,Utpal Ray,LADIES ETHNIC,KURTI,KURTI SHORT,PRINT 38_46,FRESH,WAYSIDE,GEETA,ODP CUT,PISTA,200,LADIES ETHNICKURTIKURTI SHORTPRINT 38_46FRESHWAYSIDEGEETAODP CUTPISTA200,XL/1.02 m,RNLADIES ETHNICKURTIKURTI SHORT,11,4,800.00
RN,Utpal Ray,LADIES ETHNIC,KURTI,KURTI SHORT,PRINT 38_46,FRESH,WAYSIDE,GEETA,ODP CUT,RAMA,200,LADIES ETHNICKURTIKURTI SHORTPRINT 38_46FRESHWAYSIDEGEETAODP CUTRAMA200,3XL/1.12 m,RNLADIES ETHNICKURTIKURTI SHORT,11,1,200.00
RN,Utpal Ray,LADIES ETHNIC,KURTI,KURTI SHORT,PRINT 38_46,FRESH,WAYSIDE,GEETA,ODP CUT,RED,200,LADIES ETHNICKURTIKURTI SHORTPRINT 38_46FRESHWAYSIDEGEETAODP CUTRED200,2XL/1.07 m,RNLADIES ETHNICKURTIKURTI SHORT,11,1,200.00
RN,Utpal Ray,LADIES ETHNIC,KURTI,KURTI SHORT,PRINT 38_46,FRESH,WAYSIDE,GEETA,ODP CUT,RED,200,LADIES ETHNICKURTIKURTI SHORTPRINT 38_46FRESHWAYSIDEGEETAODP CUTRED200,3XL/1.12 m,RNLADIES ETHNICKURTIKURTI SHORT,11,1,200.00
RN,Utpal Ray,LADIES ETHNIC,KURTI,KURTI SHORT,PRINT 38_46,FRESH,WAYSIDE,GEETA,ODP CUT,RED,200,LADIES ETHNICKURTIKURTI SHORTPRINT 38_46FRESHWAYSIDEGEETAODP CUTRED200,L/97 cm,RNLADIES ETHNICKURTIKURTI SHORT,11,1,200.00
RN,Utpal Ray,LADIES ETHNIC,KURTI,KURTI SHORT,PRINT 38_46,FRESH,WAYSIDE,GEETA,ODP CUT,WHITE,250,LADIES ETHNICKURTIKURTI SHORTPRINT 38_46FRESHWAYSIDEGEETAODP CUTWHITE250,4XL/1.17 m,RNLADIES ETHNICKURTIKURTI SHORT,11,1,250.00
RR,Utpal Ray,LADIES ETHNIC,KURTI,KURTI SHORT,PRINT 38_46,FRESH,WAYSIDE,GEETA,ODP CUT,BROWN,200,LADIES ETHNICKURTIKURTI SHORTPRINT 38_46FRESHWAYSIDEGEETAODP CUTBROWN200,2XL/1.07 m,RRLADIES ETHNICKURTIKURTI SHORT,9,4,800.00
RR,Utpal Ray,LADIES ETHNIC,KURTI,KURTI SHORT,PRINT 38_46,FRESH,WAYSIDE,GEETA,ODP CUT,BROWN,200,LADIES ETHNICKURTIKURTI SHORTPRINT 38_46FRESHWAYSIDEGEETAODP CUTBROWN200,3XL/1.12 m,RRLADIES ETHNICKURTIKURTI SHORT,9,3,600.00
RR,Utpal Ray,LADIES ETHNIC,KURTI,KURTI SHORT,PRINT 38_46,FRESH,WAYSIDE,GEETA,ODP CUT,CORAL,200,LADIES ETHNICKURTIKURTI SHORTPRINT 38_46FRESHWAYSIDEGEETAODP CUTCORAL200,3XL/1.12 m,RRLADIES ETHNICKURTIKURTI SHORT,9,1,200.00
RR,Utpal Ray,LADIES ETHNIC,KURTI,KURTI SHORT,PRINT 38_46,FRESH,WAYSIDE,GEETA,ODP CUT,CORAL,200,LADIES ETHNICKURTIKURTI SHORTPRINT 38_46FRESHWAYSIDEGEETAODP CUTCORAL200,XL/1.02 m,RRLADIES ETHNICKURTIKURTI SHORT,9,1,200.00
RR,Utpal Ray,LADIES ETHNIC,KURTI,KURTI SHORT,PRINT 38_46,FRESH,WAYSIDE,GEETA,ODP CUT,CREAM,200,LADIES ETHNICKURTIKURTI SHORTPRINT 38_46FRESHWAYSIDEGEETAODP CUTCREAM200,XL/1.02 m,RRLADIES ETHNICKURTIKURTI SHORT,9,1,200.00
RR,Utpal Ray,LADIES ETHNIC,KURTI,KURTI SHORT,PRINT 38_46,FRESH,WAYSIDE,GEETA,ODP CUT,GREEN,200,LADIES ETHNICKURTIKURTI SHORTPRINT 38_46FRESHWAYSIDEGEETAODP CUTGREEN200,2XL/1.07 m,RRLADIES ETHNICKURTIKURTI SHORT,9,6,1200.00
RR,Utpal Ray,LADIES ETHNIC,KURTI,KURTI SHORT,PRINT 38_46,FRESH,WAYSIDE,GEETA,ODP CUT,GREEN,200,LADIES ETHNICKURTIKURTI SHORTPRINT 38_46FRESHWAYSIDEGEETAODP CUTGREEN200,3XL/1.12 m,RRLADIES ETHNICKURTIKURTI SHORT,9,1,200.00
RR,Utpal Ray,LADIES ETHNIC,KURTI,KURTI SHORT,PRINT 38_46,FRESH,WAYSIDE,GEETA,ODP CUT,GREEN,200,LADIES ETHNICKURTIKURTI SHORTPRINT 38_46FRESHWAYSIDEGEETAODP CUTGREEN200,L/97 cm,RRLADIES ETHNICKURTIKURTI SHORT,9,1,200.00
RR,Utpal Ray,LADIES ETHNIC,KURTI,KURTI SHORT,PRINT 38_46,FRESH,WAYSIDE,GEETA,ODP CUT,GREEN,200,LADIES ETHNICKURTIKURTI SHORTPRINT 38_46FRESHWAYSIDEGEETAODP CUTGREEN200,M/91 cm,RRLADIES ETHNICKURTIKURTI SHORT,9,2,400.00
RR,Utpal Ray,LADIES ETHNIC,KURTI,KURTI SHORT,PRINT 38_46,FRESH,WAYSIDE,GEETA,ODP CUT,GREEN,200,LADIES ETHNICKURTIKURTI SHORTPRINT 38_46FRESHWAYSIDEGEETAODP CUTGREEN200,S/86 cm,RRLADIES ETHNICKURTIKURTI SHORT,9,1,200.00
RR,Utpal Ray,LADIES ETHNIC,KURTI,KURTI SHORT,PRINT 38_46,FRESH,WAYSIDE,GEETA,ODP CUT,GREEN,200,LADIES ETHNICKURTIKURTI SHORTPRINT 38_46FRESHWAYSIDEGEETAODP CUTGREEN200,XL/1.02 m,RRLADIES ETHNICKURTIKURTI SHORT,9,7,1400.00
RR,Utpal Ray,LADIES ETHNIC,KURTI,KURTI SHORT,PRINT 38_46,FRESH,WAYSIDE,GEETA,ODP CUT,GREY,200,LADIES ETHNICKURTIKURTI SHORTPRINT 38_46FRESHWAYSIDEGEETAODP CUTGREY200,2XL/1.07 m,RRLADIES ETHNICKURTIKURTI SHORT,9,2,400.00
RR,Utpal Ray,LADIES ETHNIC,KURTI,KURTI SHORT,PRINT 38_46,FRESH,WAYSIDE,GEETA,ODP CUT,GREY,200,LADIES ETHNICKURTIKURTI SHORTPRINT 38_46FRESHWAYSIDEGEETAODP CUTGREY200,3XL/1.12 m,RRLADIES ETHNICKURTIKURTI SHORT,9,2,400.00
RR,Utpal Ray,LADIES ETHNIC,KURTI,KURTI SHORT,PRINT 38_46,FRESH,WAYSIDE,GEETA,ODP CUT,GREY,200,LADIES ETHNICKURTIKURTI SHORTPRINT 38_46FRESHWAYSIDEGEETAODP CUTGREY200,L/97 cm,RRLADIES ETHNICKURTIKURTI SHORT,9,2,400.00
RR,Utpal Ray,LADIES ETHNIC,KURTI,KURTI SHORT,PRINT 38_46,FRESH,WAYSIDE,GEETA,ODP CUT,GREY,200,LADIES ETHNICKURTIKURTI SHORTPRINT 38_46FRESHWAYSIDEGEETAODP CUTGREY200,M/91 cm,RRLADIES ETHNICKURTIKURTI SHORT,9,5,1000.00
RR,Utpal Ray,LADIES ETHNIC,KURTI,KURTI SHORT,PRINT 38_46,FRESH,WAYSIDE,GEETA,ODP CUT,GREY,200,LADIES ETHNICKURTIKURTI SHORTPRINT 38_46FRESHWAYSIDEGEETAODP CUTGREY200,S/86 cm,RRLADIES ETHNICKURTIKURTI SHORT,9,5,1000.00
RR,Utpal Ray,LADIES ETHNIC,KURTI,KURTI SHORT,PRINT 38_46,FRESH,WAYSIDE,GEETA,ODP CUT,GREY,200,LADIES ETHNICKURTIKURTI SHORTPRINT 38_46FRESHWAYSIDEGEETAODP CUTGREY200,XL/1.02 m,RRLADIES ETHNICKURTIKURTI SHORT,9,2,400.00
RR,Utpal Ray,LADIES ETHNIC,KURTI,KURTI SHORT,PRINT 38_46,FRESH,WAYSIDE,GEETA,ODP CUT,LAVENDER,200,LADIES ETHNICKURTIKURTI SHORTPRINT 38_46FRESHWAYSIDEGEETAODP CUTLAVENDER200,2XL/1.07 m,RRLADIES ETHNICKURTIKURTI SHORT,9,2,400.00
RR,Utpal Ray,LADIES ETHNIC,KURTI,KURTI SHORT,PRINT 38_46,FRESH,WAYSIDE,GEETA,ODP CUT,LAVENDER,200,LADIES ETHNICKURTIKURTI SHORTPRINT 38_46FRESHWAYSIDEGEETAODP CUTLAVENDER200,3XL/1.12 m,RRLADIES ETHNICKURTIKURTI SHORT,9,1,200.00
RR,Utpal Ray,LADIES ETHNIC,KURTI,KURTI SHORT,PRINT 38_46,FRESH,WAYSIDE,GEETA,ODP CUT,LAVENDER,200,LADIES ETHNICKURTIKURTI SHORTPRINT 38_46FRESHWAYSIDEGEETAODP CUTLAVENDER200,L/97 cm,RRLADIES ETHNICKURTIKURTI SHORT,9,1,200.00
RR,Utpal Ray,LADIES ETHNIC,KURTI,KURTI SHORT,PRINT 38_46,FRESH,WAYSIDE,GEETA,ODP CUT,MUSTARD,200,LADIES ETHNICKURTIKURTI SHORTPRINT 38_46FRESHWAYSIDEGEETAODP CUTMUSTARD200,2XL/1.07 m,RRLADIES ETHNICKURTIKURTI SHORT,9,2,400.00
RR,Utpal Ray,LADIES ETHNIC,KURTI,KURTI SHORT,PRINT 38_46,FRESH,WAYSIDE,GEETA,ODP CUT,MUSTARD,200,LADIES ETHNICKURTIKURTI SHORTPRINT 38_46FRESHWAYSIDEGEETAODP CUTMUSTARD200,L/97 cm,RRLADIES ETHNICKURTIKURTI SHORT,9,2,400.00
RR,Utpal Ray,LADIES ETHNIC,KURTI,KURTI SHORT,PRINT 38_46,FRESH,WAYSIDE,GEETA,ODP CUT,MUSTARD,200,LADIES ETHNICKURTIKURTI SHORTPRINT 38_46FRESHWAYSIDEGEETAODP CUTMUSTARD200,M/91 cm,RRLADIES ETHNICKURTIKURTI SHORT,9,2,400.00
RR,Utpal Ray,LADIES ETHNIC,KURTI,KURTI SHORT,PRINT 38_46,FRESH,WAYSIDE,GEETA,ODP CUT,MUSTARD,200,LADIES ETHNICKURTIKURTI SHORTPRINT 38_46FRESHWAYSIDEGEETAODP CUTMUSTARD200,XL/1.02 m,RRLADIES ETHNICKURTIKURTI SHORT,9,4,800.00
RR,Utpal Ray,LADIES ETHNIC,KURTI,KURTI SHORT,PRINT 38_46,FRESH,WAYSIDE,GEETA,ODP CUT,NAVY,200,LADIES ETHNICKURTIKURTI SHORTPRINT 38_46FRESHWAYSIDEGEETAODP CUTNAVY200,2XL/1.07 m,RRLADIES ETHNICKURTIKURTI SHORT,9,1,200.00
RR,Utpal Ray,LADIES ETHNIC,KURTI,KURTI SHORT,PRINT 38_46,FRESH,WAYSIDE,GEETA,ODP CUT,NAVY,200,LADIES ETHNICKURTIKURTI SHORTPRINT 38_46FRESHWAYSIDEGEETAODP CUTNAVY200,3XL/1.12 m,RRLADIES ETHNICKURTIKURTI SHORT,9,1,200.00
RR,Utpal Ray,LADIES ETHNIC,KURTI,KURTI SHORT,PRINT 38_46,FRESH,WAYSIDE,GEETA,ODP CUT,NAVY,200,LADIES ETHNICKURTIKURTI SHORTPRINT 38_46FRESHWAYSIDEGEETAODP CUTNAVY200,L/97 cm,RRLADIES ETHNICKURTIKURTI SHORT,9,1,200.00
RR,Utpal Ray,LADIES ETHNIC,KURTI,KURTI SHORT,PRINT 38_46,FRESH,WAYSIDE,GEETA,ODP CUT,NAVY,200,LADIES ETHNICKURTIKURTI SHORTPRINT 38_46FRESHWAYSIDEGEETAODP CUTNAVY200,XL/1.02 m,RRLADIES ETHNICKURTIKURTI SHORT,9,1,200.00
RR,Utpal Ray,LADIES ETHNIC,KURTI,KURTI SHORT,PRINT 38_46,FRESH,WAYSIDE,GEETA,ODP CUT,PINK,200,LADIES ETHNICKURTIKURTI SHORTPRINT 38_46FRESHWAYSIDEGEETAODP CUTPINK200,2XL/1.07 m,RRLADIES ETHNICKURTIKURTI SHORT,9,8,1600.00
RR,Utpal Ray,LADIES ETHNIC,KURTI,KURTI SHORT,PRINT 38_46,FRESH,WAYSIDE,GEETA,ODP CUT,PINK,200,LADIES ETHNICKURTIKURTI SHORTPRINT 38_46FRESHWAYSIDEGEETAODP CUTPINK200,3XL/1.12 m,RRLADIES ETHNICKURTIKURTI SHORT,9,4,800.00
RR,Utpal Ray,LADIES ETHNIC,KURTI,KURTI SHORT,PRINT 38_46,FRESH,WAYSIDE,GEETA,ODP CUT,PINK,200,LADIES ETHNICKURTIKURTI SHORTPRINT 38_46FRESHWAYSIDEGEETAODP CUTPINK200,L/97 cm,RRLADIES ETHNICKURTIKURTI SHORT,9,3,600.00
RR,Utpal Ray,LADIES ETHNIC,KURTI,KURTI SHORT,PRINT 38_46,FRESH,WAYSIDE,GEETA,ODP CUT,PINK,200,LADIES ETHNICKURTIKURTI SHORTPRINT 38_46FRESHWAYSIDEGEETAODP CUTPINK200,M/91 cm,RRLADIES ETHNICKURTIKURTI SHORT,9,2,400.00
RR,Utpal Ray,LADIES ETHNIC,KURTI,KURTI SHORT,PRINT 38_46,FRESH,WAYSIDE,GEETA,ODP CUT,PINK,200,LADIES ETHNICKURTIKURTI SHORTPRINT 38_46FRESHWAYSIDEGEETAODP CUTPINK200,S/86 cm,RRLADIES ETHNICKURTIKURTI SHORT,9,2,400.00
RR,Utpal Ray,LADIES ETHNIC,KURTI,KURTI SHORT,PRINT 38_46,FRESH,WAYSIDE,GEETA,ODP CUT,PINK,200,LADIES ETHNICKURTIKURTI SHORTPRINT 38_46FRESHWAYSIDEGEETAODP CUTPINK200,XL/1.02 m,RRLADIES ETHNICKURTIKURTI SHORT,9,7,1400.00
RR,Utpal Ray,LADIES ETHNIC,KURTI,KURTI SHORT,PRINT 38_46,FRESH,WAYSIDE,GEETA,ODP CUT,PISTA,200,LADIES ETHNICKURTIKURTI SHORTPRINT 38_46FRESHWAYSIDEGEETAODP CUTPISTA200,3XL/1.12 m,RRLADIES ETHNICKURTIKURTI SHORT,9,1,200.00
RR,Utpal Ray,LADIES ETHNIC,KURTI,KURTI SHORT,PRINT 38_46,FRESH,WAYSIDE,GEETA,ODP CUT,RED,200,LADIES ETHNICKURTIKURTI SHORTPRINT 38_46FRESHWAYSIDEGEETAODP CUTRED200,L/97 cm,RRLADIES ETHNICKURTIKURTI SHORT,9,1,200.00
SB,Pintu Singh,LADIES ETHNIC,KURTI,KURTI SHORT,PRINT 38_46,FRESH,WAYSIDE,GEETA,ODP CUT,BLACK,200,LADIES ETHNICKURTIKURTI SHORTPRINT 38_46FRESHWAYSIDEGEETAODP CUTBLACK200,2XL/1.07 m,SBLADIES ETHNICKURTIKURTI SHORT,6,1,200.00
SB,Pintu Singh,LADIES ETHNIC,KURTI,KURTI SHORT,PRINT 38_46,FRESH,WAYSIDE,GEETA,ODP CUT,BLACK,200,LADIES ETHNICKURTIKURTI SHORTPRINT 38_46FRESHWAYSIDEGEETAODP CUTBLACK200,3XL/1.12 m,SBLADIES ETHNICKURTIKURTI SHORT,6,1,200.00
SB,Pintu Singh,LADIES ETHNIC,KURTI,KURTI SHORT,PRINT 38_46,FRESH,WAYSIDE,GEETA,ODP CUT,BLACK,200,LADIES ETHNICKURTIKURTI SHORTPRINT 38_46FRESHWAYSIDEGEETAODP CUTBLACK200,L/97 cm,SBLADIES ETHNICKURTIKURTI SHORT,6,1,200.00
SB,Pintu Singh,LADIES ETHNIC,KURTI,KURTI SHORT,PRINT 38_46,FRESH,WAYSIDE,GEETA,ODP CUT,BLACK,200,LADIES ETHNICKURTIKURTI SHORTPRINT 38_46FRESHWAYSIDEGEETAODP CUTBLACK200,M/91 cm,SBLADIES ETHNICKURTIKURTI SHORT,6,1,200.00
SB,Pintu Singh,LADIES ETHNIC,KURTI,KURTI SHORT,PRINT 38_46,FRESH,WAYSIDE,GEETA,ODP CUT,BLACK,200,LADIES ETHNICKURTIKURTI SHORTPRINT 38_46FRESHWAYSIDEGEETAODP CUTBLACK200,XL/1.02 m,SBLADIES ETHNICKURTIKURTI SHORT,6,2,400.00
SB,Pintu Singh,LADIES ETHNIC,KURTI,KURTI SHORT,PRINT 38_46,FRESH,WAYSIDE,GEETA,ODP CUT,BROWN,200,LADIES ETHNICKURTIKURTI SHORTPRINT 38_46FRESHWAYSIDEGEETAODP CUTBROWN200,2XL/1.07 m,SBLADIES ETHNICKURTIKURTI SHORT,6,4,800.00
SB,Pintu Singh,LADIES ETHNIC,KURTI,KURTI SHORT,PRINT 38_46,FRESH,WAYSIDE,GEETA,ODP CUT,BROWN,200,LADIES ETHNICKURTIKURTI SHORTPRINT 38_46FRESHWAYSIDEGEETAODP CUTBROWN200,3XL/1.12 m,SBLADIES ETHNICKURTIKURTI SHORT,6,1,200.00
SB,Pintu Singh,LADIES ETHNIC,KURTI,KURTI SHORT,PRINT 38_46,FRESH,WAYSIDE,GEETA,ODP CUT,BROWN,200,LADIES ETHNICKURTIKURTI SHORTPRINT 38_46FRESHWAYSIDEGEETAODP CUTBROWN200,L/97 cm,SBLADIES ETHNICKURTIKURTI SHORT,6,4,800.00
SB,Pintu Singh,LADIES ETHNIC,KURTI,KURTI SHORT,PRINT 38_46,FRESH,WAYSIDE,GEETA,ODP CUT,BROWN,200,LADIES ETHNICKURTIKURTI SHORTPRINT 38_46FRESHWAYSIDEGEETAODP CUTBROWN200,M/91 cm,SBLADIES ETHNICKURTIKURTI SHORT,6,5,1000.00
SB,Pintu Singh,LADIES ETHNIC,KURTI,KURTI SHORT,PRINT 38_46,FRESH,WAYSIDE,GEETA,ODP CUT,BROWN,200,LADIES ETHNICKURTIKURTI SHORTPRINT 38_46FRESHWAYSIDEGEETAODP CUTBROWN200,S/86 cm,SBLADIES ETHNICKURTIKURTI SHORT,6,1,200.00
SB,Pintu Singh,LADIES ETHNIC,KURTI,KURTI SHORT,PRINT 38_46,FRESH,WAYSIDE,GEETA,ODP CUT,BROWN,200,LADIES ETHNICKURTIKURTI SHORTPRINT 38_46FRESHWAYSIDEGEETAODP CUTBROWN200,XL/1.02 m,SBLADIES ETHNICKURTIKURTI SHORT,6,2,400.00
SB,Pintu Singh,LADIES ETHNIC,KURTI,KURTI SHORT,PRINT 38_46,FRESH,WAYSIDE,GEETA,ODP CUT,CORAL,200,LADIES ETHNICKURTIKURTI SHORTPRINT 38_46FRESHWAYSIDEGEETAODP CUTCORAL200,3XL/1.12 m,SBLADIES ETHNICKURTIKURTI SHORT,6,1,200.00
SB,Pintu Singh,LADIES ETHNIC,KURTI,KURTI SHORT,PRINT 38_46,FRESH,WAYSIDE,GEETA,ODP CUT,CORAL,200,LADIES ETHNICKURTIKURTI SHORTPRINT 38_46FRESHWAYSIDEGEETAODP CUTCORAL200,L/97 cm,SBLADIES ETHNICKURTIKURTI SHORT,6,1,200.00
SB,Pintu Singh,LADIES ETHNIC,KURTI,KURTI SHORT,PRINT 38_46,FRESH,WAYSIDE,GEETA,ODP CUT,CORAL,200,LADIES ETHNICKURTIKURTI SHORTPRINT 38_46FRESHWAYSIDEGEETAODP CUTCORAL200,M/91 cm,SBLADIES ETHNICKURTIKURTI SHORT,6,1,200.00
SB,Pintu Singh,LADIES ETHNIC,KURTI,KURTI SHORT,PRINT 38_46,FRESH,WAYSIDE,GEETA,ODP CUT,CREAM,200,LADIES ETHNICKURTIKURTI SHORTPRINT 38_46FRESHWAYSIDEGEETAODP CUTCREAM200,L/97 cm,SBLADIES ETHNICKURTIKURTI SHORT,6,1,200.00
SB,Pintu Singh,LADIES ETHNIC,KURTI,KURTI SHORT,PRINT 38_46,FRESH,WAYSIDE,GEETA,ODP CUT,CREAM,200,LADIES ETHNICKURTIKURTI SHORTPRINT 38_46FRESHWAYSIDEGEETAODP CUTCREAM200,XL/1.02 m,SBLADIES ETHNICKURTIKURTI SHORT,6,1,200.00
SB,Pintu Singh,LADIES ETHNIC,KURTI,KURTI SHORT,PRINT 38_46,FRESH,WAYSIDE,GEETA,ODP CUT,GREEN,200,LADIES ETHNICKURTIKURTI SHORTPRINT 38_46FRESHWAYSIDEGEETAODP CUTGREEN200,2XL/1.07 m,SBLADIES ETHNICKURTIKURTI SHORT,6,3,600.00
SB,Pintu Singh,LADIES ETHNIC,KURTI,KURTI SHORT,PRINT 38_46,FRESH,WAYSIDE,GEETA,ODP CUT,GREEN,200,LADIES ETHNICKURTIKURTI SHORTPRINT 38_46FRESHWAYSIDEGEETAODP CUTGREEN200,L/97 cm,SBLADIES ETHNICKURTIKURTI SHORT,6,2,400.00
SB,Pintu Singh,LADIES ETHNIC,KURTI,KURTI SHORT,PRINT 38_46,FRESH,WAYSIDE,GEETA,ODP CUT,GREEN,200,LADIES ETHNICKURTIKURTI SHORTPRINT 38_46FRESHWAYSIDEGEETAODP CUTGREEN200,M/91 cm,SBLADIES ETHNICKURTIKURTI SHORT,6,2,400.00
SB,Pintu Singh,LADIES ETHNIC,KURTI,KURTI SHORT,PRINT 38_46,FRESH,WAYSIDE,GEETA,ODP CUT,LAVENDER,200,LADIES ETHNICKURTIKURTI SHORTPRINT 38_46FRESHWAYSIDEGEETAODP CUTLAVENDER200,2XL/1.07 m,SBLADIES ETHNICKURTIKURTI SHORT,6,3,600.00
SB,Pintu Singh,LADIES ETHNIC,KURTI,KURTI SHORT,PRINT 38_46,FRESH,WAYSIDE,GEETA,ODP CUT,LAVENDER,200,LADIES ETHNICKURTIKURTI SHORTPRINT 38_46FRESHWAYSIDEGEETAODP CUTLAVENDER200,3XL/1.12 m,SBLADIES ETHNICKURTIKURTI SHORT,6,4,800.00
SB,Pintu Singh,LADIES ETHNIC,KURTI,KURTI SHORT,PRINT 38_46,FRESH,WAYSIDE,GEETA,ODP CUT,LAVENDER,200,LADIES ETHNICKURTIKURTI SHORTPRINT 38_46FRESHWAYSIDEGEETAODP CUTLAVENDER200,L/97 cm,SBLADIES ETHNICKURTIKURTI SHORT,6,2,400.00
SB,Pintu Singh,LADIES ETHNIC,KURTI,KURTI SHORT,PRINT 38_46,FRESH,WAYSIDE,GEETA,ODP CUT,LAVENDER,200,LADIES ETHNICKURTIKURTI SHORTPRINT 38_46FRESHWAYSIDEGEETAODP CUTLAVENDER200,M/91 cm,SBLADIES ETHNICKURTIKURTI SHORT,6,2,400.00
SB,Pintu Singh,LADIES ETHNIC,KURTI,KURTI SHORT,PRINT 38_46,FRESH,WAYSIDE,GEETA,ODP CUT,LAVENDER,200,LADIES ETHNICKURTIKURTI SHORTPRINT 38_46FRESHWAYSIDEGEETAODP CUTLAVENDER200,S/86 cm,SBLADIES ETHNICKURTIKURTI SHORT,6,1,200.00
SB,Pintu Singh,LADIES ETHNIC,KURTI,KURTI SHORT,PRINT 38_46,FRESH,WAYSIDE,GEETA,ODP CUT,MUSTARD,200,LADIES ETHNICKURTIKURTI SHORTPRINT 38_46FRESHWAYSIDEGEETAODP CUTMUSTARD200,2XL/1.07 m,SBLADIES ETHNICKURTIKURTI SHORT,6,3,600.00
SB,Pintu Singh,LADIES ETHNIC,KURTI,KURTI SHORT,PRINT 38_46,FRESH,WAYSIDE,GEETA,ODP CUT,MUSTARD,200,LADIES ETHNICKURTIKURTI SHORTPRINT 38_46FRESHWAYSIDEGEETAODP CUTMUSTARD200,3XL/1.12 m,SBLADIES ETHNICKURTIKURTI SHORT,6,2,400.00
SB,Pintu Singh,LADIES ETHNIC,KURTI,KURTI SHORT,PRINT 38_46,FRESH,WAYSIDE,GEETA,ODP CUT,MUSTARD,200,LADIES ETHNICKURTIKURTI SHORTPRINT 38_46FRESHWAYSIDEGEETAODP CUTMUSTARD200,L/97 cm,SBLADIES ETHNICKURTIKURTI SHORT,6,4,800.00
SB,Pintu Singh,LADIES ETHNIC,KURTI,KURTI SHORT,PRINT 38_46,FRESH,WAYSIDE,GEETA,ODP CUT,MUSTARD,200,LADIES ETHNICKURTIKURTI SHORTPRINT 38_46FRESHWAYSIDEGEETAODP CUTMUSTARD200,M/91 cm,SBLADIES ETHNICKURTIKURTI SHORT,6,2,400.00
SB,Pintu Singh,LADIES ETHNIC,KURTI,KURTI SHORT,PRINT 38_46,FRESH,WAYSIDE,GEETA,ODP CUT,MUSTARD,200,LADIES ETHNICKURTIKURTI SHORTPRINT 38_46FRESHWAYSIDEGEETAODP CUTMUSTARD200,XL/1.02 m,SBLADIES ETHNICKURTIKURTI SHORT,6,2,400.00
SB,Pintu Singh,LADIES ETHNIC,KURTI,KURTI SHORT,PRINT 38_46,FRESH,WAYSIDE,GEETA,ODP CUT,NAVY,200,LADIES ETHNICKURTIKURTI SHORTPRINT 38_46FRESHWAYSIDEGEETAODP CUTNAVY200,2XL/1.07 m,SBLADIES ETHNICKURTIKURTI SHORT,6,5,1000.00
SB,Pintu Singh,LADIES ETHNIC,KURTI,KURTI SHORT,PRINT 38_46,FRESH,WAYSIDE,GEETA,ODP CUT,NAVY,200,LADIES ETHNICKURTIKURTI SHORTPRINT 38_46FRESHWAYSIDEGEETAODP CUTNAVY200,L/97 cm,SBLADIES ETHNICKURTIKURTI SHORT,6,4,800.00
SB,Pintu Singh,LADIES ETHNIC,KURTI,KURTI SHORT,PRINT 38_46,FRESH,WAYSIDE,GEETA,ODP CUT,NAVY,200,LADIES ETHNICKURTIKURTI SHORTPRINT 38_46FRESHWAYSIDEGEETAODP CUTNAVY200,M/91 cm,SBLADIES ETHNICKURTIKURTI SHORT,6,4,800.00
SB,Pintu Singh,LADIES ETHNIC,KURTI,KURTI SHORT,PRINT 38_46,FRESH,WAYSIDE,GEETA,ODP CUT,NAVY,200,LADIES ETHNICKURTIKURTI SHORTPRINT 38_46FRESHWAYSIDEGEETAODP CUTNAVY200,S/86 cm,SBLADIES ETHNICKURTIKURTI SHORT,6,1,200.00
SB,Pintu Singh,LADIES ETHNIC,KURTI,KURTI SHORT,PRINT 38_46,FRESH,WAYSIDE,GEETA,ODP CUT,NAVY,200,LADIES ETHNICKURTIKURTI SHORTPRINT 38_46FRESHWAYSIDEGEETAODP CUTNAVY200,XL/1.02 m,SBLADIES ETHNICKURTIKURTI SHORT,6,1,200.00
SB,Pintu Singh,LADIES ETHNIC,KURTI,KURTI SHORT,PRINT 38_46,FRESH,WAYSIDE,GEETA,ODP CUT,PINK,200,LADIES ETHNICKURTIKURTI SHORTPRINT 38_46FRESHWAYSIDEGEETAODP CUTPINK200,2XL/1.07 m,SBLADIES ETHNICKURTIKURTI SHORT,6,8,1600.00
SB,Pintu Singh,LADIES ETHNIC,KURTI,KURTI SHORT,PRINT 38_46,FRESH,WAYSIDE,GEETA,ODP CUT,PINK,200,LADIES ETHNICKURTIKURTI SHORTPRINT 38_46FRESHWAYSIDEGEETAODP CUTPINK200,3XL/1.12 m,SBLADIES ETHNICKURTIKURTI SHORT,6,4,800.00
SB,Pintu Singh,LADIES ETHNIC,KURTI,KURTI SHORT,PRINT 38_46,FRESH,WAYSIDE,GEETA,ODP CUT,PINK,200,LADIES ETHNICKURTIKURTI SHORTPRINT 38_46FRESHWAYSIDEGEETAODP CUTPINK200,L/97 cm,SBLADIES ETHNICKURTIKURTI SHORT,6,8,1600.00
SB,Pintu Singh,LADIES ETHNIC,KURTI,KURTI SHORT,PRINT 38_46,FRESH,WAYSIDE,GEETA,ODP CUT,PINK,200,LADIES ETHNICKURTIKURTI SHORTPRINT 38_46FRESHWAYSIDEGEETAODP CUTPINK200,M/91 cm,SBLADIES ETHNICKURTIKURTI SHORT,6,6,1200.00
SB,Pintu Singh,LADIES ETHNIC,KURTI,KURTI SHORT,PRINT 38_46,FRESH,WAYSIDE,GEETA,ODP CUT,PINK,200,LADIES ETHNICKURTIKURTI SHORTPRINT 38_46FRESHWAYSIDEGEETAODP CUTPINK200,XL/1.02 m,SBLADIES ETHNICKURTIKURTI SHORT,6,9,1800.00
SB,Pintu Singh,LADIES ETHNIC,KURTI,KURTI SHORT,PRINT 38_46,FRESH,WAYSIDE,GEETA,ODP CUT,PISTA,200,LADIES ETHNICKURTIKURTI SHORTPRINT 38_46FRESHWAYSIDEGEETAODP CUTPISTA200,M/91 cm,SBLADIES ETHNICKURTIKURTI SHORT,6,1,200.00
SB,Pintu Singh,LADIES ETHNIC,KURTI,KURTI SHORT,PRINT 38_46,FRESH,WAYSIDE,GEETA,ODP CUT,RAMA,200,LADIES ETHNICKURTIKURTI SHORTPRINT 38_46FRESHWAYSIDEGEETAODP CUTRAMA200,2XL/1.07 m,SBLADIES ETHNICKURTIKURTI SHORT,6,4,800.00
SB,Pintu Singh,LADIES ETHNIC,KURTI,KURTI SHORT,PRINT 38_46,FRESH,WAYSIDE,GEETA,ODP CUT,RAMA,200,LADIES ETHNICKURTIKURTI SHORTPRINT 38_46FRESHWAYSIDEGEETAODP CUTRAMA200,L/97 cm,SBLADIES ETHNICKURTIKURTI SHORT,6,2,400.00
SB,Pintu Singh,LADIES ETHNIC,KURTI,KURTI SHORT,PRINT 38_46,FRESH,WAYSIDE,GEETA,ODP CUT,RANI,200,LADIES ETHNICKURTIKURTI SHORTPRINT 38_46FRESHWAYSIDEGEETAODP CUTRANI200,L/97 cm,SBLADIES ETHNICKURTIKURTI SHORT,6,1,200.00
SB,Pintu Singh,LADIES ETHNIC,KURTI,KURTI SHORT,PRINT 38_46,FRESH,WAYSIDE,GEETA,ODP CUT,RED,200,LADIES ETHNICKURTIKURTI SHORTPRINT 38_46FRESHWAYSIDEGEETAODP CUTRED200,L/97 cm,SBLADIES ETHNICKURTIKURTI SHORT,6,2,400.00
SB,Pintu Singh,LADIES ETHNIC,KURTI,KURTI SHORT,PRINT 38_46,FRESH,WAYSIDE,GEETA,ODP CUT,RED,200,LADIES ETHNICKURTIKURTI SHORTPRINT 38_46FRESHWAYSIDEGEETAODP CUTRED200,XL/1.02 m,SBLADIES ETHNICKURTIKURTI SHORT,6,1,200.00
SB,Pintu Singh,LADIES ETHNIC,KURTI,KURTI SHORT,PRINT 38_46,FRESH,WAYSIDE,GEETA,ODP CUT,WHITE,200,LADIES ETHNICKURTIKURTI SHORTPRINT 38_46FRESHWAYSIDEGEETAODP CUTWHITE200,L/97 cm,SBLADIES ETHNICKURTIKURTI SHORT,6,2,400.00
SC,Pintu Singh,LADIES ETHNIC,KURTI,KURTI SHORT,PRINT 38_46,FRESH,WAYSIDE,GEETA,ODP CUT,GREEN,200,LADIES ETHNICKURTIKURTI SHORTPRINT 38_46FRESHWAYSIDEGEETAODP CUTGREEN200,2XL/1.07 m,SCLADIES ETHNICKURTIKURTI SHORT,10,2,400.00
SC,Pintu Singh,LADIES ETHNIC,KURTI,KURTI SHORT,PRINT 38_46,FRESH,WAYSIDE,GEETA,ODP CUT,GREEN,200,LADIES ETHNICKURTIKURTI SHORTPRINT 38_46FRESHWAYSIDEGEETAODP CUTGREEN200,3XL/1.12 m,SCLADIES ETHNICKURTIKURTI SHORT,10,2,400.00
SC,Pintu Singh,LADIES ETHNIC,KURTI,KURTI SHORT,PRINT 38_46,FRESH,WAYSIDE,GEETA,ODP CUT,GREEN,200,LADIES ETHNICKURTIKURTI SHORTPRINT 38_46FRESHWAYSIDEGEETAODP CUTGREEN200,L/97 cm,SCLADIES ETHNICKURTIKURTI SHORT,10,2,400.00
SC,Pintu Singh,LADIES ETHNIC,KURTI,KURTI SHORT,PRINT 38_46,FRESH,WAYSIDE,GEETA,ODP CUT,GREEN,200,LADIES ETHNICKURTIKURTI SHORTPRINT 38_46FRESHWAYSIDEGEETAODP CUTGREEN200,M/91 cm,SCLADIES ETHNICKURTIKURTI SHORT,10,3,600.00
SC,Pintu Singh,LADIES ETHNIC,KURTI,KURTI SHORT,PRINT 38_46,FRESH,WAYSIDE,GEETA,ODP CUT,GREEN,200,LADIES ETHNICKURTIKURTI SHORTPRINT 38_46FRESHWAYSIDEGEETAODP CUTGREEN200,S/86 cm,SCLADIES ETHNICKURTIKURTI SHORT,10,1,200.00
SC,Pintu Singh,LADIES ETHNIC,KURTI,KURTI SHORT,PRINT 38_46,FRESH,WAYSIDE,GEETA,ODP CUT,GREEN,200,LADIES ETHNICKURTIKURTI SHORTPRINT 38_46FRESHWAYSIDEGEETAODP CUTGREEN200,XL/1.02 m,SCLADIES ETHNICKURTIKURTI SHORT,10,1,200.00
SC,Pintu Singh,LADIES ETHNIC,KURTI,KURTI SHORT,PRINT 38_46,FRESH,WAYSIDE,GEETA,ODP CUT,GREY,200,LADIES ETHNICKURTIKURTI SHORTPRINT 38_46FRESHWAYSIDEGEETAODP CUTGREY200,2XL/1.07 m,SCLADIES ETHNICKURTIKURTI SHORT,10,1,200.00
SC,Pintu Singh,LADIES ETHNIC,KURTI,KURTI SHORT,PRINT 38_46,FRESH,WAYSIDE,GEETA,ODP CUT,GREY,200,LADIES ETHNICKURTIKURTI SHORTPRINT 38_46FRESHWAYSIDEGEETAODP CUTGREY200,3XL/1.12 m,SCLADIES ETHNICKURTIKURTI SHORT,10,2,400.00
SC,Pintu Singh,LADIES ETHNIC,KURTI,KURTI SHORT,PRINT 38_46,FRESH,WAYSIDE,GEETA,ODP CUT,GREY,200,LADIES ETHNICKURTIKURTI SHORTPRINT 38_46FRESHWAYSIDEGEETAODP CUTGREY200,L/97 cm,SCLADIES ETHNICKURTIKURTI SHORT,10,4,800.00
SC,Pintu Singh,LADIES ETHNIC,KURTI,KURTI SHORT,PRINT 38_46,FRESH,WAYSIDE,GEETA,ODP CUT,GREY,200,LADIES ETHNICKURTIKURTI SHORTPRINT 38_46FRESHWAYSIDEGEETAODP CUTGREY200,M/91 cm,SCLADIES ETHNICKURTIKURTI SHORT,10,2,400.00
SC,Pintu Singh,LADIES ETHNIC,KURTI,KURTI SHORT,PRINT 38_46,FRESH,WAYSIDE,GEETA,ODP CUT,GREY,200,LADIES ETHNICKURTIKURTI SHORTPRINT 38_46FRESHWAYSIDEGEETAODP CUTGREY200,S/86 cm,SCLADIES ETHNICKURTIKURTI SHORT,10,2,400.00
SC,Pintu Singh,LADIES ETHNIC,KURTI,KURTI SHORT,PRINT 38_46,FRESH,WAYSIDE,GEETA,ODP CUT,GREY,200,LADIES ETHNICKURTIKURTI SHORTPRINT 38_46FRESHWAYSIDEGEETAODP CUTGREY200,XL/1.02 m,SCLADIES ETHNICKURTIKURTI SHORT,10,2,400.00
SC,Pintu Singh,LADIES ETHNIC,KURTI,KURTI SHORT,PRINT 38_46,FRESH,WAYSIDE,GEETA,ODP CUT,MUSTARD,200,LADIES ETHNICKURTIKURTI SHORTPRINT 38_46FRESHWAYSIDEGEETAODP CUTMUSTARD200,2XL/1.07 m,SCLADIES ETHNICKURTIKURTI SHORT,10,3,600.00
SC,Pintu Singh,LADIES ETHNIC,KURTI,KURTI SHORT,PRINT 38_46,FRESH,WAYSIDE,GEETA,ODP CUT,MUSTARD,200,LADIES ETHNICKURTIKURTI SHORTPRINT 38_46FRESHWAYSIDEGEETAODP CUTMUSTARD200,3XL/1.12 m,SCLADIES ETHNICKURTIKURTI SHORT,10,2,400.00
SC,Pintu Singh,LADIES ETHNIC,KURTI,KURTI SHORT,PRINT 38_46,FRESH,WAYSIDE,GEETA,ODP CUT,MUSTARD,200,LADIES ETHNICKURTIKURTI SHORTPRINT 38_46FRESHWAYSIDEGEETAODP CUTMUSTARD200,L/97 cm,SCLADIES ETHNICKURTIKURTI SHORT,10,3,600.00
SC,Pintu Singh,LADIES ETHNIC,KURTI,KURTI SHORT,PRINT 38_46,FRESH,WAYSIDE,GEETA,ODP CUT,MUSTARD,200,LADIES ETHNICKURTIKURTI SHORTPRINT 38_46FRESHWAYSIDEGEETAODP CUTMUSTARD200,M/91 cm,SCLADIES ETHNICKURTIKURTI SHORT,10,3,600.00
SC,Pintu Singh,LADIES ETHNIC,KURTI,KURTI SHORT,PRINT 38_46,FRESH,WAYSIDE,GEETA,ODP CUT,MUSTARD,200,LADIES ETHNICKURTIKURTI SHORTPRINT 38_46FRESHWAYSIDEGEETAODP CUTMUSTARD200,S/86 cm,SCLADIES ETHNICKURTIKURTI SHORT,10,1,200.00
SC,Pintu Singh,LADIES ETHNIC,KURTI,KURTI SHORT,PRINT 38_46,FRESH,WAYSIDE,GEETA,ODP CUT,MUSTARD,200,LADIES ETHNICKURTIKURTI SHORTPRINT 38_46FRESHWAYSIDEGEETAODP CUTMUSTARD200,XL/1.02 m,SCLADIES ETHNICKURTIKURTI SHORT,10,4,800.00
SC,Pintu Singh,LADIES ETHNIC,KURTI,KURTI SHORT,PRINT 38_46,FRESH,WAYSIDE,GEETA,ODP CUT,PINK,200,LADIES ETHNICKURTIKURTI SHORTPRINT 38_46FRESHWAYSIDEGEETAODP CUTPINK200,2XL/1.07 m,SCLADIES ETHNICKURTIKURTI SHORT,10,2,400.00
SC,Pintu Singh,LADIES ETHNIC,KURTI,KURTI SHORT,PRINT 38_46,FRESH,WAYSIDE,GEETA,ODP CUT,PINK,200,LADIES ETHNICKURTIKURTI SHORTPRINT 38_46FRESHWAYSIDEGEETAODP CUTPINK200,3XL/1.12 m,SCLADIES ETHNICKURTIKURTI SHORT,10,2,400.00
SC,Pintu Singh,LADIES ETHNIC,KURTI,KURTI SHORT,PRINT 38_46,FRESH,WAYSIDE,GEETA,ODP CUT,PINK,200,LADIES ETHNICKURTIKURTI SHORTPRINT 38_46FRESHWAYSIDEGEETAODP CUTPINK200,L/97 cm,SCLADIES ETHNICKURTIKURTI SHORT,10,3,600.00
SC,Pintu Singh,LADIES ETHNIC,KURTI,KURTI SHORT,PRINT 38_46,FRESH,WAYSIDE,GEETA,ODP CUT,PINK,200,LADIES ETHNICKURTIKURTI SHORTPRINT 38_46FRESHWAYSIDEGEETAODP CUTPINK200,M/91 cm,SCLADIES ETHNICKURTIKURTI SHORT,10,2,400.00
SC,Pintu Singh,LADIES ETHNIC,KURTI,KURTI SHORT,PRINT 38_46,FRESH,WAYSIDE,GEETA,ODP CUT,PINK,200,LADIES ETHNICKURTIKURTI SHORTPRINT 38_46FRESHWAYSIDEGEETAODP CUTPINK200,S/86 cm,SCLADIES ETHNICKURTIKURTI SHORT,10,3,600.00
SC,Pintu Singh,LADIES ETHNIC,KURTI,KURTI SHORT,PRINT 38_46,FRESH,WAYSIDE,GEETA,ODP CUT,PINK,200,LADIES ETHNICKURTIKURTI SHORTPRINT 38_46FRESHWAYSIDEGEETAODP CUTPINK200,XL/1.02 m,SCLADIES ETHNICKURTIKURTI SHORT,10,4,800.00
SD,Binay Singh,LADIES ETHNIC,KURTI,KURTI SHORT,PRINT 38_46,FRESH,WAYSIDE,GEETA,ODP CUT,BROWN,200,LADIES ETHNICKURTIKURTI SHORTPRINT 38_46FRESHWAYSIDEGEETAODP CUTBROWN200,2XL/1.07 m,SDLADIES ETHNICKURTIKURTI SHORT,8,1,200.00
SD,Binay Singh,LADIES ETHNIC,KURTI,KURTI SHORT,PRINT 38_46,FRESH,WAYSIDE,GEETA,ODP CUT,BROWN,200,LADIES ETHNICKURTIKURTI SHORTPRINT 38_46FRESHWAYSIDEGEETAODP CUTBROWN200,M/91 cm,SDLADIES ETHNICKURTIKURTI SHORT,8,1,200.00
SD,Binay Singh,LADIES ETHNIC,KURTI,KURTI SHORT,PRINT 38_46,FRESH,WAYSIDE,GEETA,ODP CUT,BROWN,200,LADIES ETHNICKURTIKURTI SHORTPRINT 38_46FRESHWAYSIDEGEETAODP CUTBROWN200,S/86 cm,SDLADIES ETHNICKURTIKURTI SHORT,8,1,200.00
SD,Binay Singh,LADIES ETHNIC,KURTI,KURTI SHORT,PRINT 38_46,FRESH,WAYSIDE,GEETA,ODP CUT,CORAL,200,LADIES ETHNICKURTIKURTI SHORTPRINT 38_46FRESHWAYSIDEGEETAODP CUTCORAL200,XL/1.02 m,SDLADIES ETHNICKURTIKURTI SHORT,8,1,200.00
SD,Binay Singh,LADIES ETHNIC,KURTI,KURTI SHORT,PRINT 38_46,FRESH,WAYSIDE,GEETA,ODP CUT,GREEN,200,LADIES ETHNICKURTIKURTI SHORTPRINT 38_46FRESHWAYSIDEGEETAODP CUTGREEN200,2XL/1.07 m,SDLADIES ETHNICKURTIKURTI SHORT,8,3,600.00
SD,Binay Singh,LADIES ETHNIC,KURTI,KURTI SHORT,PRINT 38_46,FRESH,WAYSIDE,GEETA,ODP CUT,GREEN,200,LADIES ETHNICKURTIKURTI SHORTPRINT 38_46FRESHWAYSIDEGEETAODP CUTGREEN200,3XL/1.12 m,SDLADIES ETHNICKURTIKURTI SHORT,8,2,400.00
SD,Binay Singh,LADIES ETHNIC,KURTI,KURTI SHORT,PRINT 38_46,FRESH,WAYSIDE,GEETA,ODP CUT,GREEN,200,LADIES ETHNICKURTIKURTI SHORTPRINT 38_46FRESHWAYSIDEGEETAODP CUTGREEN200,L/97 cm,SDLADIES ETHNICKURTIKURTI SHORT,8,3,600.00
SD,Binay Singh,LADIES ETHNIC,KURTI,KURTI SHORT,PRINT 38_46,FRESH,WAYSIDE,GEETA,ODP CUT,GREEN,200,LADIES ETHNICKURTIKURTI SHORTPRINT 38_46FRESHWAYSIDEGEETAODP CUTGREEN200,M/91 cm,SDLADIES ETHNICKURTIKURTI SHORT,8,3,600.00
SD,Binay Singh,LADIES ETHNIC,KURTI,KURTI SHORT,PRINT 38_46,FRESH,WAYSIDE,GEETA,ODP CUT,GREEN,200,LADIES ETHNICKURTIKURTI SHORTPRINT 38_46FRESHWAYSIDEGEETAODP CUTGREEN200,S/86 cm,SDLADIES ETHNICKURTIKURTI SHORT,8,2,400.00
SD,Binay Singh,LADIES ETHNIC,KURTI,KURTI SHORT,PRINT 38_46,FRESH,WAYSIDE,GEETA,ODP CUT,GREEN,200,LADIES ETHNICKURTIKURTI SHORTPRINT 38_46FRESHWAYSIDEGEETAODP CUTGREEN200,XL/1.02 m,SDLADIES ETHNICKURTIKURTI SHORT,8,4,800.00
SD,Binay Singh,LADIES ETHNIC,KURTI,KURTI SHORT,PRINT 38_46,FRESH,WAYSIDE,GEETA,ODP CUT,LAVENDER,200,LADIES ETHNICKURTIKURTI SHORTPRINT 38_46FRESHWAYSIDEGEETAODP CUTLAVENDER200,2XL/1.07 m,SDLADIES ETHNICKURTIKURTI SHORT,8,2,400.00
SD,Binay Singh,LADIES ETHNIC,KURTI,KURTI SHORT,PRINT 38_46,FRESH,WAYSIDE,GEETA,ODP CUT,LAVENDER,200,LADIES ETHNICKURTIKURTI SHORTPRINT 38_46FRESHWAYSIDEGEETAODP CUTLAVENDER200,L/97 cm,SDLADIES ETHNICKURTIKURTI SHORT,8,4,800.00
SD,Binay Singh,LADIES ETHNIC,KURTI,KURTI SHORT,PRINT 38_46,FRESH,WAYSIDE,GEETA,ODP CUT,LAVENDER,200,LADIES ETHNICKURTIKURTI SHORTPRINT 38_46FRESHWAYSIDEGEETAODP CUTLAVENDER200,M/91 cm,SDLADIES ETHNICKURTIKURTI SHORT,8,1,200.00
SD,Binay Singh,LADIES ETHNIC,KURTI,KURTI SHORT,PRINT 38_46,FRESH,WAYSIDE,GEETA,ODP CUT,LAVENDER,200,LADIES ETHNICKURTIKURTI SHORTPRINT 38_46FRESHWAYSIDEGEETAODP CUTLAVENDER200,XL/1.02 m,SDLADIES ETHNICKURTIKURTI SHORT,8,4,800.00
SD,Binay Singh,LADIES ETHNIC,KURTI,KURTI SHORT,PRINT 38_46,FRESH,WAYSIDE,GEETA,ODP CUT,NAVY,200,LADIES ETHNICKURTIKURTI SHORTPRINT 38_46FRESHWAYSIDEGEETAODP CUTNAVY200,2XL/1.07 m,SDLADIES ETHNICKURTIKURTI SHORT,8,3,600.00
SD,Binay Singh,LADIES ETHNIC,KURTI,KURTI SHORT,PRINT 38_46,FRESH,WAYSIDE,GEETA,ODP CUT,NAVY,200,LADIES ETHNICKURTIKURTI SHORTPRINT 38_46FRESHWAYSIDEGEETAODP CUTNAVY200,L/97 cm,SDLADIES ETHNICKURTIKURTI SHORT,8,4,800.00
SD,Binay Singh,LADIES ETHNIC,KURTI,KURTI SHORT,PRINT 38_46,FRESH,WAYSIDE,GEETA,ODP CUT,NAVY,200,LADIES ETHNICKURTIKURTI SHORTPRINT 38_46FRESHWAYSIDEGEETAODP CUTNAVY200,M/91 cm,SDLADIES ETHNICKURTIKURTI SHORT,8,3,600.00
SD,Binay Singh,LADIES ETHNIC,KURTI,KURTI SHORT,PRINT 38_46,FRESH,WAYSIDE,GEETA,ODP CUT,NAVY,200,LADIES ETHNICKURTIKURTI SHORTPRINT 38_46FRESHWAYSIDEGEETAODP CUTNAVY200,S/86 cm,SDLADIES ETHNICKURTIKURTI SHORT,8,1,200.00
SD,Binay Singh,LADIES ETHNIC,KURTI,KURTI SHORT,PRINT 38_46,FRESH,WAYSIDE,GEETA,ODP CUT,NAVY,200,LADIES ETHNICKURTIKURTI SHORTPRINT 38_46FRESHWAYSIDEGEETAODP CUTNAVY200,XL/1.02 m,SDLADIES ETHNICKURTIKURTI SHORT,8,3,600.00
SD,Binay Singh,LADIES ETHNIC,KURTI,KURTI SHORT,PRINT 38_46,FRESH,WAYSIDE,GEETA,ODP CUT,PINK,200,LADIES ETHNICKURTIKURTI SHORTPRINT 38_46FRESHWAYSIDEGEETAODP CUTPINK200,2XL/1.07 m,SDLADIES ETHNICKURTIKURTI SHORT,8,3,600.00
SD,Binay Singh,LADIES ETHNIC,KURTI,KURTI SHORT,PRINT 38_46,FRESH,WAYSIDE,GEETA,ODP CUT,PINK,200,LADIES ETHNICKURTIKURTI SHORTPRINT 38_46FRESHWAYSIDEGEETAODP CUTPINK200,L/97 cm,SDLADIES ETHNICKURTIKURTI SHORT,8,6,1200.00
SD,Binay Singh,LADIES ETHNIC,KURTI,KURTI SHORT,PRINT 38_46,FRESH,WAYSIDE,GEETA,ODP CUT,PINK,200,LADIES ETHNICKURTIKURTI SHORTPRINT 38_46FRESHWAYSIDEGEETAODP CUTPINK200,M/91 cm,SDLADIES ETHNICKURTIKURTI SHORT,8,4,800.00
SD,Binay Singh,LADIES ETHNIC,KURTI,KURTI SHORT,PRINT 38_46,FRESH,WAYSIDE,GEETA,ODP CUT,PINK,200,LADIES ETHNICKURTIKURTI SHORTPRINT 38_46FRESHWAYSIDEGEETAODP CUTPINK200,S/86 cm,SDLADIES ETHNICKURTIKURTI SHORT,8,2,400.00
SD,Binay Singh,LADIES ETHNIC,KURTI,KURTI SHORT,PRINT 38_46,FRESH,WAYSIDE,GEETA,ODP CUT,PINK,200,LADIES ETHNICKURTIKURTI SHORTPRINT 38_46FRESHWAYSIDEGEETAODP CUTPINK200,XL/1.02 m,SDLADIES ETHNICKURTIKURTI SHORT,8,7,1400.00
SD,Binay Singh,LADIES ETHNIC,KURTI,KURTI SHORT,PRINT 38_46,FRESH,WAYSIDE,GEETA,ODP CUT,PISTA,200,LADIES ETHNICKURTIKURTI SHORTPRINT 38_46FRESHWAYSIDEGEETAODP CUTPISTA200,M/91 cm,SDLADIES ETHNICKURTIKURTI SHORT,8,1,200.00
SD,Binay Singh,LADIES ETHNIC,KURTI,KURTI SHORT,PRINT 38_46,FRESH,WAYSIDE,GEETA,ODP CUT,RED,200,LADIES ETHNICKURTIKURTI SHORTPRINT 38_46FRESHWAYSIDEGEETAODP CUTRED200,2XL/1.07 m,SDLADIES ETHNICKURTIKURTI SHORT,8,2,400.00
SD,Binay Singh,LADIES ETHNIC,KURTI,KURTI SHORT,PRINT 38_46,FRESH,WAYSIDE,GEETA,ODP CUT,RED,200,LADIES ETHNICKURTIKURTI SHORTPRINT 38_46FRESHWAYSIDEGEETAODP CUTRED200,L/97 cm,SDLADIES ETHNICKURTIKURTI SHORT,8,2,400.00
SD,Binay Singh,LADIES ETHNIC,KURTI,KURTI SHORT,PRINT 38_46,FRESH,WAYSIDE,GEETA,ODP CUT,RED,200,LADIES ETHNICKURTIKURTI SHORTPRINT 38_46FRESHWAYSIDEGEETAODP CUTRED200,M/91 cm,SDLADIES ETHNICKURTIKURTI SHORT,8,1,200.00
SG,Pintu Singh,LADIES ETHNIC,KURTI,KURTI SHORT,PRINT 38_46,FRESH,WAYSIDE,GEETA,ODP CUT,BLACK,200,LADIES ETHNICKURTIKURTI SHORTPRINT 38_46FRESHWAYSIDEGEETAODP CUTBLACK200,2XL/1.07 m,SGLADIES ETHNICKURTIKURTI SHORT,9,1,200.00
SG,Pintu Singh,LADIES ETHNIC,KURTI,KURTI SHORT,PRINT 38_46,FRESH,WAYSIDE,GEETA,ODP CUT,BLACK,200,LADIES ETHNICKURTIKURTI SHORTPRINT 38_46FRESHWAYSIDEGEETAODP CUTBLACK200,3XL/1.12 m,SGLADIES ETHNICKURTIKURTI SHORT,9,1,200.00
SG,Pintu Singh,LADIES ETHNIC,KURTI,KURTI SHORT,PRINT 38_46,FRESH,WAYSIDE,GEETA,ODP CUT,BROWN,200,LADIES ETHNICKURTIKURTI SHORTPRINT 38_46FRESHWAYSIDEGEETAODP CUTBROWN200,2XL/1.07 m,SGLADIES ETHNICKURTIKURTI SHORT,9,1,200.00
SG,Pintu Singh,LADIES ETHNIC,KURTI,KURTI SHORT,PRINT 38_46,FRESH,WAYSIDE,GEETA,ODP CUT,BROWN,200,LADIES ETHNICKURTIKURTI SHORTPRINT 38_46FRESHWAYSIDEGEETAODP CUTBROWN200,L/97 cm,SGLADIES ETHNICKURTIKURTI SHORT,9,4,800.00
SG,Pintu Singh,LADIES ETHNIC,KURTI,KURTI SHORT,PRINT 38_46,FRESH,WAYSIDE,GEETA,ODP CUT,BROWN,200,LADIES ETHNICKURTIKURTI SHORTPRINT 38_46FRESHWAYSIDEGEETAODP CUTBROWN200,XL/1.02 m,SGLADIES ETHNICKURTIKURTI SHORT,9,2,400.00
SG,Pintu Singh,LADIES ETHNIC,KURTI,KURTI SHORT,PRINT 38_46,FRESH,WAYSIDE,GEETA,ODP CUT,CORAL,200,LADIES ETHNICKURTIKURTI SHORTPRINT 38_46FRESHWAYSIDEGEETAODP CUTCORAL200,2XL/1.07 m,SGLADIES ETHNICKURTIKURTI SHORT,9,6,1200.00
SG,Pintu Singh,LADIES ETHNIC,KURTI,KURTI SHORT,PRINT 38_46,FRESH,WAYSIDE,GEETA,ODP CUT,CORAL,200,LADIES ETHNICKURTIKURTI SHORTPRINT 38_46FRESHWAYSIDEGEETAODP CUTCORAL200,L/97 cm,SGLADIES ETHNICKURTIKURTI SHORT,9,1,200.00
SG,Pintu Singh,LADIES ETHNIC,KURTI,KURTI SHORT,PRINT 38_46,FRESH,WAYSIDE,GEETA,ODP CUT,CORAL,200,LADIES ETHNICKURTIKURTI SHORTPRINT 38_46FRESHWAYSIDEGEETAODP CUTCORAL200,XL/1.02 m,SGLADIES ETHNICKURTIKURTI SHORT,9,1,200.00
SG,Pintu Singh,LADIES ETHNIC,KURTI,KURTI SHORT,PRINT 38_46,FRESH,WAYSIDE,GEETA,ODP CUT,CREAM,200,LADIES ETHNICKURTIKURTI SHORTPRINT 38_46FRESHWAYSIDEGEETAODP CUTCREAM200,2XL/1.07 m,SGLADIES ETHNICKURTIKURTI SHORT,9,1,200.00
SG,Pintu Singh,LADIES ETHNIC,KURTI,KURTI SHORT,PRINT 38_46,FRESH,WAYSIDE,GEETA,ODP CUT,CREAM,200,LADIES ETHNICKURTIKURTI SHORTPRINT 38_46FRESHWAYSIDEGEETAODP CUTCREAM200,3XL/1.12 m,SGLADIES ETHNICKURTIKURTI SHORT,9,1,200.00
SG,Pintu Singh,LADIES ETHNIC,KURTI,KURTI SHORT,PRINT 38_46,FRESH,WAYSIDE,GEETA,ODP CUT,CREAM,200,LADIES ETHNICKURTIKURTI SHORTPRINT 38_46FRESHWAYSIDEGEETAODP CUTCREAM200,M/91 cm,SGLADIES ETHNICKURTIKURTI SHORT,9,1,200.00
SG,Pintu Singh,LADIES ETHNIC,KURTI,KURTI SHORT,PRINT 38_46,FRESH,WAYSIDE,GEETA,ODP CUT,CREAM,200,LADIES ETHNICKURTIKURTI SHORTPRINT 38_46FRESHWAYSIDEGEETAODP CUTCREAM200,S/86 cm,SGLADIES ETHNICKURTIKURTI SHORT,9,1,200.00
SG,Pintu Singh,LADIES ETHNIC,KURTI,KURTI SHORT,PRINT 38_46,FRESH,WAYSIDE,GEETA,ODP CUT,CREAM,200,LADIES ETHNICKURTIKURTI SHORTPRINT 38_46FRESHWAYSIDEGEETAODP CUTCREAM200,XL/1.02 m,SGLADIES ETHNICKURTIKURTI SHORT,9,1,200.00
SG,Pintu Singh,LADIES ETHNIC,KURTI,KURTI SHORT,PRINT 38_46,FRESH,WAYSIDE,GEETA,ODP CUT,GREEN,200,LADIES ETHNICKURTIKURTI SHORTPRINT 38_46FRESHWAYSIDEGEETAODP CUTGREEN200,2XL/1.07 m,SGLADIES ETHNICKURTIKURTI SHORT,9,5,1000.00
SG,Pintu Singh,LADIES ETHNIC,KURTI,KURTI SHORT,PRINT 38_46,FRESH,WAYSIDE,GEETA,ODP CUT,GREEN,200,LADIES ETHNICKURTIKURTI SHORTPRINT 38_46FRESHWAYSIDEGEETAODP CUTGREEN200,3XL/1.12 m,SGLADIES ETHNICKURTIKURTI SHORT,9,1,200.00
SG,Pintu Singh,LADIES ETHNIC,KURTI,KURTI SHORT,PRINT 38_46,FRESH,WAYSIDE,GEETA,ODP CUT,GREEN,200,LADIES ETHNICKURTIKURTI SHORTPRINT 38_46FRESHWAYSIDEGEETAODP CUTGREEN200,L/97 cm,SGLADIES ETHNICKURTIKURTI SHORT,9,2,400.00
SG,Pintu Singh,LADIES ETHNIC,KURTI,KURTI SHORT,PRINT 38_46,FRESH,WAYSIDE,GEETA,ODP CUT,GREEN,200,LADIES ETHNICKURTIKURTI SHORTPRINT 38_46FRESHWAYSIDEGEETAODP CUTGREEN200,M/91 cm,SGLADIES ETHNICKURTIKURTI SHORT,9,4,800.00
SG,Pintu Singh,LADIES ETHNIC,KURTI,KURTI SHORT,PRINT 38_46,FRESH,WAYSIDE,GEETA,ODP CUT,GREEN,200,LADIES ETHNICKURTIKURTI SHORTPRINT 38_46FRESHWAYSIDEGEETAODP CUTGREEN200,S/86 cm,SGLADIES ETHNICKURTIKURTI SHORT,9,2,400.00
SG,Pintu Singh,LADIES ETHNIC,KURTI,KURTI SHORT,PRINT 38_46,FRESH,WAYSIDE,GEETA,ODP CUT,GREEN,200,LADIES ETHNICKURTIKURTI SHORTPRINT 38_46FRESHWAYSIDEGEETAODP CUTGREEN200,XL/1.02 m,SGLADIES ETHNICKURTIKURTI SHORT,9,3,600.00
SG,Pintu Singh,LADIES ETHNIC,KURTI,KURTI SHORT,PRINT 38_46,FRESH,WAYSIDE,GEETA,ODP CUT,GREY,200,LADIES ETHNICKURTIKURTI SHORTPRINT 38_46FRESHWAYSIDEGEETAODP CUTGREY200,2XL/1.07 m,SGLADIES ETHNICKURTIKURTI SHORT,9,2,400.00
SG,Pintu Singh,LADIES ETHNIC,KURTI,KURTI SHORT,PRINT 38_46,FRESH,WAYSIDE,GEETA,ODP CUT,GREY,200,LADIES ETHNICKURTIKURTI SHORTPRINT 38_46FRESHWAYSIDEGEETAODP CUTGREY200,3XL/1.12 m,SGLADIES ETHNICKURTIKURTI SHORT,9,2,400.00
SG,Pintu Singh,LADIES ETHNIC,KURTI,KURTI SHORT,PRINT 38_46,FRESH,WAYSIDE,GEETA,ODP CUT,GREY,200,LADIES ETHNICKURTIKURTI SHORTPRINT 38_46FRESHWAYSIDEGEETAODP CUTGREY200,L/97 cm,SGLADIES ETHNICKURTIKURTI SHORT,9,3,600.00
SG,Pintu Singh,LADIES ETHNIC,KURTI,KURTI SHORT,PRINT 38_46,FRESH,WAYSIDE,GEETA,ODP CUT,GREY,200,LADIES ETHNICKURTIKURTI SHORTPRINT 38_46FRESHWAYSIDEGEETAODP CUTGREY200,M/91 cm,SGLADIES ETHNICKURTIKURTI SHORT,9,2,400.00
SG,Pintu Singh,LADIES ETHNIC,KURTI,KURTI SHORT,PRINT 38_46,FRESH,WAYSIDE,GEETA,ODP CUT,GREY,200,LADIES ETHNICKURTIKURTI SHORTPRINT 38_46FRESHWAYSIDEGEETAODP CUTGREY200,XL/1.02 m,SGLADIES ETHNICKURTIKURTI SHORT,9,4,800.00
SG,Pintu Singh,LADIES ETHNIC,KURTI,KURTI SHORT,PRINT 38_46,FRESH,WAYSIDE,GEETA,ODP CUT,LAVENDER,200,LADIES ETHNICKURTIKURTI SHORTPRINT 38_46FRESHWAYSIDEGEETAODP CUTLAVENDER200,3XL/1.12 m,SGLADIES ETHNICKURTIKURTI SHORT,9,1,200.00
SG,Pintu Singh,LADIES ETHNIC,KURTI,KURTI SHORT,PRINT 38_46,FRESH,WAYSIDE,GEETA,ODP CUT,LAVENDER,200,LADIES ETHNICKURTIKURTI SHORTPRINT 38_46FRESHWAYSIDEGEETAODP CUTLAVENDER200,M/91 cm,SGLADIES ETHNICKURTIKURTI SHORT,9,1,200.00
SG,Pintu Singh,LADIES ETHNIC,KURTI,KURTI SHORT,PRINT 38_46,FRESH,WAYSIDE,GEETA,ODP CUT,LAVENDER,200,LADIES ETHNICKURTIKURTI SHORTPRINT 38_46FRESHWAYSIDEGEETAODP CUTLAVENDER200,S/86 cm,SGLADIES ETHNICKURTIKURTI SHORT,9,1,200.00
SG,Pintu Singh,LADIES ETHNIC,KURTI,KURTI SHORT,PRINT 38_46,FRESH,WAYSIDE,GEETA,ODP CUT,LAVENDER,200,LADIES ETHNICKURTIKURTI SHORTPRINT 38_46FRESHWAYSIDEGEETAODP CUTLAVENDER200,XL/1.02 m,SGLADIES ETHNICKURTIKURTI SHORT,9,1,200.00
SG,Pintu Singh,LADIES ETHNIC,KURTI,KURTI SHORT,PRINT 38_46,FRESH,WAYSIDE,GEETA,ODP CUT,MUSTARD,200,LADIES ETHNICKURTIKURTI SHORTPRINT 38_46FRESHWAYSIDEGEETAODP CUTMUSTARD200,2XL/1.07 m,SGLADIES ETHNICKURTIKURTI SHORT,9,4,800.00
SG,Pintu Singh,LADIES ETHNIC,KURTI,KURTI SHORT,PRINT 38_46,FRESH,WAYSIDE,GEETA,ODP CUT,MUSTARD,200,LADIES ETHNICKURTIKURTI SHORTPRINT 38_46FRESHWAYSIDEGEETAODP CUTMUSTARD200,3XL/1.12 m,SGLADIES ETHNICKURTIKURTI SHORT,9,1,200.00
SG,Pintu Singh,LADIES ETHNIC,KURTI,KURTI SHORT,PRINT 38_46,FRESH,WAYSIDE,GEETA,ODP CUT,MUSTARD,200,LADIES ETHNICKURTIKURTI SHORTPRINT 38_46FRESHWAYSIDEGEETAODP CUTMUSTARD200,L/97 cm,SGLADIES ETHNICKURTIKURTI SHORT,9,5,1000.00
SG,Pintu Singh,LADIES ETHNIC,KURTI,KURTI SHORT,PRINT 38_46,FRESH,WAYSIDE,GEETA,ODP CUT,MUSTARD,200,LADIES ETHNICKURTIKURTI SHORTPRINT 38_46FRESHWAYSIDEGEETAODP CUTMUSTARD200,M/91 cm,SGLADIES ETHNICKURTIKURTI SHORT,9,2,400.00
SG,Pintu Singh,LADIES ETHNIC,KURTI,KURTI SHORT,PRINT 38_46,FRESH,WAYSIDE,GEETA,ODP CUT,MUSTARD,200,LADIES ETHNICKURTIKURTI SHORTPRINT 38_46FRESHWAYSIDEGEETAODP CUTMUSTARD200,XL/1.02 m,SGLADIES ETHNICKURTIKURTI SHORT,9,4,800.00
SG,Pintu Singh,LADIES ETHNIC,KURTI,KURTI SHORT,PRINT 38_46,FRESH,WAYSIDE,GEETA,ODP CUT,NAVY,200,LADIES ETHNICKURTIKURTI SHORTPRINT 38_46FRESHWAYSIDEGEETAODP CUTNAVY200,2XL/1.07 m,SGLADIES ETHNICKURTIKURTI SHORT,9,2,400.00
SG,Pintu Singh,LADIES ETHNIC,KURTI,KURTI SHORT,PRINT 38_46,FRESH,WAYSIDE,GEETA,ODP CUT,NAVY,200,LADIES ETHNICKURTIKURTI SHORTPRINT 38_46FRESHWAYSIDEGEETAODP CUTNAVY200,3XL/1.12 m,SGLADIES ETHNICKURTIKURTI SHORT,9,2,400.00
SG,Pintu Singh,LADIES ETHNIC,KURTI,KURTI SHORT,PRINT 38_46,FRESH,WAYSIDE,GEETA,ODP CUT,NAVY,200,LADIES ETHNICKURTIKURTI SHORTPRINT 38_46FRESHWAYSIDEGEETAODP CUTNAVY200,L/97 cm,SGLADIES ETHNICKURTIKURTI SHORT,9,3,600.00
SG,Pintu Singh,LADIES ETHNIC,KURTI,KURTI SHORT,PRINT 38_46,FRESH,WAYSIDE,GEETA,ODP CUT,NAVY,200,LADIES ETHNICKURTIKURTI SHORTPRINT 38_46FRESHWAYSIDEGEETAODP CUTNAVY200,M/91 cm,SGLADIES ETHNICKURTIKURTI SHORT,9,2,400.00
SG,Pintu Singh,LADIES ETHNIC,KURTI,KURTI SHORT,PRINT 38_46,FRESH,WAYSIDE,GEETA,ODP CUT,NAVY,200,LADIES ETHNICKURTIKURTI SHORTPRINT 38_46FRESHWAYSIDEGEETAODP CUTNAVY200,S/86 cm,SGLADIES ETHNICKURTIKURTI SHORT,9,1,200.00
SG,Pintu Singh,LADIES ETHNIC,KURTI,KURTI SHORT,PRINT 38_46,FRESH,WAYSIDE,GEETA,ODP CUT,NAVY,200,LADIES ETHNICKURTIKURTI SHORTPRINT 38_46FRESHWAYSIDEGEETAODP CUTNAVY200,XL/1.02 m,SGLADIES ETHNICKURTIKURTI SHORT,9,2,400.00
SG,Pintu Singh,LADIES ETHNIC,KURTI,KURTI SHORT,PRINT 38_46,FRESH,WAYSIDE,GEETA,ODP CUT,NAVY,250,LADIES ETHNICKURTIKURTI SHORTPRINT 38_46FRESHWAYSIDEGEETAODP CUTNAVY250,4XL/1.17 m,SGLADIES ETHNICKURTIKURTI SHORT,9,1,250.00
SG,Pintu Singh,LADIES ETHNIC,KURTI,KURTI SHORT,PRINT 38_46,FRESH,WAYSIDE,GEETA,ODP CUT,OLIVE,250,LADIES ETHNICKURTIKURTI SHORTPRINT 38_46FRESHWAYSIDEGEETAODP CUTOLIVE250,4XL/1.17 m,SGLADIES ETHNICKURTIKURTI SHORT,9,2,500.00
SG,Pintu Singh,LADIES ETHNIC,KURTI,KURTI SHORT,PRINT 38_46,FRESH,WAYSIDE,GEETA,ODP CUT,OLIVE,250,LADIES ETHNICKURTIKURTI SHORTPRINT 38_46FRESHWAYSIDEGEETAODP CUTOLIVE250,5XL/1.21 m,SGLADIES ETHNICKURTIKURTI SHORT,9,3,750.00
SG,Pintu Singh,LADIES ETHNIC,KURTI,KURTI SHORT,PRINT 38_46,FRESH,WAYSIDE,GEETA,ODP CUT,PINK,200,LADIES ETHNICKURTIKURTI SHORTPRINT 38_46FRESHWAYSIDEGEETAODP CUTPINK200,2XL/1.07 m,SGLADIES ETHNICKURTIKURTI SHORT,9,6,1200.00
SG,Pintu Singh,LADIES ETHNIC,KURTI,KURTI SHORT,PRINT 38_46,FRESH,WAYSIDE,GEETA,ODP CUT,PINK,200,LADIES ETHNICKURTIKURTI SHORTPRINT 38_46FRESHWAYSIDEGEETAODP CUTPINK200,3XL/1.12 m,SGLADIES ETHNICKURTIKURTI SHORT,9,6,1200.00
SG,Pintu Singh,LADIES ETHNIC,KURTI,KURTI SHORT,PRINT 38_46,FRESH,WAYSIDE,GEETA,ODP CUT,PINK,200,LADIES ETHNICKURTIKURTI SHORTPRINT 38_46FRESHWAYSIDEGEETAODP CUTPINK200,L/97 cm,SGLADIES ETHNICKURTIKURTI SHORT,9,4,800.00
SG,Pintu Singh,LADIES ETHNIC,KURTI,KURTI SHORT,PRINT 38_46,FRESH,WAYSIDE,GEETA,ODP CUT,PINK,200,LADIES ETHNICKURTIKURTI SHORTPRINT 38_46FRESHWAYSIDEGEETAODP CUTPINK200,M/91 cm,SGLADIES ETHNICKURTIKURTI SHORT,9,5,1000.00
SG,Pintu Singh,LADIES ETHNIC,KURTI,KURTI SHORT,PRINT 38_46,FRESH,WAYSIDE,GEETA,ODP CUT,PINK,200,LADIES ETHNICKURTIKURTI SHORTPRINT 38_46FRESHWAYSIDEGEETAODP CUTPINK200,S/86 cm,SGLADIES ETHNICKURTIKURTI SHORT,9,2,400.00
SG,Pintu Singh,LADIES ETHNIC,KURTI,KURTI SHORT,PRINT 38_46,FRESH,WAYSIDE,GEETA,ODP CUT,PINK,200,LADIES ETHNICKURTIKURTI SHORTPRINT 38_46FRESHWAYSIDEGEETAODP CUTPINK200,XL/1.02 m,SGLADIES ETHNICKURTIKURTI SHORT,9,6,1200.00
SG,Pintu Singh,LADIES ETHNIC,KURTI,KURTI SHORT,PRINT 38_46,FRESH,WAYSIDE,GEETA,ODP CUT,RAMA,200,LADIES ETHNICKURTIKURTI SHORTPRINT 38_46FRESHWAYSIDEGEETAODP CUTRAMA200,2XL/1.07 m,SGLADIES ETHNICKURTIKURTI SHORT,9,1,200.00
SG,Pintu Singh,LADIES ETHNIC,KURTI,KURTI SHORT,PRINT 38_46,FRESH,WAYSIDE,GEETA,ODP CUT,RAMA,200,LADIES ETHNICKURTIKURTI SHORTPRINT 38_46FRESHWAYSIDEGEETAODP CUTRAMA200,S/86 cm,SGLADIES ETHNICKURTIKURTI SHORT,9,1,200.00
SG,Pintu Singh,LADIES ETHNIC,KURTI,KURTI SHORT,PRINT 38_46,FRESH,WAYSIDE,GEETA,ODP CUT,RED,200,LADIES ETHNICKURTIKURTI SHORTPRINT 38_46FRESHWAYSIDEGEETAODP CUTRED200,L/97 cm,SGLADIES ETHNICKURTIKURTI SHORT,9,2,400.00
SG,Pintu Singh,LADIES ETHNIC,KURTI,KURTI SHORT,PRINT 38_46,FRESH,WAYSIDE,GEETA,ODP CUT,RED,200,LADIES ETHNICKURTIKURTI SHORTPRINT 38_46FRESHWAYSIDEGEETAODP CUTRED200,M/91 cm,SGLADIES ETHNICKURTIKURTI SHORT,9,2,400.00
SG,Pintu Singh,LADIES ETHNIC,KURTI,KURTI SHORT,PRINT 38_46,FRESH,WAYSIDE,GEETA,ODP CUT,SEA GREEN,200,LADIES ETHNICKURTIKURTI SHORTPRINT 38_46FRESHWAYSIDEGEETAODP CUTSEA GREEN200,2XL/1.07 m,SGLADIES ETHNICKURTIKURTI SHORT,9,2,400.00
SG,Pintu Singh,LADIES ETHNIC,KURTI,KURTI SHORT,PRINT 38_46,FRESH,WAYSIDE,GEETA,ODP CUT,SEA GREEN,200,LADIES ETHNICKURTIKURTI SHORTPRINT 38_46FRESHWAYSIDEGEETAODP CUTSEA GREEN200,L/97 cm,SGLADIES ETHNICKURTIKURTI SHORT,9,1,200.00
SG,Pintu Singh,LADIES ETHNIC,KURTI,KURTI SHORT,PRINT 38_46,FRESH,WAYSIDE,GEETA,ODP CUT,SEA GREEN,200,LADIES ETHNICKURTIKURTI SHORTPRINT 38_46FRESHWAYSIDEGEETAODP CUTSEA GREEN200,M/91 cm,SGLADIES ETHNICKURTIKURTI SHORT,9,1,200.00
SJ,Dipendu Biswas,LADIES ETHNIC,KURTI,KURTI SHORT,PRINT 38_46,FRESH,WAYSIDE,GEETA,ODP CUT,BROWN,200,LADIES ETHNICKURTIKURTI SHORTPRINT 38_46FRESHWAYSIDEGEETAODP CUTBROWN200,XL/1.02 m,SJLADIES ETHNICKURTIKURTI SHORT,8,1,200.00
SJ,Dipendu Biswas,LADIES ETHNIC,KURTI,KURTI SHORT,PRINT 38_46,FRESH,WAYSIDE,GEETA,ODP CUT,GREEN,200,LADIES ETHNICKURTIKURTI SHORTPRINT 38_46FRESHWAYSIDEGEETAODP CUTGREEN200,2XL/1.07 m,SJLADIES ETHNICKURTIKURTI SHORT,8,5,1000.00
SJ,Dipendu Biswas,LADIES ETHNIC,KURTI,KURTI SHORT,PRINT 38_46,FRESH,WAYSIDE,GEETA,ODP CUT,GREEN,200,LADIES ETHNICKURTIKURTI SHORTPRINT 38_46FRESHWAYSIDEGEETAODP CUTGREEN200,3XL/1.12 m,SJLADIES ETHNICKURTIKURTI SHORT,8,5,1000.00
SJ,Dipendu Biswas,LADIES ETHNIC,KURTI,KURTI SHORT,PRINT 38_46,FRESH,WAYSIDE,GEETA,ODP CUT,GREEN,200,LADIES ETHNICKURTIKURTI SHORTPRINT 38_46FRESHWAYSIDEGEETAODP CUTGREEN200,L/97 cm,SJLADIES ETHNICKURTIKURTI SHORT,8,3,600.00
SJ,Dipendu Biswas,LADIES ETHNIC,KURTI,KURTI SHORT,PRINT 38_46,FRESH,WAYSIDE,GEETA,ODP CUT,GREEN,200,LADIES ETHNICKURTIKURTI SHORTPRINT 38_46FRESHWAYSIDEGEETAODP CUTGREEN200,M/91 cm,SJLADIES ETHNICKURTIKURTI SHORT,8,2,400.00
SJ,Dipendu Biswas,LADIES ETHNIC,KURTI,KURTI SHORT,PRINT 38_46,FRESH,WAYSIDE,GEETA,ODP CUT,GREEN,200,LADIES ETHNICKURTIKURTI SHORTPRINT 38_46FRESHWAYSIDEGEETAODP CUTGREEN200,S/86 cm,SJLADIES ETHNICKURTIKURTI SHORT,8,2,400.00
SJ,Dipendu Biswas,LADIES ETHNIC,KURTI,KURTI SHORT,PRINT 38_46,FRESH,WAYSIDE,GEETA,ODP CUT,GREEN,200,LADIES ETHNICKURTIKURTI SHORTPRINT 38_46FRESHWAYSIDEGEETAODP CUTGREEN200,XL/1.02 m,SJLADIES ETHNICKURTIKURTI SHORT,8,3,600.00
SJ,Dipendu Biswas,LADIES ETHNIC,KURTI,KURTI SHORT,PRINT 38_46,FRESH,WAYSIDE,GEETA,ODP CUT,GREY,200,LADIES ETHNICKURTIKURTI SHORTPRINT 38_46FRESHWAYSIDEGEETAODP CUTGREY200,2XL/1.07 m,SJLADIES ETHNICKURTIKURTI SHORT,8,2,400.00
SJ,Dipendu Biswas,LADIES ETHNIC,KURTI,KURTI SHORT,PRINT 38_46,FRESH,WAYSIDE,GEETA,ODP CUT,GREY,200,LADIES ETHNICKURTIKURTI SHORTPRINT 38_46FRESHWAYSIDEGEETAODP CUTGREY200,3XL/1.12 m,SJLADIES ETHNICKURTIKURTI SHORT,8,2,400.00
SJ,Dipendu Biswas,LADIES ETHNIC,KURTI,KURTI SHORT,PRINT 38_46,FRESH,WAYSIDE,GEETA,ODP CUT,GREY,200,LADIES ETHNICKURTIKURTI SHORTPRINT 38_46FRESHWAYSIDEGEETAODP CUTGREY200,L/97 cm,SJLADIES ETHNICKURTIKURTI SHORT,8,2,400.00
SJ,Dipendu Biswas,LADIES ETHNIC,KURTI,KURTI SHORT,PRINT 38_46,FRESH,WAYSIDE,GEETA,ODP CUT,GREY,200,LADIES ETHNICKURTIKURTI SHORTPRINT 38_46FRESHWAYSIDEGEETAODP CUTGREY200,M/91 cm,SJLADIES ETHNICKURTIKURTI SHORT,8,4,800.00
SJ,Dipendu Biswas,LADIES ETHNIC,KURTI,KURTI SHORT,PRINT 38_46,FRESH,WAYSIDE,GEETA,ODP CUT,GREY,200,LADIES ETHNICKURTIKURTI SHORTPRINT 38_46FRESHWAYSIDEGEETAODP CUTGREY200,S/86 cm,SJLADIES ETHNICKURTIKURTI SHORT,8,4,800.00
SJ,Dipendu Biswas,LADIES ETHNIC,KURTI,KURTI SHORT,PRINT 38_46,FRESH,WAYSIDE,GEETA,ODP CUT,GREY,200,LADIES ETHNICKURTIKURTI SHORTPRINT 38_46FRESHWAYSIDEGEETAODP CUTGREY200,XL/1.02 m,SJLADIES ETHNICKURTIKURTI SHORT,8,2,400.00
SJ,Dipendu Biswas,LADIES ETHNIC,KURTI,KURTI SHORT,PRINT 38_46,FRESH,WAYSIDE,GEETA,ODP CUT,LAVENDER,200,LADIES ETHNICKURTIKURTI SHORTPRINT 38_46FRESHWAYSIDEGEETAODP CUTLAVENDER200,2XL/1.07 m,SJLADIES ETHNICKURTIKURTI SHORT,8,2,400.00
SJ,Dipendu Biswas,LADIES ETHNIC,KURTI,KURTI SHORT,PRINT 38_46,FRESH,WAYSIDE,GEETA,ODP CUT,LAVENDER,200,LADIES ETHNICKURTIKURTI SHORTPRINT 38_46FRESHWAYSIDEGEETAODP CUTLAVENDER200,3XL/1.12 m,SJLADIES ETHNICKURTIKURTI SHORT,8,2,400.00
SJ,Dipendu Biswas,LADIES ETHNIC,KURTI,KURTI SHORT,PRINT 38_46,FRESH,WAYSIDE,GEETA,ODP CUT,MUSTARD,200,LADIES ETHNICKURTIKURTI SHORTPRINT 38_46FRESHWAYSIDEGEETAODP CUTMUSTARD200,2XL/1.07 m,SJLADIES ETHNICKURTIKURTI SHORT,8,4,800.00
SJ,Dipendu Biswas,LADIES ETHNIC,KURTI,KURTI SHORT,PRINT 38_46,FRESH,WAYSIDE,GEETA,ODP CUT,MUSTARD,200,LADIES ETHNICKURTIKURTI SHORTPRINT 38_46FRESHWAYSIDEGEETAODP CUTMUSTARD200,3XL/1.12 m,SJLADIES ETHNICKURTIKURTI SHORT,8,1,200.00
SJ,Dipendu Biswas,LADIES ETHNIC,KURTI,KURTI SHORT,PRINT 38_46,FRESH,WAYSIDE,GEETA,ODP CUT,MUSTARD,200,LADIES ETHNICKURTIKURTI SHORTPRINT 38_46FRESHWAYSIDEGEETAODP CUTMUSTARD200,L/97 cm,SJLADIES ETHNICKURTIKURTI SHORT,8,3,600.00
SJ,Dipendu Biswas,LADIES ETHNIC,KURTI,KURTI SHORT,PRINT 38_46,FRESH,WAYSIDE,GEETA,ODP CUT,MUSTARD,200,LADIES ETHNICKURTIKURTI SHORTPRINT 38_46FRESHWAYSIDEGEETAODP CUTMUSTARD200,M/91 cm,SJLADIES ETHNICKURTIKURTI SHORT,8,2,400.00
SJ,Dipendu Biswas,LADIES ETHNIC,KURTI,KURTI SHORT,PRINT 38_46,FRESH,WAYSIDE,GEETA,ODP CUT,MUSTARD,200,LADIES ETHNICKURTIKURTI SHORTPRINT 38_46FRESHWAYSIDEGEETAODP CUTMUSTARD200,S/86 cm,SJLADIES ETHNICKURTIKURTI SHORT,8,2,400.00
SJ,Dipendu Biswas,LADIES ETHNIC,KURTI,KURTI SHORT,PRINT 38_46,FRESH,WAYSIDE,GEETA,ODP CUT,MUSTARD,200,LADIES ETHNICKURTIKURTI SHORTPRINT 38_46FRESHWAYSIDEGEETAODP CUTMUSTARD200,XL/1.02 m,SJLADIES ETHNICKURTIKURTI SHORT,8,4,800.00
SJ,Dipendu Biswas,LADIES ETHNIC,KURTI,KURTI SHORT,PRINT 38_46,FRESH,WAYSIDE,GEETA,ODP CUT,NAVY,200,LADIES ETHNICKURTIKURTI SHORTPRINT 38_46FRESHWAYSIDEGEETAODP CUTNAVY200,2XL/1.07 m,SJLADIES ETHNICKURTIKURTI SHORT,8,3,600.00
SJ,Dipendu Biswas,LADIES ETHNIC,KURTI,KURTI SHORT,PRINT 38_46,FRESH,WAYSIDE,GEETA,ODP CUT,NAVY,200,LADIES ETHNICKURTIKURTI SHORTPRINT 38_46FRESHWAYSIDEGEETAODP CUTNAVY200,L/97 cm,SJLADIES ETHNICKURTIKURTI SHORT,8,3,600.00
SJ,Dipendu Biswas,LADIES ETHNIC,KURTI,KURTI SHORT,PRINT 38_46,FRESH,WAYSIDE,GEETA,ODP CUT,NAVY,200,LADIES ETHNICKURTIKURTI SHORTPRINT 38_46FRESHWAYSIDEGEETAODP CUTNAVY200,M/91 cm,SJLADIES ETHNICKURTIKURTI SHORT,8,1,200.00
SJ,Dipendu Biswas,LADIES ETHNIC,KURTI,KURTI SHORT,PRINT 38_46,FRESH,WAYSIDE,GEETA,ODP CUT,NAVY,200,LADIES ETHNICKURTIKURTI SHORTPRINT 38_46FRESHWAYSIDEGEETAODP CUTNAVY200,S/86 cm,SJLADIES ETHNICKURTIKURTI SHORT,8,1,200.00
SJ,Dipendu Biswas,LADIES ETHNIC,KURTI,KURTI SHORT,PRINT 38_46,FRESH,WAYSIDE,GEETA,ODP CUT,NAVY,200,LADIES ETHNICKURTIKURTI SHORTPRINT 38_46FRESHWAYSIDEGEETAODP CUTNAVY200,XL/1.02 m,SJLADIES ETHNICKURTIKURTI SHORT,8,1,200.00
SJ,Dipendu Biswas,LADIES ETHNIC,KURTI,KURTI SHORT,PRINT 38_46,FRESH,WAYSIDE,GEETA,ODP CUT,PINK,200,LADIES ETHNICKURTIKURTI SHORTPRINT 38_46FRESHWAYSIDEGEETAODP CUTPINK200,2XL/1.07 m,SJLADIES ETHNICKURTIKURTI SHORT,8,10,2000.00
SJ,Dipendu Biswas,LADIES ETHNIC,KURTI,KURTI SHORT,PRINT 38_46,FRESH,WAYSIDE,GEETA,ODP CUT,PINK,200,LADIES ETHNICKURTIKURTI SHORTPRINT 38_46FRESHWAYSIDEGEETAODP CUTPINK200,3XL/1.12 m,SJLADIES ETHNICKURTIKURTI SHORT,8,5,1000.00
SJ,Dipendu Biswas,LADIES ETHNIC,KURTI,KURTI SHORT,PRINT 38_46,FRESH,WAYSIDE,GEETA,ODP CUT,PINK,200,LADIES ETHNICKURTIKURTI SHORTPRINT 38_46FRESHWAYSIDEGEETAODP CUTPINK200,L/97 cm,SJLADIES ETHNICKURTIKURTI SHORT,8,7,1400.00
SJ,Dipendu Biswas,LADIES ETHNIC,KURTI,KURTI SHORT,PRINT 38_46,FRESH,WAYSIDE,GEETA,ODP CUT,PINK,200,LADIES ETHNICKURTIKURTI SHORTPRINT 38_46FRESHWAYSIDEGEETAODP CUTPINK200,M/91 cm,SJLADIES ETHNICKURTIKURTI SHORT,8,4,800.00
SJ,Dipendu Biswas,LADIES ETHNIC,KURTI,KURTI SHORT,PRINT 38_46,FRESH,WAYSIDE,GEETA,ODP CUT,PINK,200,LADIES ETHNICKURTIKURTI SHORTPRINT 38_46FRESHWAYSIDEGEETAODP CUTPINK200,S/86 cm,SJLADIES ETHNICKURTIKURTI SHORT,8,3,600.00
SJ,Dipendu Biswas,LADIES ETHNIC,KURTI,KURTI SHORT,PRINT 38_46,FRESH,WAYSIDE,GEETA,ODP CUT,PINK,200,LADIES ETHNICKURTIKURTI SHORTPRINT 38_46FRESHWAYSIDEGEETAODP CUTPINK200,XL/1.02 m,SJLADIES ETHNICKURTIKURTI SHORT,8,7,1400.00
SJ,Dipendu Biswas,LADIES ETHNIC,KURTI,KURTI SHORT,PRINT 38_46,FRESH,WAYSIDE,GEETA,ODP CUT,PISTA,200,LADIES ETHNICKURTIKURTI SHORTPRINT 38_46FRESHWAYSIDEGEETAODP CUTPISTA200,3XL/1.12 m,SJLADIES ETHNICKURTIKURTI SHORT,8,1,200.00
SJ,Dipendu Biswas,LADIES ETHNIC,KURTI,KURTI SHORT,PRINT 38_46,FRESH,WAYSIDE,GEETA,ODP CUT,PISTA,200,LADIES ETHNICKURTIKURTI SHORTPRINT 38_46FRESHWAYSIDEGEETAODP CUTPISTA200,L/97 cm,SJLADIES ETHNICKURTIKURTI SHORT,8,1,200.00
SP,Manish Singh,LADIES ETHNIC,KURTI,KURTI SHORT,PRINT 38_46,FRESH,WAYSIDE,GEETA,ODP CUT,BLACK,200,LADIES ETHNICKURTIKURTI SHORTPRINT 38_46FRESHWAYSIDEGEETAODP CUTBLACK200,XL/1.02 m,SPLADIES ETHNICKURTIKURTI SHORT,18,1,200.00
SP,Manish Singh,LADIES ETHNIC,KURTI,KURTI SHORT,PRINT 38_46,FRESH,WAYSIDE,GEETA,ODP CUT,BROWN,200,LADIES ETHNICKURTIKURTI SHORTPRINT 38_46FRESHWAYSIDEGEETAODP CUTBROWN200,2XL/1.07 m,SPLADIES ETHNICKURTIKURTI SHORT,18,2,400.00
SP,Manish Singh,LADIES ETHNIC,KURTI,KURTI SHORT,PRINT 38_46,FRESH,WAYSIDE,GEETA,ODP CUT,BROWN,200,LADIES ETHNICKURTIKURTI SHORTPRINT 38_46FRESHWAYSIDEGEETAODP CUTBROWN200,3XL/1.12 m,SPLADIES ETHNICKURTIKURTI SHORT,18,2,400.00
SP,Manish Singh,LADIES ETHNIC,KURTI,KURTI SHORT,PRINT 38_46,FRESH,WAYSIDE,GEETA,ODP CUT,BROWN,200,LADIES ETHNICKURTIKURTI SHORTPRINT 38_46FRESHWAYSIDEGEETAODP CUTBROWN200,L/97 cm,SPLADIES ETHNICKURTIKURTI SHORT,18,1,200.00
SP,Manish Singh,LADIES ETHNIC,KURTI,KURTI SHORT,PRINT 38_46,FRESH,WAYSIDE,GEETA,ODP CUT,CORAL,200,LADIES ETHNICKURTIKURTI SHORTPRINT 38_46FRESHWAYSIDEGEETAODP CUTCORAL200,L/97 cm,SPLADIES ETHNICKURTIKURTI SHORT,18,1,200.00
SP,Manish Singh,LADIES ETHNIC,KURTI,KURTI SHORT,PRINT 38_46,FRESH,WAYSIDE,GEETA,ODP CUT,CORAL,200,LADIES ETHNICKURTIKURTI SHORTPRINT 38_46FRESHWAYSIDEGEETAODP CUTCORAL200,XL/1.02 m,SPLADIES ETHNICKURTIKURTI SHORT,18,1,200.00
SP,Manish Singh,LADIES ETHNIC,KURTI,KURTI SHORT,PRINT 38_46,FRESH,WAYSIDE,GEETA,ODP CUT,GREEN,200,LADIES ETHNICKURTIKURTI SHORTPRINT 38_46FRESHWAYSIDEGEETAODP CUTGREEN200,2XL/1.07 m,SPLADIES ETHNICKURTIKURTI SHORT,18,3,600.00
SP,Manish Singh,LADIES ETHNIC,KURTI,KURTI SHORT,PRINT 38_46,FRESH,WAYSIDE,GEETA,ODP CUT,GREEN,200,LADIES ETHNICKURTIKURTI SHORTPRINT 38_46FRESHWAYSIDEGEETAODP CUTGREEN200,3XL/1.12 m,SPLADIES ETHNICKURTIKURTI SHORT,18,3,600.00
SP,Manish Singh,LADIES ETHNIC,KURTI,KURTI SHORT,PRINT 38_46,FRESH,WAYSIDE,GEETA,ODP CUT,GREEN,200,LADIES ETHNICKURTIKURTI SHORTPRINT 38_46FRESHWAYSIDEGEETAODP CUTGREEN200,L/97 cm,SPLADIES ETHNICKURTIKURTI SHORT,18,2,400.00
SP,Manish Singh,LADIES ETHNIC,KURTI,KURTI SHORT,PRINT 38_46,FRESH,WAYSIDE,GEETA,ODP CUT,GREEN,200,LADIES ETHNICKURTIKURTI SHORTPRINT 38_46FRESHWAYSIDEGEETAODP CUTGREEN200,M/91 cm,SPLADIES ETHNICKURTIKURTI SHORT,18,6,1200.00
SP,Manish Singh,LADIES ETHNIC,KURTI,KURTI SHORT,PRINT 38_46,FRESH,WAYSIDE,GEETA,ODP CUT,GREEN,200,LADIES ETHNICKURTIKURTI SHORTPRINT 38_46FRESHWAYSIDEGEETAODP CUTGREEN200,S/86 cm,SPLADIES ETHNICKURTIKURTI SHORT,18,3,600.00
SP,Manish Singh,LADIES ETHNIC,KURTI,KURTI SHORT,PRINT 38_46,FRESH,WAYSIDE,GEETA,ODP CUT,GREEN,200,LADIES ETHNICKURTIKURTI SHORTPRINT 38_46FRESHWAYSIDEGEETAODP CUTGREEN200,XL/1.02 m,SPLADIES ETHNICKURTIKURTI SHORT,18,4,800.00
SP,Manish Singh,LADIES ETHNIC,KURTI,KURTI SHORT,PRINT 38_46,FRESH,WAYSIDE,GEETA,ODP CUT,GREY,200,LADIES ETHNICKURTIKURTI SHORTPRINT 38_46FRESHWAYSIDEGEETAODP CUTGREY200,2XL/1.07 m,SPLADIES ETHNICKURTIKURTI SHORT,18,6,1200.00
SP,Manish Singh,LADIES ETHNIC,KURTI,KURTI SHORT,PRINT 38_46,FRESH,WAYSIDE,GEETA,ODP CUT,GREY,200,LADIES ETHNICKURTIKURTI SHORTPRINT 38_46FRESHWAYSIDEGEETAODP CUTGREY200,3XL/1.12 m,SPLADIES ETHNICKURTIKURTI SHORT,18,2,400.00
SP,Manish Singh,LADIES ETHNIC,KURTI,KURTI SHORT,PRINT 38_46,FRESH,WAYSIDE,GEETA,ODP CUT,GREY,200,LADIES ETHNICKURTIKURTI SHORTPRINT 38_46FRESHWAYSIDEGEETAODP CUTGREY200,L/97 cm,SPLADIES ETHNICKURTIKURTI SHORT,18,4,800.00
SP,Manish Singh,LADIES ETHNIC,KURTI,KURTI SHORT,PRINT 38_46,FRESH,WAYSIDE,GEETA,ODP CUT,GREY,200,LADIES ETHNICKURTIKURTI SHORTPRINT 38_46FRESHWAYSIDEGEETAODP CUTGREY200,M/91 cm,SPLADIES ETHNICKURTIKURTI SHORT,18,4,800.00
SP,Manish Singh,LADIES ETHNIC,KURTI,KURTI SHORT,PRINT 38_46,FRESH,WAYSIDE,GEETA,ODP CUT,GREY,200,LADIES ETHNICKURTIKURTI SHORTPRINT 38_46FRESHWAYSIDEGEETAODP CUTGREY200,S/86 cm,SPLADIES ETHNICKURTIKURTI SHORT,18,2,400.00
SP,Manish Singh,LADIES ETHNIC,KURTI,KURTI SHORT,PRINT 38_46,FRESH,WAYSIDE,GEETA,ODP CUT,GREY,200,LADIES ETHNICKURTIKURTI SHORTPRINT 38_46FRESHWAYSIDEGEETAODP CUTGREY200,XL/1.02 m,SPLADIES ETHNICKURTIKURTI SHORT,18,4,800.00
SP,Manish Singh,LADIES ETHNIC,KURTI,KURTI SHORT,PRINT 38_46,FRESH,WAYSIDE,GEETA,ODP CUT,LAVENDER,200,LADIES ETHNICKURTIKURTI SHORTPRINT 38_46FRESHWAYSIDEGEETAODP CUTLAVENDER200,2XL/1.07 m,SPLADIES ETHNICKURTIKURTI SHORT,18,1,200.00
SP,Manish Singh,LADIES ETHNIC,KURTI,KURTI SHORT,PRINT 38_46,FRESH,WAYSIDE,GEETA,ODP CUT,LAVENDER,200,LADIES ETHNICKURTIKURTI SHORTPRINT 38_46FRESHWAYSIDEGEETAODP CUTLAVENDER200,XL/1.02 m,SPLADIES ETHNICKURTIKURTI SHORT,18,1,200.00
SP,Manish Singh,LADIES ETHNIC,KURTI,KURTI SHORT,PRINT 38_46,FRESH,WAYSIDE,GEETA,ODP CUT,MUSTARD,200,LADIES ETHNICKURTIKURTI SHORTPRINT 38_46FRESHWAYSIDEGEETAODP CUTMUSTARD200,2XL/1.07 m,SPLADIES ETHNICKURTIKURTI SHORT,18,5,1000.00
SP,Manish Singh,LADIES ETHNIC,KURTI,KURTI SHORT,PRINT 38_46,FRESH,WAYSIDE,GEETA,ODP CUT,MUSTARD,200,LADIES ETHNICKURTIKURTI SHORTPRINT 38_46FRESHWAYSIDEGEETAODP CUTMUSTARD200,3XL/1.12 m,SPLADIES ETHNICKURTIKURTI SHORT,18,2,400.00
SP,Manish Singh,LADIES ETHNIC,KURTI,KURTI SHORT,PRINT 38_46,FRESH,WAYSIDE,GEETA,ODP CUT,MUSTARD,200,LADIES ETHNICKURTIKURTI SHORTPRINT 38_46FRESHWAYSIDEGEETAODP CUTMUSTARD200,L/97 cm,SPLADIES ETHNICKURTIKURTI SHORT,18,6,1200.00
SP,Manish Singh,LADIES ETHNIC,KURTI,KURTI SHORT,PRINT 38_46,FRESH,WAYSIDE,GEETA,ODP CUT,MUSTARD,200,LADIES ETHNICKURTIKURTI SHORTPRINT 38_46FRESHWAYSIDEGEETAODP CUTMUSTARD200,M/91 cm,SPLADIES ETHNICKURTIKURTI SHORT,18,4,800.00
SP,Manish Singh,LADIES ETHNIC,KURTI,KURTI SHORT,PRINT 38_46,FRESH,WAYSIDE,GEETA,ODP CUT,MUSTARD,200,LADIES ETHNICKURTIKURTI SHORTPRINT 38_46FRESHWAYSIDEGEETAODP CUTMUSTARD200,S/86 cm,SPLADIES ETHNICKURTIKURTI SHORT,18,1,200.00
SP,Manish Singh,LADIES ETHNIC,KURTI,KURTI SHORT,PRINT 38_46,FRESH,WAYSIDE,GEETA,ODP CUT,MUSTARD,200,LADIES ETHNICKURTIKURTI SHORTPRINT 38_46FRESHWAYSIDEGEETAODP CUTMUSTARD200,XL/1.02 m,SPLADIES ETHNICKURTIKURTI SHORT,18,4,800.00
SP,Manish Singh,LADIES ETHNIC,KURTI,KURTI SHORT,PRINT 38_46,FRESH,WAYSIDE,GEETA,ODP CUT,MUSTARD,250,LADIES ETHNICKURTIKURTI SHORTPRINT 38_46FRESHWAYSIDEGEETAODP CUTMUSTARD250,4XL/1.17 m,SPLADIES ETHNICKURTIKURTI SHORT,18,1,250.00
SP,Manish Singh,LADIES ETHNIC,KURTI,KURTI SHORT,PRINT 38_46,FRESH,WAYSIDE,GEETA,ODP CUT,MUSTARD,250,LADIES ETHNICKURTIKURTI SHORTPRINT 38_46FRESHWAYSIDEGEETAODP CUTMUSTARD250,5XL/1.21 m,SPLADIES ETHNICKURTIKURTI SHORT,18,1,250.00
SP,Manish Singh,LADIES ETHNIC,KURTI,KURTI SHORT,PRINT 38_46,FRESH,WAYSIDE,GEETA,ODP CUT,NAVY,200,LADIES ETHNICKURTIKURTI SHORTPRINT 38_46FRESHWAYSIDEGEETAODP CUTNAVY200,2XL/1.07 m,SPLADIES ETHNICKURTIKURTI SHORT,18,3,600.00
SP,Manish Singh,LADIES ETHNIC,KURTI,KURTI SHORT,PRINT 38_46,FRESH,WAYSIDE,GEETA,ODP CUT,NAVY,200,LADIES ETHNICKURTIKURTI SHORTPRINT 38_46FRESHWAYSIDEGEETAODP CUTNAVY200,3XL/1.12 m,SPLADIES ETHNICKURTIKURTI SHORT,18,1,200.00
SP,Manish Singh,LADIES ETHNIC,KURTI,KURTI SHORT,PRINT 38_46,FRESH,WAYSIDE,GEETA,ODP CUT,NAVY,200,LADIES ETHNICKURTIKURTI SHORTPRINT 38_46FRESHWAYSIDEGEETAODP CUTNAVY200,L/97 cm,SPLADIES ETHNICKURTIKURTI SHORT,18,5,1000.00
SP,Manish Singh,LADIES ETHNIC,KURTI,KURTI SHORT,PRINT 38_46,FRESH,WAYSIDE,GEETA,ODP CUT,NAVY,200,LADIES ETHNICKURTIKURTI SHORTPRINT 38_46FRESHWAYSIDEGEETAODP CUTNAVY200,M/91 cm,SPLADIES ETHNICKURTIKURTI SHORT,18,2,400.00
SP,Manish Singh,LADIES ETHNIC,KURTI,KURTI SHORT,PRINT 38_46,FRESH,WAYSIDE,GEETA,ODP CUT,NAVY,200,LADIES ETHNICKURTIKURTI SHORTPRINT 38_46FRESHWAYSIDEGEETAODP CUTNAVY200,S/86 cm,SPLADIES ETHNICKURTIKURTI SHORT,18,2,400.00
SP,Manish Singh,LADIES ETHNIC,KURTI,KURTI SHORT,PRINT 38_46,FRESH,WAYSIDE,GEETA,ODP CUT,NAVY,200,LADIES ETHNICKURTIKURTI SHORTPRINT 38_46FRESHWAYSIDEGEETAODP CUTNAVY200,XL/1.02 m,SPLADIES ETHNICKURTIKURTI SHORT,18,1,200.00
SP,Manish Singh,LADIES ETHNIC,KURTI,KURTI SHORT,PRINT 38_46,FRESH,WAYSIDE,GEETA,ODP CUT,NAVY,250,LADIES ETHNICKURTIKURTI SHORTPRINT 38_46FRESHWAYSIDEGEETAODP CUTNAVY250,4XL/1.17 m,SPLADIES ETHNICKURTIKURTI SHORT,18,1,250.00
SP,Manish Singh,LADIES ETHNIC,KURTI,KURTI SHORT,PRINT 38_46,FRESH,WAYSIDE,GEETA,ODP CUT,NAVY,250,LADIES ETHNICKURTIKURTI SHORTPRINT 38_46FRESHWAYSIDEGEETAODP CUTNAVY250,5XL/1.21 m,SPLADIES ETHNICKURTIKURTI SHORT,18,2,500.00
SP,Manish Singh,LADIES ETHNIC,KURTI,KURTI SHORT,PRINT 38_46,FRESH,WAYSIDE,GEETA,ODP CUT,OLIVE,250,LADIES ETHNICKURTIKURTI SHORTPRINT 38_46FRESHWAYSIDEGEETAODP CUTOLIVE250,4XL/1.17 m,SPLADIES ETHNICKURTIKURTI SHORT,18,1,250.00
SP,Manish Singh,LADIES ETHNIC,KURTI,KURTI SHORT,PRINT 38_46,FRESH,WAYSIDE,GEETA,ODP CUT,PINK,200,LADIES ETHNICKURTIKURTI SHORTPRINT 38_46FRESHWAYSIDEGEETAODP CUTPINK200,2XL/1.07 m,SPLADIES ETHNICKURTIKURTI SHORT,18,11,2200.00
SP,Manish Singh,LADIES ETHNIC,KURTI,KURTI SHORT,PRINT 38_46,FRESH,WAYSIDE,GEETA,ODP CUT,PINK,200,LADIES ETHNICKURTIKURTI SHORTPRINT 38_46FRESHWAYSIDEGEETAODP CUTPINK200,3XL/1.12 m,SPLADIES ETHNICKURTIKURTI SHORT,18,6,1200.00
SP,Manish Singh,LADIES ETHNIC,KURTI,KURTI SHORT,PRINT 38_46,FRESH,WAYSIDE,GEETA,ODP CUT,PINK,200,LADIES ETHNICKURTIKURTI SHORTPRINT 38_46FRESHWAYSIDEGEETAODP CUTPINK200,L/97 cm,SPLADIES ETHNICKURTIKURTI SHORT,18,6,1200.00
SP,Manish Singh,LADIES ETHNIC,KURTI,KURTI SHORT,PRINT 38_46,FRESH,WAYSIDE,GEETA,ODP CUT,PINK,200,LADIES ETHNICKURTIKURTI SHORTPRINT 38_46FRESHWAYSIDEGEETAODP CUTPINK200,M/91 cm,SPLADIES ETHNICKURTIKURTI SHORT,18,4,800.00
SP,Manish Singh,LADIES ETHNIC,KURTI,KURTI SHORT,PRINT 38_46,FRESH,WAYSIDE,GEETA,ODP CUT,PINK,200,LADIES ETHNICKURTIKURTI SHORTPRINT 38_46FRESHWAYSIDEGEETAODP CUTPINK200,S/86 cm,SPLADIES ETHNICKURTIKURTI SHORT,18,2,400.00
SP,Manish Singh,LADIES ETHNIC,KURTI,KURTI SHORT,PRINT 38_46,FRESH,WAYSIDE,GEETA,ODP CUT,PINK,200,LADIES ETHNICKURTIKURTI SHORTPRINT 38_46FRESHWAYSIDEGEETAODP CUTPINK200,XL/1.02 m,SPLADIES ETHNICKURTIKURTI SHORT,18,8,1600.00
SP,Manish Singh,LADIES ETHNIC,KURTI,KURTI SHORT,PRINT 38_46,FRESH,WAYSIDE,GEETA,ODP CUT,WHITE,250,LADIES ETHNICKURTIKURTI SHORTPRINT 38_46FRESHWAYSIDEGEETAODP CUTWHITE250,5XL/1.21 m,SPLADIES ETHNICKURTIKURTI SHORT,18,2,500.00
TK,Sanjay Paul,LADIES ETHNIC,KURTI,KURTI SHORT,PRINT 38_46,FRESH,WAYSIDE,GEETA,ODP CUT,BROWN,200,LADIES ETHNICKURTIKURTI SHORTPRINT 38_46FRESHWAYSIDEGEETAODP CUTBROWN200,3XL/1.12 m,TKLADIES ETHNICKURTIKURTI SHORT,12,2,400.00
TK,Sanjay Paul,LADIES ETHNIC,KURTI,KURTI SHORT,PRINT 38_46,FRESH,WAYSIDE,GEETA,ODP CUT,BROWN,200,LADIES ETHNICKURTIKURTI SHORTPRINT 38_46FRESHWAYSIDEGEETAODP CUTBROWN200,M/91 cm,TKLADIES ETHNICKURTIKURTI SHORT,12,1,200.00
TK,Sanjay Paul,LADIES ETHNIC,KURTI,KURTI SHORT,PRINT 38_46,FRESH,WAYSIDE,GEETA,ODP CUT,GREEN,200,LADIES ETHNICKURTIKURTI SHORTPRINT 38_46FRESHWAYSIDEGEETAODP CUTGREEN200,2XL/1.07 m,TKLADIES ETHNICKURTIKURTI SHORT,12,2,400.00
TK,Sanjay Paul,LADIES ETHNIC,KURTI,KURTI SHORT,PRINT 38_46,FRESH,WAYSIDE,GEETA,ODP CUT,GREEN,200,LADIES ETHNICKURTIKURTI SHORTPRINT 38_46FRESHWAYSIDEGEETAODP CUTGREEN200,3XL/1.12 m,TKLADIES ETHNICKURTIKURTI SHORT,12,2,400.00
TK,Sanjay Paul,LADIES ETHNIC,KURTI,KURTI SHORT,PRINT 38_46,FRESH,WAYSIDE,GEETA,ODP CUT,GREEN,200,LADIES ETHNICKURTIKURTI SHORTPRINT 38_46FRESHWAYSIDEGEETAODP CUTGREEN200,L/97 cm,TKLADIES ETHNICKURTIKURTI SHORT,12,3,600.00
TK,Sanjay Paul,LADIES ETHNIC,KURTI,KURTI SHORT,PRINT 38_46,FRESH,WAYSIDE,GEETA,ODP CUT,GREEN,200,LADIES ETHNICKURTIKURTI SHORTPRINT 38_46FRESHWAYSIDEGEETAODP CUTGREEN200,M/91 cm,TKLADIES ETHNICKURTIKURTI SHORT,12,2,400.00
TK,Sanjay Paul,LADIES ETHNIC,KURTI,KURTI SHORT,PRINT 38_46,FRESH,WAYSIDE,GEETA,ODP CUT,GREEN,200,LADIES ETHNICKURTIKURTI SHORTPRINT 38_46FRESHWAYSIDEGEETAODP CUTGREEN200,XL/1.02 m,TKLADIES ETHNICKURTIKURTI SHORT,12,4,800.00
TK,Sanjay Paul,LADIES ETHNIC,KURTI,KURTI SHORT,PRINT 38_46,FRESH,WAYSIDE,GEETA,ODP CUT,GREY,200,LADIES ETHNICKURTIKURTI SHORTPRINT 38_46FRESHWAYSIDEGEETAODP CUTGREY200,2XL/1.07 m,TKLADIES ETHNICKURTIKURTI SHORT,12,4,800.00
TK,Sanjay Paul,LADIES ETHNIC,KURTI,KURTI SHORT,PRINT 38_46,FRESH,WAYSIDE,GEETA,ODP CUT,GREY,200,LADIES ETHNICKURTIKURTI SHORTPRINT 38_46FRESHWAYSIDEGEETAODP CUTGREY200,3XL/1.12 m,TKLADIES ETHNICKURTIKURTI SHORT,12,2,400.00
TK,Sanjay Paul,LADIES ETHNIC,KURTI,KURTI SHORT,PRINT 38_46,FRESH,WAYSIDE,GEETA,ODP CUT,GREY,200,LADIES ETHNICKURTIKURTI SHORTPRINT 38_46FRESHWAYSIDEGEETAODP CUTGREY200,L/97 cm,TKLADIES ETHNICKURTIKURTI SHORT,12,4,800.00
TK,Sanjay Paul,LADIES ETHNIC,KURTI,KURTI SHORT,PRINT 38_46,FRESH,WAYSIDE,GEETA,ODP CUT,GREY,200,LADIES ETHNICKURTIKURTI SHORTPRINT 38_46FRESHWAYSIDEGEETAODP CUTGREY200,M/91 cm,TKLADIES ETHNICKURTIKURTI SHORT,12,2,400.00
TK,Sanjay Paul,LADIES ETHNIC,KURTI,KURTI SHORT,PRINT 38_46,FRESH,WAYSIDE,GEETA,ODP CUT,GREY,200,LADIES ETHNICKURTIKURTI SHORTPRINT 38_46FRESHWAYSIDEGEETAODP CUTGREY200,XL/1.02 m,TKLADIES ETHNICKURTIKURTI SHORT,12,3,600.00
TK,Sanjay Paul,LADIES ETHNIC,KURTI,KURTI SHORT,PRINT 38_46,FRESH,WAYSIDE,GEETA,ODP CUT,MUSTARD,200,LADIES ETHNICKURTIKURTI SHORTPRINT 38_46FRESHWAYSIDEGEETAODP CUTMUSTARD200,2XL/1.07 m,TKLADIES ETHNICKURTIKURTI SHORT,12,2,400.00
TK,Sanjay Paul,LADIES ETHNIC,KURTI,KURTI SHORT,PRINT 38_46,FRESH,WAYSIDE,GEETA,ODP CUT,MUSTARD,200,LADIES ETHNICKURTIKURTI SHORTPRINT 38_46FRESHWAYSIDEGEETAODP CUTMUSTARD200,3XL/1.12 m,TKLADIES ETHNICKURTIKURTI SHORT,12,2,400.00
TK,Sanjay Paul,LADIES ETHNIC,KURTI,KURTI SHORT,PRINT 38_46,FRESH,WAYSIDE,GEETA,ODP CUT,MUSTARD,200,LADIES ETHNICKURTIKURTI SHORTPRINT 38_46FRESHWAYSIDEGEETAODP CUTMUSTARD200,L/97 cm,TKLADIES ETHNICKURTIKURTI SHORT,12,3,600.00
TK,Sanjay Paul,LADIES ETHNIC,KURTI,KURTI SHORT,PRINT 38_46,FRESH,WAYSIDE,GEETA,ODP CUT,MUSTARD,200,LADIES ETHNICKURTIKURTI SHORTPRINT 38_46FRESHWAYSIDEGEETAODP CUTMUSTARD200,M/91 cm,TKLADIES ETHNICKURTIKURTI SHORT,12,3,600.00
TK,Sanjay Paul,LADIES ETHNIC,KURTI,KURTI SHORT,PRINT 38_46,FRESH,WAYSIDE,GEETA,ODP CUT,MUSTARD,200,LADIES ETHNICKURTIKURTI SHORTPRINT 38_46FRESHWAYSIDEGEETAODP CUTMUSTARD200,S/86 cm,TKLADIES ETHNICKURTIKURTI SHORT,12,3,600.00
TK,Sanjay Paul,LADIES ETHNIC,KURTI,KURTI SHORT,PRINT 38_46,FRESH,WAYSIDE,GEETA,ODP CUT,MUSTARD,200,LADIES ETHNICKURTIKURTI SHORTPRINT 38_46FRESHWAYSIDEGEETAODP CUTMUSTARD200,XL/1.02 m,TKLADIES ETHNICKURTIKURTI SHORT,12,1,200.00
TK,Sanjay Paul,LADIES ETHNIC,KURTI,KURTI SHORT,PRINT 38_46,FRESH,WAYSIDE,GEETA,ODP CUT,NAVY,200,LADIES ETHNICKURTIKURTI SHORTPRINT 38_46FRESHWAYSIDEGEETAODP CUTNAVY200,2XL/1.07 m,TKLADIES ETHNICKURTIKURTI SHORT,12,1,200.00
TK,Sanjay Paul,LADIES ETHNIC,KURTI,KURTI SHORT,PRINT 38_46,FRESH,WAYSIDE,GEETA,ODP CUT,NAVY,200,LADIES ETHNICKURTIKURTI SHORTPRINT 38_46FRESHWAYSIDEGEETAODP CUTNAVY200,L/97 cm,TKLADIES ETHNICKURTIKURTI SHORT,12,4,800.00
TK,Sanjay Paul,LADIES ETHNIC,KURTI,KURTI SHORT,PRINT 38_46,FRESH,WAYSIDE,GEETA,ODP CUT,NAVY,200,LADIES ETHNICKURTIKURTI SHORTPRINT 38_46FRESHWAYSIDEGEETAODP CUTNAVY200,XL/1.02 m,TKLADIES ETHNICKURTIKURTI SHORT,12,2,400.00
TK,Sanjay Paul,LADIES ETHNIC,KURTI,KURTI SHORT,PRINT 38_46,FRESH,WAYSIDE,GEETA,ODP CUT,PINK,200,LADIES ETHNICKURTIKURTI SHORTPRINT 38_46FRESHWAYSIDEGEETAODP CUTPINK200,2XL/1.07 m,TKLADIES ETHNICKURTIKURTI SHORT,12,6,1200.00
TK,Sanjay Paul,LADIES ETHNIC,KURTI,KURTI SHORT,PRINT 38_46,FRESH,WAYSIDE,GEETA,ODP CUT,PINK,200,LADIES ETHNICKURTIKURTI SHORTPRINT 38_46FRESHWAYSIDEGEETAODP CUTPINK200,3XL/1.12 m,TKLADIES ETHNICKURTIKURTI SHORT,12,3,600.00
TK,Sanjay Paul,LADIES ETHNIC,KURTI,KURTI SHORT,PRINT 38_46,FRESH,WAYSIDE,GEETA,ODP CUT,PINK,200,LADIES ETHNICKURTIKURTI SHORTPRINT 38_46FRESHWAYSIDEGEETAODP CUTPINK200,L/97 cm,TKLADIES ETHNICKURTIKURTI SHORT,12,3,600.00
TK,Sanjay Paul,LADIES ETHNIC,KURTI,KURTI SHORT,PRINT 38_46,FRESH,WAYSIDE,GEETA,ODP CUT,PINK,200,LADIES ETHNICKURTIKURTI SHORTPRINT 38_46FRESHWAYSIDEGEETAODP CUTPINK200,M/91 cm,TKLADIES ETHNICKURTIKURTI SHORT,12,3,600.00
TK,Sanjay Paul,LADIES ETHNIC,KURTI,KURTI SHORT,PRINT 38_46,FRESH,WAYSIDE,GEETA,ODP CUT,PINK,200,LADIES ETHNICKURTIKURTI SHORTPRINT 38_46FRESHWAYSIDEGEETAODP CUTPINK200,S/86 cm,TKLADIES ETHNICKURTIKURTI SHORT,12,2,400.00
TK,Sanjay Paul,LADIES ETHNIC,KURTI,KURTI SHORT,PRINT 38_46,FRESH,WAYSIDE,GEETA,ODP CUT,PINK,200,LADIES ETHNICKURTIKURTI SHORTPRINT 38_46FRESHWAYSIDEGEETAODP CUTPINK200,XL/1.02 m,TKLADIES ETHNICKURTIKURTI SHORT,12,7,1400.00
TP,Sanjay Paul,LADIES ETHNIC,KURTI,KURTI SHORT,PRINT 38_46,FRESH,WAYSIDE,GEETA,ODP CUT,BLACK,200,LADIES ETHNICKURTIKURTI SHORTPRINT 38_46FRESHWAYSIDEGEETAODP CUTBLACK200,2XL/1.07 m,TPLADIES ETHNICKURTIKURTI SHORT,17,1,200.00
TP,Sanjay Paul,LADIES ETHNIC,KURTI,KURTI SHORT,PRINT 38_46,FRESH,WAYSIDE,GEETA,ODP CUT,BLACK,200,LADIES ETHNICKURTIKURTI SHORTPRINT 38_46FRESHWAYSIDEGEETAODP CUTBLACK200,3XL/1.12 m,TPLADIES ETHNICKURTIKURTI SHORT,17,1,200.00
TP,Sanjay Paul,LADIES ETHNIC,KURTI,KURTI SHORT,PRINT 38_46,FRESH,WAYSIDE,GEETA,ODP CUT,BLACK,200,LADIES ETHNICKURTIKURTI SHORTPRINT 38_46FRESHWAYSIDEGEETAODP CUTBLACK200,M/91 cm,TPLADIES ETHNICKURTIKURTI SHORT,17,3,600.00
TP,Sanjay Paul,LADIES ETHNIC,KURTI,KURTI SHORT,PRINT 38_46,FRESH,WAYSIDE,GEETA,ODP CUT,BROWN,200,LADIES ETHNICKURTIKURTI SHORTPRINT 38_46FRESHWAYSIDEGEETAODP CUTBROWN200,2XL/1.07 m,TPLADIES ETHNICKURTIKURTI SHORT,17,1,200.00
TP,Sanjay Paul,LADIES ETHNIC,KURTI,KURTI SHORT,PRINT 38_46,FRESH,WAYSIDE,GEETA,ODP CUT,BROWN,200,LADIES ETHNICKURTIKURTI SHORTPRINT 38_46FRESHWAYSIDEGEETAODP CUTBROWN200,3XL/1.12 m,TPLADIES ETHNICKURTIKURTI SHORT,17,2,400.00
TP,Sanjay Paul,LADIES ETHNIC,KURTI,KURTI SHORT,PRINT 38_46,FRESH,WAYSIDE,GEETA,ODP CUT,BROWN,200,LADIES ETHNICKURTIKURTI SHORTPRINT 38_46FRESHWAYSIDEGEETAODP CUTBROWN200,M/91 cm,TPLADIES ETHNICKURTIKURTI SHORT,17,2,400.00
TP,Sanjay Paul,LADIES ETHNIC,KURTI,KURTI SHORT,PRINT 38_46,FRESH,WAYSIDE,GEETA,ODP CUT,CORAL,200,LADIES ETHNICKURTIKURTI SHORTPRINT 38_46FRESHWAYSIDEGEETAODP CUTCORAL200,M/91 cm,TPLADIES ETHNICKURTIKURTI SHORT,17,1,200.00
TP,Sanjay Paul,LADIES ETHNIC,KURTI,KURTI SHORT,PRINT 38_46,FRESH,WAYSIDE,GEETA,ODP CUT,CORAL,200,LADIES ETHNICKURTIKURTI SHORTPRINT 38_46FRESHWAYSIDEGEETAODP CUTCORAL200,S/86 cm,TPLADIES ETHNICKURTIKURTI SHORT,17,2,400.00
TP,Sanjay Paul,LADIES ETHNIC,KURTI,KURTI SHORT,PRINT 38_46,FRESH,WAYSIDE,GEETA,ODP CUT,GREEN,200,LADIES ETHNICKURTIKURTI SHORTPRINT 38_46FRESHWAYSIDEGEETAODP CUTGREEN200,2XL/1.07 m,TPLADIES ETHNICKURTIKURTI SHORT,17,8,1600.00
TP,Sanjay Paul,LADIES ETHNIC,KURTI,KURTI SHORT,PRINT 38_46,FRESH,WAYSIDE,GEETA,ODP CUT,GREEN,200,LADIES ETHNICKURTIKURTI SHORTPRINT 38_46FRESHWAYSIDEGEETAODP CUTGREEN200,3XL/1.12 m,TPLADIES ETHNICKURTIKURTI SHORT,17,7,1400.00
TP,Sanjay Paul,LADIES ETHNIC,KURTI,KURTI SHORT,PRINT 38_46,FRESH,WAYSIDE,GEETA,ODP CUT,GREEN,200,LADIES ETHNICKURTIKURTI SHORTPRINT 38_46FRESHWAYSIDEGEETAODP CUTGREEN200,L/97 cm,TPLADIES ETHNICKURTIKURTI SHORT,17,4,800.00
TP,Sanjay Paul,LADIES ETHNIC,KURTI,KURTI SHORT,PRINT 38_46,FRESH,WAYSIDE,GEETA,ODP CUT,GREEN,200,LADIES ETHNICKURTIKURTI SHORTPRINT 38_46FRESHWAYSIDEGEETAODP CUTGREEN200,M/91 cm,TPLADIES ETHNICKURTIKURTI SHORT,17,2,400.00
TP,Sanjay Paul,LADIES ETHNIC,KURTI,KURTI SHORT,PRINT 38_46,FRESH,WAYSIDE,GEETA,ODP CUT,GREEN,200,LADIES ETHNICKURTIKURTI SHORTPRINT 38_46FRESHWAYSIDEGEETAODP CUTGREEN200,S/86 cm,TPLADIES ETHNICKURTIKURTI SHORT,17,2,400.00
TP,Sanjay Paul,LADIES ETHNIC,KURTI,KURTI SHORT,PRINT 38_46,FRESH,WAYSIDE,GEETA,ODP CUT,GREEN,200,LADIES ETHNICKURTIKURTI SHORTPRINT 38_46FRESHWAYSIDEGEETAODP CUTGREEN200,XL/1.02 m,TPLADIES ETHNICKURTIKURTI SHORT,17,5,1000.00
TP,Sanjay Paul,LADIES ETHNIC,KURTI,KURTI SHORT,PRINT 38_46,FRESH,WAYSIDE,GEETA,ODP CUT,GREY,200,LADIES ETHNICKURTIKURTI SHORTPRINT 38_46FRESHWAYSIDEGEETAODP CUTGREY200,2XL/1.07 m,TPLADIES ETHNICKURTIKURTI SHORT,17,3,600.00
TP,Sanjay Paul,LADIES ETHNIC,KURTI,KURTI SHORT,PRINT 38_46,FRESH,WAYSIDE,GEETA,ODP CUT,GREY,200,LADIES ETHNICKURTIKURTI SHORTPRINT 38_46FRESHWAYSIDEGEETAODP CUTGREY200,3XL/1.12 m,TPLADIES ETHNICKURTIKURTI SHORT,17,3,600.00
TP,Sanjay Paul,LADIES ETHNIC,KURTI,KURTI SHORT,PRINT 38_46,FRESH,WAYSIDE,GEETA,ODP CUT,GREY,200,LADIES ETHNICKURTIKURTI SHORTPRINT 38_46FRESHWAYSIDEGEETAODP CUTGREY200,L/97 cm,TPLADIES ETHNICKURTIKURTI SHORT,17,6,1200.00
TP,Sanjay Paul,LADIES ETHNIC,KURTI,KURTI SHORT,PRINT 38_46,FRESH,WAYSIDE,GEETA,ODP CUT,GREY,200,LADIES ETHNICKURTIKURTI SHORTPRINT 38_46FRESHWAYSIDEGEETAODP CUTGREY200,M/91 cm,TPLADIES ETHNICKURTIKURTI SHORT,17,4,800.00
TP,Sanjay Paul,LADIES ETHNIC,KURTI,KURTI SHORT,PRINT 38_46,FRESH,WAYSIDE,GEETA,ODP CUT,GREY,200,LADIES ETHNICKURTIKURTI SHORTPRINT 38_46FRESHWAYSIDEGEETAODP CUTGREY200,S/86 cm,TPLADIES ETHNICKURTIKURTI SHORT,17,4,800.00
TP,Sanjay Paul,LADIES ETHNIC,KURTI,KURTI SHORT,PRINT 38_46,FRESH,WAYSIDE,GEETA,ODP CUT,GREY,200,LADIES ETHNICKURTIKURTI SHORTPRINT 38_46FRESHWAYSIDEGEETAODP CUTGREY200,XL/1.02 m,TPLADIES ETHNICKURTIKURTI SHORT,17,6,1200.00
TP,Sanjay Paul,LADIES ETHNIC,KURTI,KURTI SHORT,PRINT 38_46,FRESH,WAYSIDE,GEETA,ODP CUT,MUSTARD,200,LADIES ETHNICKURTIKURTI SHORTPRINT 38_46FRESHWAYSIDEGEETAODP CUTMUSTARD200,2XL/1.07 m,TPLADIES ETHNICKURTIKURTI SHORT,17,4,800.00
TP,Sanjay Paul,LADIES ETHNIC,KURTI,KURTI SHORT,PRINT 38_46,FRESH,WAYSIDE,GEETA,ODP CUT,MUSTARD,200,LADIES ETHNICKURTIKURTI SHORTPRINT 38_46FRESHWAYSIDEGEETAODP CUTMUSTARD200,3XL/1.12 m,TPLADIES ETHNICKURTIKURTI SHORT,17,3,600.00
TP,Sanjay Paul,LADIES ETHNIC,KURTI,KURTI SHORT,PRINT 38_46,FRESH,WAYSIDE,GEETA,ODP CUT,MUSTARD,200,LADIES ETHNICKURTIKURTI SHORTPRINT 38_46FRESHWAYSIDEGEETAODP CUTMUSTARD200,L/97 cm,TPLADIES ETHNICKURTIKURTI SHORT,17,4,800.00
TP,Sanjay Paul,LADIES ETHNIC,KURTI,KURTI SHORT,PRINT 38_46,FRESH,WAYSIDE,GEETA,ODP CUT,MUSTARD,200,LADIES ETHNICKURTIKURTI SHORTPRINT 38_46FRESHWAYSIDEGEETAODP CUTMUSTARD200,M/91 cm,TPLADIES ETHNICKURTIKURTI SHORT,17,3,600.00
TP,Sanjay Paul,LADIES ETHNIC,KURTI,KURTI SHORT,PRINT 38_46,FRESH,WAYSIDE,GEETA,ODP CUT,MUSTARD,200,LADIES ETHNICKURTIKURTI SHORTPRINT 38_46FRESHWAYSIDEGEETAODP CUTMUSTARD200,S/86 cm,TPLADIES ETHNICKURTIKURTI SHORT,17,4,800.00
TP,Sanjay Paul,LADIES ETHNIC,KURTI,KURTI SHORT,PRINT 38_46,FRESH,WAYSIDE,GEETA,ODP CUT,MUSTARD,200,LADIES ETHNICKURTIKURTI SHORTPRINT 38_46FRESHWAYSIDEGEETAODP CUTMUSTARD200,XL/1.02 m,TPLADIES ETHNICKURTIKURTI SHORT,17,6,1200.00
TP,Sanjay Paul,LADIES ETHNIC,KURTI,KURTI SHORT,PRINT 38_46,FRESH,WAYSIDE,GEETA,ODP CUT,NAVY,200,LADIES ETHNICKURTIKURTI SHORTPRINT 38_46FRESHWAYSIDEGEETAODP CUTNAVY200,M/91 cm,TPLADIES ETHNICKURTIKURTI SHORT,17,1,200.00
TP,Sanjay Paul,LADIES ETHNIC,KURTI,KURTI SHORT,PRINT 38_46,FRESH,WAYSIDE,GEETA,ODP CUT,NAVY,200,LADIES ETHNICKURTIKURTI SHORTPRINT 38_46FRESHWAYSIDEGEETAODP CUTNAVY200,XL/1.02 m,TPLADIES ETHNICKURTIKURTI SHORT,17,1,200.00
TP,Sanjay Paul,LADIES ETHNIC,KURTI,KURTI SHORT,PRINT 38_46,FRESH,WAYSIDE,GEETA,ODP CUT,NAVY,250,LADIES ETHNICKURTIKURTI SHORTPRINT 38_46FRESHWAYSIDEGEETAODP CUTNAVY250,4XL/1.17 m,TPLADIES ETHNICKURTIKURTI SHORT,17,1,250.00
TP,Sanjay Paul,LADIES ETHNIC,KURTI,KURTI SHORT,PRINT 38_46,FRESH,WAYSIDE,GEETA,ODP CUT,NAVY,250,LADIES ETHNICKURTIKURTI SHORTPRINT 38_46FRESHWAYSIDEGEETAODP CUTNAVY250,5XL/1.21 m,TPLADIES ETHNICKURTIKURTI SHORT,17,1,250.00
TP,Sanjay Paul,LADIES ETHNIC,KURTI,KURTI SHORT,PRINT 38_46,FRESH,WAYSIDE,GEETA,ODP CUT,OLIVE,200,LADIES ETHNICKURTIKURTI SHORTPRINT 38_46FRESHWAYSIDEGEETAODP CUTOLIVE200,2XL/1.07 m,TPLADIES ETHNICKURTIKURTI SHORT,17,1,200.00
TP,Sanjay Paul,LADIES ETHNIC,KURTI,KURTI SHORT,PRINT 38_46,FRESH,WAYSIDE,GEETA,ODP CUT,OLIVE,250,LADIES ETHNICKURTIKURTI SHORTPRINT 38_46FRESHWAYSIDEGEETAODP CUTOLIVE250,4XL/1.17 m,TPLADIES ETHNICKURTIKURTI SHORT,17,1,250.00
TP,Sanjay Paul,LADIES ETHNIC,KURTI,KURTI SHORT,PRINT 38_46,FRESH,WAYSIDE,GEETA,ODP CUT,PINK,200,LADIES ETHNICKURTIKURTI SHORTPRINT 38_46FRESHWAYSIDEGEETAODP CUTPINK200,2XL/1.07 m,TPLADIES ETHNICKURTIKURTI SHORT,17,8,1600.00
TP,Sanjay Paul,LADIES ETHNIC,KURTI,KURTI SHORT,PRINT 38_46,FRESH,WAYSIDE,GEETA,ODP CUT,PINK,200,LADIES ETHNICKURTIKURTI SHORTPRINT 38_46FRESHWAYSIDEGEETAODP CUTPINK200,3XL/1.12 m,TPLADIES ETHNICKURTIKURTI SHORT,17,4,800.00
TP,Sanjay Paul,LADIES ETHNIC,KURTI,KURTI SHORT,PRINT 38_46,FRESH,WAYSIDE,GEETA,ODP CUT,PINK,200,LADIES ETHNICKURTIKURTI SHORTPRINT 38_46FRESHWAYSIDEGEETAODP CUTPINK200,L/97 cm,TPLADIES ETHNICKURTIKURTI SHORT,17,3,600.00
TP,Sanjay Paul,LADIES ETHNIC,KURTI,KURTI SHORT,PRINT 38_46,FRESH,WAYSIDE,GEETA,ODP CUT,PINK,200,LADIES ETHNICKURTIKURTI SHORTPRINT 38_46FRESHWAYSIDEGEETAODP CUTPINK200,M/91 cm,TPLADIES ETHNICKURTIKURTI SHORT,17,4,800.00
TP,Sanjay Paul,LADIES ETHNIC,KURTI,KURTI SHORT,PRINT 38_46,FRESH,WAYSIDE,GEETA,ODP CUT,PINK,200,LADIES ETHNICKURTIKURTI SHORTPRINT 38_46FRESHWAYSIDEGEETAODP CUTPINK200,S/86 cm,TPLADIES ETHNICKURTIKURTI SHORT,17,2,400.00
TP,Sanjay Paul,LADIES ETHNIC,KURTI,KURTI SHORT,PRINT 38_46,FRESH,WAYSIDE,GEETA,ODP CUT,PINK,200,LADIES ETHNICKURTIKURTI SHORTPRINT 38_46FRESHWAYSIDEGEETAODP CUTPINK200,XL/1.02 m,TPLADIES ETHNICKURTIKURTI SHORT,17,4,800.00
TP,Sanjay Paul,LADIES ETHNIC,KURTI,KURTI SHORT,PRINT 38_46,FRESH,WAYSIDE,GEETA,ODP CUT,RED,200,LADIES ETHNICKURTIKURTI SHORTPRINT 38_46FRESHWAYSIDEGEETAODP CUTRED200,2XL/1.07 m,TPLADIES ETHNICKURTIKURTI SHORT,17,1,200.00
TP,Sanjay Paul,LADIES ETHNIC,KURTI,KURTI SHORT,PRINT 38_46,FRESH,WAYSIDE,GEETA,ODP CUT,SEA GREEN,200,LADIES ETHNICKURTIKURTI SHORTPRINT 38_46FRESHWAYSIDEGEETAODP CUTSEA GREEN200,S/86 cm,TPLADIES ETHNICKURTIKURTI SHORT,17,2,400.00
TP,Sanjay Paul,LADIES ETHNIC,KURTI,KURTI SHORT,PRINT 38_46,FRESH,WAYSIDE,GEETA,ODP CUT,SEA GREEN,200,LADIES ETHNICKURTIKURTI SHORTPRINT 38_46FRESHWAYSIDEGEETAODP CUTSEA GREEN200,XL/1.02 m,TPLADIES ETHNICKURTIKURTI SHORT,17,2,400.00
,,,,,,,,,,,,,,,,,
